company,estimated_revenue_eur_million,city,sectors_active,website
2G ENERGY,238,Heek,"Industrial, Electric & Electronic Machinery",http://www.2-g.de
3M DEUTSCHLAND,2753,Neuss,"Chemicals, Petroleum, Rubber & Plastic",http://www.3mdeutschland.de
50HERTZ TRANSMISSION,10767,Berlin,Utilities,http://www.50hertz.com
7DAYS GROUP,481,Frankfurt,Information Services,http://www.7days-group.com
AAREON,254,Mainz,Business Services,http://www.aareon.de
ABB,3046,Mannheim,Business Services,http://www.abb.com/de
ABB AUTOMATION,652,Mannheim,Business Services,http://www.abb.de
ABBOTT HOLDING,3461,Wiesbaden,Business Services,http://www.abbott.de
ABBVIE DEUTSCHLAND,7303,Wiesbaden,"Chemicals, Petroleum, Rubber & Plastic",http://www.abbvie.de
ABEKING & RASMUSN SCHIFFS- UND YACHTWERFT,123,Lemwerder,Transport Manufacturing,http://www.abeking.com
BERGER HOLDING,290,Memmingen,Business Services,http://www.aberger.de
ABG FRANKFURT HOLDING WOHNUNGSBAU- UND BETEILIGUNGSGES.M.B.H.,577,Frankfurt,Property Services,http://www.abg-fh.de
ANHEUSER-BUSCH INBEV GERMANY HOLDING,885,Bremen,Business Services,http://www.ab-inbev.de
AB MANAGEMENT & BETEILIGUNGSGESELLSCHAFT,354,Freiburg,Business Services,http://www.abmb.de
ABO WIND,156,Wiesbaden,"Industrial, Electric & Electronic Machinery",http://www.abowind.com
ABUS GRUNDSTUECKSVERWALTUNG & CO. KOMMANDITGESELLSCHAFT,311,Gummersbach,Property Services,http://www.abus-kransysteme.de
ACCELL GERMANY,563,Sennfeld,Transport Manufacturing,http://www.accell-group.com
ACCENTRO REAL ESTATE,143,Berlin,Property Services,http://www.accentro.ag
ACCENTURE,2078,Kronberg,Business Services,http://www.accenture.de
ACCORINVEST GERMANY,1353,Muenchen,"Travel, Personal & Leisure",http://www.accorhotels.com
ACER COMPUTER,700,Ahrensburg,Wholesale,http://www.acer.de
ACO SEVERIN AHLMANN & CO KOMMANDITGESELLSCHAFT,781,Buedelsdorf,"Leather, Stone, Clay & Glass products",http://www.aco.com
ACTION DEUTSCHLAND,459,Duesseldorf,Retail,http://www.action.de
ADAC,1199,Muenchen,Business Services,http://www.adac.de
ADCAPITAL,160,Leinfelden-Echterdingen,"Industrial, Electric & Electronic Machinery",http://www.adcapital.de
ADCO UMWELTDIENSTE HOLDING,395,Ratingen,Business Services,http://www.adco.de
ADECCO GERMANY HOLDING SA,1621,Duesseldorf,Business Services,http://www.adecco.de
ADESSO,454,Dortmund,Business Services,http://www.adesso.de
ADIDAS,23840,Herzogenaurach,Textiles & Clothing Manufacturing,http://www.adidas-group.com
ADIENT GERMANY LTD.,2684,Burscheid,Business Services,http://www.adient.com
ADLER MODEMARKTE,500,Haibach,Retail,http://www.adler.de
ADLER REAL ESTATE,910,Hamburg,Property Services,http://www.adler-ag.de
ADM GERMANY,1633,Hamburg,Wholesale,http://www.adm.com
ADN-ADVANCED DIGITAL NETWORK DISTRIBUTION,457,Bochum,Wholesale,http://www.adn.de
ADVANTEST EUROPE,341,Muenchen,Wholesale,http://www.advantest.de
ADVA OPTICAL NETWORKING,561,Munchen,Communications,http://www.advaoptical.com
ADWEN,784,Bremerhaven,,http://www.adwenoffshore.com
AE GROUP,159,Gerstungen,Metals & Metal Products,http://www.ae-group.de
ADELHEID,431,Alzenau,Wholesale,http://www.aep-direkt.de
AEROLOGIC,562,Schkeuditz,"Transport, Freight & Storage",http://www.aerologic.aero
AERZEN HOLDING,419,Aerzen,Business Services,http://www.aerzen.com
AESCULAP,854,Tuttlingen,"Industrial, Electric & Electronic Machinery",http://www.aesculap.de
APLESION GEMEINNUETZIGE,1344,Frankfurt,"Public Administration, Education, Health Social Services",http://www.agaplesion.de
AGILITY LOGISTICS,287,Hamburg,"Transport, Freight & Storage",http://www.agilitylogistics.com
RAVIS RAIFFEIN,6910,Hannover,Wholesale,http://www.agravis.de
EHRHARDT,191,Hildburghausen,Wholesale,http://www.ah-ehrhardt.com
AHG AUTOHANDELSGESELLSCHAFT,757,Horb,Wholesale,http://www.ahg-mobile.de
AHLERS,204,Herford,Textiles & Clothing Manufacturing,http://www.ahlers-ag.com
BIERVERLAG PETERKE AHLERS BETEILIGUNGS-,371,Achim,Wholesale,http://www.ahlersgetraenke.de
AHT COOLING SYSTEMS NL DEUTSCHLAND,448,Traunstein,"Industrial, Electric & Electronic Machinery",http://www.aht.at
AIRBUS OPERATIONS,12668,Hamburg,Transport Manufacturing,http://www.airbus.com
ARIANEGROUP,376,Taufkirchen,Biotechnology and Life Sciences,http://www.airbusafran-launchers.com
AIRBUS DEFENCE AND SPACE,3961,Taufkirchen,Metals & Metal Products,http://www.airbusdefenceandspace.com
AIRBUS HELICOPTERS DEUTSCHLAND,2438,Donauwoerth,Transport Manufacturing,http://www.airbushelicopters.com
AIR LIQUIDE INDUSTRIEGASE,1753,Duesseldorf,"Chemicals, Petroleum, Rubber & Plastic",http://www.airliquide.de
AIXTRON,270,Herzogenrath,"Industrial, Electric & Electronic Machinery",http://www.aixtron.com
AKZO NOBEL,1351,Dueren,Business Services,http://www.akzonobel.de
ALBA SERVICES HOLDING,774,Berlin,Business Services,http://www.alba.com
ALBA GROUP PLC,1716,Berlin,Business Services,http://www.albagroup.de
ALBA,335,Koln,Waste Management & Treatment,http://www.alba-se.com
ALBEMARLE GERMANY,468,Frankfurt,,http://www.albemarle-lithium.com
ALBERTINEN DIAKONIEWERK G,320,Hamburg,"Public Administration, Education, Health Social Services",http://www.albertinen.de
ALB FILS KLINIKEN,367,Goeppingen,"Public Administration, Education, Health Social Services",http://www.alb-fils-kliniken.de
ARCONIC EXTRUSIONS HANNOVER,326,Hannover,Business Services,http://www.alcoa.com/germany
ALDI,678,Langenfeld,Retail,http://www.aldi.de
ALDI & CO. KOMMANDITGESELLSCHAFT,498,Herten,Retail,http://www.aldi-nord.de
ALDI KOMMANDITGELLSCHAFT,673,Ebersberg,Wholesale,http://www.aldi-sued.de
ALDOCARS,494,Hannover,Wholesale,http://www.aldocars.de
ALERIS ROLLED PRODUCTS GERMANY,818,Koblenz,Wholesale,http://www.aleris.com
ALEXANDER BUERKLE,333,Freiburg,Wholesale,http://www.alexander-buerkle.de
ALEXIANER,1014,Muenster,"Public Administration, Education, Health Social Services",http://www.alexianer.de
ALEXION PHARMA GERMANY,312,Muenchen,Wholesale,http://www.alexion.com
ALFMEIER PRAEZISION,237,Treuchtlingen,Transport Manufacturing,http://www.alfmeier.de
AL-KO KOBER,523,Koetz,Business Services,http://www.al-ko.de
ALL4LABELS GROUP,401,Witzhave,Business Services,http://www.all4labels.com
ALLFINANZ DEUTSCHE VERMOEGENSBERATUNG,203,Frankfurt,"Banking, Insurance & Financial Services",http://www.allfinanz-dvag.com
ALL FOR ONE GROUP,351,Filderstadt-Bernhausen,Business Services,http://www.all-for-one.com
ALLGAIER WERKE,481,Uhingen,Business Services,http://www.allgaier-group.com
ALLGEIER,795,Munchen,Business Services,http://www.allgeier.com
ALLGEMEINE GOLD UND SILBERSCHEIDEANSTALT,794,Pforzheim,Mining & Extraction,http://www.allgemeine-gold.de
ALLGUTH,289,Graefelfing,Retail,http://www.allguth.de
ALLIANZ,82904,Munchen,"Banking, Insurance & Financial Services",http://www.allianz.com
ALLIANZ GLOBAL INVESTORS,2531,Frankfurt,,http://www.allianzglobalinvestors.de
MARELLI AUTOMOTIVE LIGHTING REUTLINGEN (GERMANY),875,Reutlingen,"Industrial, Electric & Electronic Machinery",http://www.al-lighting.com
ALLTOURS FLUGREISEN,1491,Duesseldorf,"Travel, Personal & Leisure",http://www.alltours.de
ALMIL,187,Bad Homburg,Wholesale,http://www.almil.de
ALNATURA BETEILIGUNGS,852,Darmstadt,Business Services,http://www.alnatura.de
ALPHABET FUHRPARKMANAGEMENT,2117,Muenchen,"Banking, Insurance & Financial Services",http://www.alphabet.de
ALPINE ELECTRONICS (EUROPE),886,Unterschleissheim,Wholesale,http://www.alpine.com
ALPINE ELECTRONICS,883,Unterschleissheim,Computer Software,http://www.alpine.de
ALPS ALPINE EUROPE,683,Unterschleissheim,Wholesale,http://www.alps-europe.com
ALSO DEUTSCHLAND,3855,Soest,Wholesale,http://www.also.com
ALSTOM TRANSPORT DEUTSCHLAND,777,Salzgitter,Transport Manufacturing,http://www.alstom.com
GE GRID,481,Frankfurt,"Industrial, Electric & Electronic Machinery",http://www.alstom.de
ALSTRIA OFFICE REIT-,229,Hamburg,Property Services,http://www.alstria.de
ALTANA,2364,Wesel,"Chemicals, Petroleum, Rubber & Plastic",http://www.altana.com
ALTE LEIPZIGER VERSICHERUNG,374,Oberursel,"Banking, Insurance & Financial Services",http://www.alte-leipziger.de
"ALTENLOH, BRINCK & CO.",335,Ennepetal,Business Services,http://www.altenloh.com
ALUMINIUM NORF GESELLSCHAFT MIT BESCHRAENKTER,450,Neuss,Metals & Metal Products,http://www.alunorf.de
ALUPLAST HOLDING,352,Ettlingen,"Banking, Insurance & Financial Services",http://www.aluplast.net
ALZCHEM GROUP,378,Trostberg,"Industrial, Electric & Electronic Machinery",http://www.alzchem.com
AMADEUS DATA PROCESSING,519,Erding,Computer Software,http://www.amadeus.com
AMADEUS FIRE,233,Frankfurt,Business Services,http://www.amadeus-fire.de
AMAZON ONLINE GERMANY,854,Muenchen,Computer Software,http://www.amazon.de
AMAZONEN-WERKE H.DREYER &CO.KG,534,Hasbergen,"Industrial, Electric & Electronic Machinery",http://www.amazone.de
AMCOR FLEXIBLES SINGEN,530,Singen,Metals & Metal Products,http://www.amcor.com
AMGEN,672,Muenchen,Wholesale,http://www.amgen.de
AMPRION,14157,Dortmund,Utilities,http://www.amprion.net
ANDRITZ DEUTSCHLAND BETEILIGUNGS,690,Krefeld,Business Services,http://www.andritz.com
ANTALIS,298,Frechen,Wholesale,http://www.antalis.de
APERAM STAINLESS SERVICES & SOLUTIONS GERMANY,658,Haan,Wholesale,http://www.aperam.com/germany
APETITO,716,Rheine,Food & Tobacco Manufacturing,http://www.apetito.de
API COMPUTER HANDELS GESELLSCHAFT,936,Baesweiler,Wholesale,http://www.api.de
APLEONA GROUP,1898,Neu-Isenburg,Business Services,http://www.apleona.com
APPLE RETAIL GERMANY B.V.,641,Frankfurt,Retail,http://www.apple.com
APTIV SERVICES DEUTSCHLAND,1428,Wuppertal,Transport Manufacturing,http://www.aptiv.com
AR HOLDING,1685,Dusseldorf,"Banking, Insurance & Financial Services",http://www.arag.com
ARAMARK HOLDING DEUTSCHLAND,571,Neu-Isenburg,Business Services,http://www.aramark.de
ARCELORMITTAL BREMEN,3070,Bremen,Metals & Metal Products,http://www.arcelormittal.com/bremen
ARCELORMITTAL STAHLHANDEL,502,Koeln,Business Services,http://www.arcelormittal-distribution.com
ARCELORMITTAL EISENHUETTENSTADT,1483,Eisenhuettenstadt,Metals & Metal Products,http://www.arcelormittal-ehst.com
ARCELORMITTAL HAMBURG,537,Hamburg,Metals & Metal Products,http://www.arcelormittalhamburg.de
ARDAGH GLASS,986,Nienburg,"Leather, Stone, Clay & Glass products",http://www.ardaghgroup.com
AREVA,1966,Erlangen,Business Services,http://www.areva.com
ARLA FOODS DEUTSCHLAND,1751,Duesseldorf,Food & Tobacco Manufacturing,http://www.arlafoods.de
ARLANXEO DEUTSCHLAND,483,Dormagen,,http://www.arlanxeo.de
ARROW ECS,674,Muenchen,Wholesale,http://www.arrowecs.com
ARROW CENTRAL EUROPE,4349,Neu-Isenburg,Wholesale,http://www.arroweurope.com
ARS ALTMANN,401,Wolnzach,"Transport, Freight & Storage",http://www.ars-altmann.de
ARTEMED,392,Tutzing,"Banking, Insurance & Financial Services",http://www.artemed.de
AS24 TANKSERVICE,321,Berlin,Wholesale,http://www.as24.com
A. SCHULMAN,478,Kerpen,Wholesale,http://www.aschulman.com
A.S.CREATION TAPETEN,142,Gummersbach-Derschlag,"Wood, Furniture & Paper Manufacturing",http://www.as-creation.de
ASK CHEMICALS INTERNATIONAL HOLDING,620,Hilden,Business Services,http://www.ask-chemicals.com
BROERMANN HOLDING,3727,Koenigstein,Business Services,http://www.asklepios.com
ASTORA,310,Kassel,Utilities,http://www.astora.de
ASTRAZENECA,645,Wedel,"Chemicals, Petroleum, Rubber & Plastic",http://www.astrazeneca.de
AUGUST TOEPFER & CO. ( & CO.) KG,366,Hamburg,Wholesale,http://www.atco.de
ATLAS ELEKTRONIK,449,Bremen,"Industrial, Electric & Electronic Machinery",http://www.atlas.de
ATLAS COPCO DEUTSCHLAND,456,Essen,Business Services,http://www.atlascopco.com
ATON,2730,Muenchen,Business Services,http://www.aton.de
ATOTECH DEUTSCHLAND,423,Berlin,"Industrial, Electric & Electronic Machinery",http://www.atotech.com
ATR BETEILIGUNGSGESELLSCHAFT,743,Ratzeburg,Business Services,http://www.atr-landhandel.de
CHRISTOPHORUS HOLDING,1048,Weiden,Business Services,http://www.atu.de
AUDI,57652,Ingolstadt,Automotive,http://www.audi.de
AUTO-HOLDING DRESDEN,313,Dresden,Wholesale,http://www.audi-zentrum-dresden.de
ALLGAEUER UEBERLANDWERK BETEILIGUNGS- U. DIENSTLEISTUNGSGES. & CO.,304,Kempten,Business Services,http://www.auew.de
AUGUST PRIEN VERWALTUNG,321,Hamburg,Business Services,http://www.augprien.de
AUGUSTINUM GEMEINNUETZIGE,398,Muenchen,"Public Administration, Education, Health Social Services",http://www.augustinum.de
AUKTION & MARKT,1358,Wiesbaden,Business Services,http://www.auktion-markt.de
AUMA RIESTER,387,Muellheim,Metals & Metal Products,http://www.auma.com
AUMANN,262,Beelen,"Industrial, Electric & Electronic Machinery",http://www.aumann-ag.com
AURELIUS EQUITY OPPORTUNITIES,3334,Grunwald,Business Services,http://www.aureliusinvest.de
AURUBIS,10490,Hamburg,Mining & Extraction,http://www.aurubis.com
AURUBIS STOLBERG,307,Stolberg,Metals & Metal Products,http://www.aurubis-stolberg.com
AUTANIA FUER INDUSTRIEBETEILIGUNGEN,229,Kelkheim,Business Services,http://www.autania.de
AUTODOC,423,Berlin,Wholesale,http://www.autodoc.de
CARL JUERGENS & CO.KG,286,Hagen,Property Services,http://www.autohaus-juergens.de
AUTOHAUS WOLFSBURG HOTZ UND HEITMANN,451,Wolfsburg,Wholesale,http://www.autohaus-wolfsburg.de
DAT AUTOHUS,205,Gyhum,Wholesale,http://www.autohus.de
AUTO-KABEL VERWALTUNGSGESELLSCHAFT,357,Hausen,Business Services,http://www.autokabel.com
AUTOLIV B.V.,862,Elmshorn,Transport Manufacturing,http://www.autoliv.com
FONDIUM SINGEN,293,Singen,Wholesale,http://www.automotive.georgfischer.com
EGON NGER GROUP,445,Rheine,Property Services,http://www.auto-senger.de
AUTO WICHERT,362,Hamburg,Wholesale,http://www.auto-wichert.de
AVACON NETZ,3218,Helmstedt,Utilities,http://www.avacon-netz.de
AV HOLDING,2342,Augsburg,Business Services,http://www.avag.eu
AVANGARD MALZ,150,Gelsenkirchen,Food & Tobacco Manufacturing,http://www.avangard-malz.de
AVECO HOLDING,2231,Frankfurt,Business Services,http://www.aveco.de
ALBTAL-VERKEHRS-GESELLSCHAFT,290,Karlsruhe,"Transport, Freight & Storage",http://www.avg.info
AVIA,2962,Muenchen,Wholesale,http://www.avia.de
A. F. BAUER,304,Regenstauf,Retail,http://www.avia-regenstauf.de
AVIAREPS,150,Muenchen,"Travel, Personal & Leisure",http://www.aviareps.com
AVIS AUTOVERMIETUNG BETEILIGUNGSGESELLSCHAFT,852,Oberursel,Business Services,http://www.avis.de
AVISTA OIL,227,Uetze,Business Services,http://www.avista-oil.com
AVL DEUTSCHLAND,330,Mainz-Kastel,"Industrial, Electric & Electronic Machinery",http://www.avl.com
AVP AUTOMOBILGRUPPE BETEILIGUNGS,375,Plattling,Business Services,http://www.avp-gruppe.de
AVU FUER VERSORGUNGS-UNTERNEHMEN,512,Gevelsberg,Utilities,http://www.avu.de
AWIN,326,Berlin,Business Services,http://www.awin.com
ALUMINIUM-WERKE WUTOESCHINGEN,180,Wutoeschingen,Metals & Metal Products,http://www.aww.de
AXALTA COATING SYSTEMS GERMANY,1060,Wuppertal,"Chemicals, Petroleum, Rubber & Plastic",http://www.axaltacs.com
AXEL SPRINGER,3219,Berlin,Printing & Publishing,http://www.axelspringer.de
AXPO DEUTSCHLAND,287,Leipzig,Business Services,http://www.axpo.com
ABSATZZENTRALE KEMPEN GESELLSCHAFT MIT BESCHRAENKTER,816,Kempen,Wholesale,http://www.az-kempen.com
KARL BACHL FERTIGBAU,443,Roehrnbach,Business Services,http://www.bachl.de
BADENOVA,1050,Freiburg,Utilities,http://www.badenova.de
BNNETZE,343,Freiburg,Utilities,http://www.badenovanetz.de
BRUNO BADER + CO KG,521,Pforzheim,Wholesale,http://www.bader.de
BAERLOCHER,409,Unterschleissheim,"Chemicals, Petroleum, Rubber & Plastic",http://www.baerlocher.com
BAHLSEN,570,Hannover,Food & Tobacco Manufacturing,http://www.bahlsen.com
DB BAHNBAU GRUPPE,650,Berlin,,http://www.bahnbaugruppe.com
DB STATION&RVICE,1564,Berlin,"Transport, Freight & Storage",http://www.bahnhof.de
BAVARIA INDUSTRIES GROUP,146,Munchen,"Industrial, Electric & Electronic Machinery",http://www.baikap.de
BAKER HUGHES INTEQ,594,Celle,Metals & Metal Products,http://www.bakerhughes.de
BALLUFF,392,Neuhausen,"Industrial, Electric & Electronic Machinery",http://www.balluff.com
BAM DEUTSCHLAND,297,Stuttgart,Construction,http://www.bam-deutschland.de
BAOSTEEL EUROPE,648,Muenchen,Wholesale,http://www.baosteel.eu
BARDUSCH BETEILIGUNGEN,326,Ettlingen,Business Services,http://www.bardusch.de
BARMHERZIGE BRUEDER GEMEINNUETZIGE TRAEGER,721,Muenchen,"Travel, Personal & Leisure",http://www.barmherzige.de
BARMHERZIGE BRUEDER TRIER G,909,Koblenz,"Travel, Personal & Leisure",http://www.barmherzige-brueder-trier.de
BARMHERZIGE BRUEDER GEMEINNUETZIGE KRANKENHAUS,443,Regensburg,"Public Administration, Education, Health Social Services",http://www.barmherzige-regensburg.de
BARRY CALLEBAUT COCOA GERMANY,322,Hamburg,Food & Tobacco Manufacturing,http://www.barry-callebaut.com
BASELL POLYOLEFINE,4260,Wesseling,"Chemicals, Petroleum, Rubber & Plastic",http://www.basell-wesseling.de
BASF,60512,Ludwigshafen Am Rhein,"Chemicals, Petroleum, Rubber & Plastic",http://www.basf.com
BASIC LEBENSMITTELHANDEL,134,Muenchen,Retail,http://www.basic-ag.de
BASLER,162,Ahrensburg,"Industrial, Electric & Electronic Machinery",http://www.baslerweb.com
BRITISH AMERICAN TOBACCO (GERMANY),1265,Hamburg,Food & Tobacco Manufacturing,http://www.bat.de
BAUER,1490,Schrobenhausen,"Industrial, Electric & Electronic Machinery",http://www.bauer.de
BAUERFEIND,241,Zeulenroda-Triebes,Wholesale,http://www.bauerfeind.com
J. BAUER,720,Wasserburg,Business Services,http://www.bauer-gruppe.de
BAUERNGUT FLEISCH- UND WURSTWAREN,562,Minden,Food & Tobacco Manufacturing,http://www.bauerngut.de
BAUER-WALR,155,Keltern,Mining & Extraction,http://www.bauer-walser.net
BAUKING,1042,Iserlohn,Business Services,http://www.bauking.de
BAUKNECHT HAUSGERAETE,341,Stuttgart,"Industrial, Electric & Electronic Machinery",http://www.bauknecht.de
BAUM HOLDING,287,Hannover,Business Services,http://www.baum-gruppe.com
BAUSTAHLGEWEBE SERVICES,1199,Eberbach,Metals & Metal Products,http://www.baustahlgewebe.com
BAUVEREIN,135,Darmstadt,Property Services,http://www.bauvereinag.de
BAUWERT,161,Bad Koetzting,,http://www.bauwert.de
BAVARIA FILM,290,Gruenwald,Media & Broadcasting,http://www.bavaria-film.de
BAXTER ONCOLOGY,430,Halle,"Chemicals, Petroleum, Rubber & Plastic",http://www.baxter-oncology.com
BAYER,48547,Leverkusen,"Chemicals, Petroleum, Rubber & Plastic",http://www.bayer.com
BAYERNGAS,3774,Muenchen,Utilities,http://www.bayerngas.de
BAYERNGAS ENERGY,3669,Muenchen,Wholesale,http://www.bayerngas-vertrieb.de
BAYERNOIL RAFFINERIEGESELLSCHAFT,464,Vohburg,"Chemicals, Petroleum, Rubber & Plastic",http://www.bayernoil.de
BAYWA,17173,Munchen,Wholesale,http://www.baywa.de
BAYWA AGRARHANDEL,329,Nienburg,Wholesale,http://www.baywa-agrarhandel.de
BBC CHARTERING CARRIERS,771,Leer,"Transport, Freight & Storage",http://www.bbc-chartering.com
B. BRAUN MELSUNGEN,7324,Melsungen,"Chemicals, Petroleum, Rubber & Plastic",http://www.bbraun.de
BAYERISCHE BEAMTEN VERSICHERUNG,138,Munchen,"Banking, Insurance & Financial Services",http://www.bbv.de
BIELEFELDER BETEILIGUNGS- UND VERMOEGENSVERWALTUNGSGESELLSCHAFT,784,Bielefeld,Business Services,http://www.bbvg-bielefeld.de
BETRIEBS-CENTER FUER BANKEN,222,Frankfurt,Business Services,http://www.bcb-ag.de
BCG,1540,Muenchen,Business Services,http://www.bcg.de
BECTON DICKINSON GESELLSCHAFT MIT BESCHRAENKTER,295,Heidelberg,Wholesale,http://www.bd.com/de
BDO WIRTSCHAFTSPRUEFUNGSGELLSCHAFT,209,Hamburg,Business Services,http://www.bdo.de
BEARINGPOINT,310,Frankfurt,Business Services,http://www.bearingpoint.de
BEB ERDGAS UND ERDOEL,543,Hannover,Business Services,http://www.beb.de
BECHTLE,5403,Neckarsulm,Computer Software,http://www.bechtle.com
BECKER HOLDING,153,Friedrichsthal,Business Services,http://www.becker-mining.com
BECKHOFF AUTOMATION,743,Verl,"Industrial, Electric & Electronic Machinery",http://www.beckhoff.de
BEHR,271,Seevetal,Wholesale,http://www.behr-ag.com
BEIERSDORF,7818,Hamburg,"Chemicals, Petroleum, Rubber & Plastic",http://www.beiersdorf.com
BEISELEN,1093,Ulm,Wholesale,http://www.beiselen.de
BEL DEUTSCHLAND,291,Grasbrunn,Food & Tobacco Manufacturing,http://www.bel-deutschland.de
BELFOR DEUTSCHLAND,874,Duisburg,Business Services,http://www.belfor.de
BELL DEUTSCHLAND,432,Seevetal,Food & Tobacco Manufacturing,http://www.bell.ch
BELRON,350,Koeln,Business Services,http://www.belron.com
BENTELER AUTOMOBILTECHNIK,1436,Paderborn,Transport Manufacturing,http://www.benteler.com
BENTELER STEEL/TUBE,1080,Paderborn,Metals & Metal Products,http://www.benteler-steeltube.com/de
BERENTZEN-GRUPPE,171,Haselunne,Food & Tobacco Manufacturing,http://www.berentzen-gruppe.de
BERESA,341,Muenster,Wholesale,http://www.beresa.de
BERGER HOLDING,597,Passau,Business Services,http://www.bergerholding.eu
FLUGHAFEN BERLIN BRANDENBURG,451,Schoenefeld,"Transport, Freight & Storage",http://www.berlin-airport.de
BERLIN-CHEMIE,1289,Berlin,"Chemicals, Petroleum, Rubber & Plastic",http://www.berlin-chemie.de
BERLIN HYP,336,Berlin,"Banking, Insurance & Financial Services",http://www.berlinhyp.de
BERLINOVO IMMOBILIEN GESELLSCHAFT,495,Berlin,Business Services,http://www.berlinovo.de
BERNER,1091,Kuenzelsau,Business Services,http://www.berner-group.com
F. H. BERTLING LOGISTICS HOLDING,323,Hamburg,Business Services,http://www.bertling.com
BERTRANDT,1032,Ehningen,Business Services,http://www.bertrandt.com
BERZELIUS STOLBERG,407,Stolberg,,http://www.berzelius.de
BESTSELLER TEXTILHANDELS,588,Hamburg,Wholesale,http://www.bestseller.com
BET-AT-HOME.COM,143,Dusseldorf,"Travel, Personal & Leisure",http://www.bet-at-home.ag
BETZ BETEILIGUNGSGESELLSCHAFT,375,Buchholz,Business Services,http://www.betz-holding.com
BEUMER GROUP,920,Beckum,Business Services,http://www.beumergroup.de
BEURER,284,Ulm,"Industrial, Electric & Electronic Machinery",http://www.beurer.de
BEV BAYERISCHE ENERGIEVERSORGUNGSGESELLSCHAFT,298,Muenchen,Utilities,http://www.bev-energie.de
BFL LEASING,339,Eschborn,Business Services,http://www.bfl-leasing.de
BUNDES-GESELLSCHAFT FUER ENDLAGERUNG (BGE),381,Peine,Waste Management & Treatment,http://www.bge.de
BGH EDELSTAHLWERKE,591,Freital,Metals & Metal Products,http://www.bgh.de
BG KLINIKEN - KLINIKVERBUND DER GESETZLICHEN UNFALLVERSICHERUNG G,1578,Berlin,"Public Administration, Education, Health Social Services",http://www.bg-kliniken.de
BETEILIGUNGSHOLDING HANAU,370,Hanau,Property Services,http://www.bhg-hanau.de
BHS CORRUGATED MASCHINEN- UND ANLAGENBAU,433,Weiherhammer,,http://www.bhs-corrugated.de
BHS TABLETOP,123,Selb,"Leather, Stone, Clay & Glass products",http://www.bhs-tabletop.de
BEHR-HELLA THERMOCONTROL,522,Stuttgart,Transport Manufacturing,http://www.bhtc.com
BICKHARDT BAU,329,Kirchheim,Construction,http://www.bickhardt-bau.de
BIESTERFELD,1260,Hamburg,Business Services,http://www.biesterfeld.com
BIESTERFELD PLASTIC,287,Hamburg,"Chemicals, Petroleum, Rubber & Plastic",http://www.biesterfeld-plastic.com
BIG DUTCHMAN,1015,Vechta,Business Services,http://www.bigdutchman.de
BIGX-TRA TOURISTIK,383,Muenchen,"Travel, Personal & Leisure",http://www.bigxtra-reise.de
BIJOU BRIGITTE MODISCHE ACCESSOIRES,339,Hamburg,Miscellaneous Manufacturing,http://www.bijou-brigitte.com
BILFINGER,4368,Mannheim,Construction,http://www.bilfinger.com
BILSTEIN,506,Hagen,Metals & Metal Products,http://www.bilstein-kaltband.de
BIONORICA,358,Neumarkt,"Chemicals, Petroleum, Rubber & Plastic",http://www.bionorica.de
BIONTECH,142,Mainz,Biotechnology and Life Sciences,http://www.biontech.de
BIOTEST,432,Dreieich,"Chemicals, Petroleum, Rubber & Plastic",http://www.biotest.de
BIOTRONIK,806,Berlin,"Industrial, Electric & Electronic Machinery",http://www.biotronik.de
BIRKENSTOCK,683,Linz,Business Services,http://www.birkenstock.com
TH. SIMON VERWALTUNGS,1433,Bitburg,Business Services,http://www.bitburger-braugruppe.de
BITMARCK HOLDING,320,Essen,Business Services,http://www.bitmarck.de
BITZER,767,Sindelfingen,Business Services,http://www.bitzer.de
BIZERBA,708,Balingen,"Industrial, Electric & Electronic Machinery",http://www.bizerba.de
BLEKER-GRUPPE,308,Borken,Property Services,http://www.bleker.org
BREMER LERHAUS-GELLSCHAFT - VON 1877,1194,Bremen,"Transport, Freight & Storage",http://www.blg-logistics.com
EUGEN BLOCK HOLDING,316,Hamburg,Business Services,http://www.block-gruppe.de
BLUE CAP,188,Munchen,"Banking, Insurance & Financial Services",http://www.blue-cap.de
BRISTOL-MYERS SQUIBB AA,1260,Muenchen,"Chemicals, Petroleum, Rubber & Plastic",http://www.b-ms.de
BMTS TECHNOLOGY,424,Stuttgart,"Industrial, Electric & Electronic Machinery",http://www.bmts-technology.com
FORTUNA FAMILIEN,1105,Berlin,Wholesale,http://www.bmvmineraloel.de
BMW BANK,4723,Muenchen,"Banking, Insurance & Financial Services",http://www.bmwbank.de
BMW,105033,Muenchen,Automotive,http://www.bmwgroup.com
PROCAR AUTOMOBILE FINANZ-HOLDING,531,Velbert,Business Services,http://www.bmw-procar.de
WALKENHORST - HOLDING,181,Melle,Business Services,http://www.bmw-walkenhorst.de
BMZ HOLDING,428,Karlstein,Business Services,http://www.bmz-.de
BOEHRINGER INGELHEIM INTERNATIONAL,8635,Ingelheim,Wholesale,http://www.boehringer-ingelheim.com
BOEHRINGER INGELHEIM CORPORATE CENTER,1074,Ingelheim,Property Services,http://www.boehringer-ingelheim.de
WILHELM BOELLHOFF,678,Bielefeld,Business Services,http://www.boellhoff.com
BOFROST* DIENSTLEISTUNGS,509,Straelen,Business Services,http://www.bofrost.de
CRRC NEW MATERIAL TECHNOLOGIES,857,Damme,Business Services,http://www.boge-rubber-plastics.com
BOCHUM-GELNKIRCHENER STRASNBAHNEN,156,Bochum,"Transport, Freight & Storage",http://www.bogestra.de
BOHNENKAMP-VERWALTUNGS-GESELLSCHAFT MIT BESCHRAENKTER,369,Osnabrueck,Business Services,http://www.bohnenkamp.de
FAYAT BOMAG & CO.,713,Boppard,Business Services,http://www.bomag.com
BOMBARDIER TRANSPORTATION,2758,Berlin,Transport Manufacturing,http://www.bombardier.de
BONAVA DEUTSCHLAND,521,Fuerstenwalde,Construction,http://www.bonava.de
BORBET,1251,Hallenberg,Metals & Metal Products,http://www.borbet.de
BORCO BETEILIGUNGS- UND VERWALTUNGS,306,Hamburg,Business Services,http://www.borco.com
BORGERS,935,Bocholt,Business Services,http://www.borgers-group.com
BORGWARNER EUROPE,3255,Ketsch,Business Services,http://www.borgwarner.com
BORUSSIA-DORTMUND,500,Dortmund,"Travel, Personal & Leisure",http://www.borussia-aktie.de
ROBERT BOSCH,80973,Gerlingen-Schillerhohe,"Industrial, Electric & Electronic Machinery",http://www.bosch.com
B&O RVICE,210,Bad Aibling,Property Services,http://www.bo-wohnungswirtschaft.de
FRIEDRICH BOYSEN HOLDING,1923,Altensteig,Business Services,http://www.boysen-online.de
B2MOBILITY,326,Bochum,"Travel, Personal & Leisure",http://www.bp.com/de_de/germany.html
BPD IMMOBILIENENTWICKLUNG,653,Frankfurt,Construction,http://www.bpd-de.de
RUHR OEL,1126,Gelsenkirchen,"Chemicals, Petroleum, Rubber & Plastic",http://www.bprp.de
BRAAS,302,Oberursel,Wholesale,http://www.braas.de
BRAINLAB,303,Muenchen,"Industrial, Electric & Electronic Machinery",http://www.brainlab.com
BRASKEM EUROPE,628,Frankfurt,,http://www.braskem.com.br/europe/braskem-units
AUTOMOBIL-VERKAUFS-GESELLSCHAFT JOSEPH BRASS,474,Aschaffenburg,Wholesale,http://www.brass-gruppe.de
LEINEWEBER,349,Herford,Textiles & Clothing Manufacturing,http://www.brax.com
BREMER,727,Paderborn,"Leather, Stone, Clay & Glass products",http://www.bremerbau.de
BRENNT,12853,Essen,"Chemicals, Petroleum, Rubber & Plastic",http://www.brenntag.com
BRIESE HOLDING,797,Leer,"Transport, Freight & Storage",http://www.briese.de
BRILLUX & CO. KOMMANDITGESELLSCHAFT,555,Muenster,"Chemicals, Petroleum, Rubber & Plastic",http://www.brillux.de
HEINER BRINKHEGE BETEILIGUNGSGESELLSCHAFT,385,Georgsmarienhuette,Wholesale,http://www.brinkhege.de
BRITA,311,Taunusstein,"Industrial, Electric & Electronic Machinery",http://www.brita.net
DR. REHFELD FASHION,319,Hamburg,Business Services,http://www.broadway-fashion.com
BRODOS,333,Baiersdorf,Wholesale,http://www.brodos.de
BROEKELMANN & CO. OELMUEHLE & CO.,370,Hamm,Food & Tobacco Manufacturing,http://www.broelio.de
"BRO FAHRZEUGTEILE KOMMANDITGELLSCHAFT, WUERZBURG",597,Wuerzburg,Transport Manufacturing,http://www.brose.com
BRO FAHRZEUGTEILE KOMMANDITGELLSCHAFT,772,Bamberg,Transport Manufacturing,http://www.brose.com/de-de/bamberg
"BRO FAHRZEUGTEILE KOMMANDITGELLSCHAFT, COBURG",1096,Coburg,Transport Manufacturing,http://www.brose.de
BROTHER INTERNATIONAL,338,Bad Vilbel,Wholesale,http://www.brother.de
BRUECKNER VERWALTUNGSGESELLSCHAFT,684,Siegsdorf,Business Services,http://www.brueckner.com
BRUECKNER GROUP,684,Siegsdorf,Business Services,http://www.brueckner.de
BRUEDER SCHLAU,784,Porta Westfalica,Business Services,http://www.brueder-schlau.de
BRUSS SEALING SYSTEMS,314,Hoisdorf,Transport Manufacturing,http://www.bruss.de
BREMER STRASNBAHN,127,Bremen,"Transport, Freight & Storage",http://www.bsag.de
BOSTON SCIENTIFIC MEDIZINTECHNIK,304,Ratingen,"Industrial, Electric & Electronic Machinery",http://www.bsci.com
BRAUNSCHWEIGER VERSORGUNGS-,635,Braunschweig,Utilities,http://www.bs-energy.de
BADISCHE STAHLWERKE,1091,Kehl,Metals & Metal Products,http://www.bsw-kehl.de
BTC BUSINESS TECHNOLOGY CONSULTING,142,Oldenburg,Business Services,http://www.btc-ag.com
CHARTERLINE FUHRPARK SERVICE,382,Regensburg,"Travel, Personal & Leisure",http://www.buchbinder.de
BUDERUS EDELSTAHL,472,Wetzlar,Metals & Metal Products,http://www.buderus-steel.com
IWAN BUDNIKOWSKY,465,Hamburg,Retail,http://www.budni.de
BUEHLER MOTOR,329,Nuernberg,"Industrial, Electric & Electronic Machinery",http://www.buehlermotor.de
J. BUENTING BETEILIGUNGS,1572,Leer,Retail,http://www.buenting.de
BUERKERT STIFTUNGSBETEILIGUNGS,624,Ingelfingen,Business Services,http://www.buerkert.com
BUERKERT VERWALTUNGS-GESELLSCHAFT MIT BESCHRAENKTER,564,Ingelfingen,Business Services,http://www.buerkert.de
BUEROMARKT BOETTCHER,302,Jena,Wholesale,http://www.bueromarkt-ag.de
BUERSTNER,425,Kehl,"Industrial, Electric & Electronic Machinery",http://www.buerstner.com
BUHLMANN ROHR-FITTINGS-STAHLHANDEL .,330,Bremen,Wholesale,http://www.buhlmann.de
BUNDESDRUCKEREI,595,Berlin,Computer Hardware,http://www.bundesdruckerei.de
BUNGE DEUTSCHLAND,521,Mannheim,Food & Tobacco Manufacturing,http://www.bunge-deutschland.de
BURDA,2876,Offenburg,"Banking, Insurance & Financial Services",http://www.burda-druck.de
BUTTING GRUPPE,513,Wittingen,Business Services,http://www.butting.com
BWFUHRPARKSERVICE,348,Troisdorf,"Travel, Personal & Leisure",http://www.bwfuhrpark.de
BWI,889,Meckenheim,Business Services,http://www.bwi.de
"BADEN-WURTTEMBERGISCHE VERSORGUNGSANSTALT FUR ARZTE, ZAHNARZTE UND TIERARZTE",855,Tubingen,"Banking, Insurance & Financial Services",http://www.bwva.de
BYK-CHEMIE,636,Wesel,"Chemicals, Petroleum, Rubber & Plastic",http://www.byk.com
CALLAX HOLDING,1198,Duesseldorf,Business Services,http://www.callax.de
FRIESLANDCAMPINA GERMANY,1175,Heilbronn,Food & Tobacco Manufacturing,http://www.campina.de
CANADIAN SOLAR EMEA,444,Muenchen,"Banking, Insurance & Financial Services",http://www.canadiansolar.de
CANCOM,1553,Munchen,Business Services,http://www.cancom.de
C & A MODE,2417,Duesseldorf,Retail,http://www.c-and-a.com
CANON DEUTSCHLAND,563,Krefeld,"Industrial, Electric & Electronic Machinery",http://www.canon.de
CAPRON,349,Neustadt,"Industrial, Electric & Electronic Machinery",http://www.capron.eu
CARCOUSTICS INTERNATIONAL,371,Leverkusen,Business Services,http://www.carcoustics.com
DS CARD + DRIVE,392,Bremen,Retail,http://www.carddrive.de
CARGILL,1687,Salzgitter,Food & Tobacco Manufacturing,http://www.cargill.com
CARGILL DEUTSCHLAND,972,Krefeld,Food & Tobacco Manufacturing,http://www.cargill.de
SCHMITZ CARGOBULL,2424,Horstmar,"Industrial, Electric & Electronic Machinery",http://www.cargobull.com
CARISSA EINZELHANDEL- UND TANKSTELLENSERVICE,1150,Oststeinbek,Retail,http://www.carissa.de
CARLSBERG DEUTSCHLAND HOLDING,293,Hamburg,Food & Tobacco Manufacturing,http://www.carlsbergdeutschland.de
CARL STAHL,297,Suessen,Textiles & Clothing Manufacturing,http://www.carlstahl.com
CARRIER KAELTETECHNIK DEUTSCHLAND,333,Koeln,Construction,http://www.carrier-kt.de
CARTHAGO REISEMOBILBAU,355,Aulendorf,Wholesale,http://www.carthago.com
CASIO EUROPE,342,Norderstedt,Wholesale,http://www.casio-europe.com/de
CATERPILLAR ENERGY SOLUTIONS,518,Mannheim,Wholesale,http://www.caterpillar-energy-solutions.de
CAVERION DEUTSCHLAND,433,Muenchen,Construction,http://www.caverion.de
CBR SERVICE,585,Isernhagen,Business Services,http://www.cbr.de
COCA-COLA EUROPEAN PARTNERS DEUTSCHLAND,2667,Berlin,Food & Tobacco Manufacturing,http://www.cceag.de
CECONOMY,20976,Dusseldorf,Retail,http://www.ceconomy.de
CELANESE PRODUCTION GERMANY,1231,Sulzbach,,http://www.celanese.de
CELGENE,836,Muenchen,Biotechnology and Life Sciences,http://www.celgene.de
HOSPITALVEREINIGUNG ST. MARIEN,459,Koeln,"Public Administration, Education, Health Social Services",http://www.cellitinnenhaeuser.de
CEMEX DEUTSCHLAND,165,Ruedersdorf,"Leather, Stone, Clay & Glass products",http://www.cemex.de
CENIT,172,Stuttgart,"Industrial, Electric & Electronic Machinery",http://www.cenit.de
CENTROTEC SUSTAINABLE,658,Brilon,"Chemicals, Petroleum, Rubber & Plastic",http://www.centrotec.de
CERAMTEC HOLDING,603,Plochingen,Business Services,http://www.ceramtec.com
CERAVIS,773,Rendsburg,Wholesale,http://www.ceravis.de
CERTINA HOLDING,325,Gruenwald,,http://www.certina.de
CEWE STIFTUNG,738,Oldenburg,"Travel, Personal & Leisure",http://www.cewe.de
CG CHEMIKALIEN & CO. HOLDING KG,439,Laatzen,Business Services,http://www.cg-chemikalien.de
CONSUS RE,507,Berlin,Business Services,http://www.cg-gruppe.de
CGI DEUTSCHLAND B.V.,366,Leinfelden-Echterdingen,Business Services,http://www.cgi.com
HAFNER GESELLSCHAFTSBETEILIGUNGS-,928,Wimsheim,Business Services,http://www.c-hafner.de
HOFMEISTER VERWALTUNGS,377,Lauben,Business Services,http://www.champignon.de
CHEPLAPHARM ARZNEIMITTEL,327,Greifswald,Wholesale,http://www.cheplapharm.com
CHG-MERIDIAN,724,Weingarten,"Banking, Insurance & Financial Services",http://www.chg-meridian.com/de
OTTO CHRIST,177,Benningen,"Industrial, Electric & Electronic Machinery",http://www.christ-ag.com
VERMOEGENSTRAEGER BEITLICH,549,Tuebingen,Business Services,http://www.cht.com
CIBA VISION,298,Grosswallstadt,"Industrial, Electric & Electronic Machinery",http://www.cibavision.de
CISCO SYSTEMS,304,Garching,Wholesale,http://www.cisco.de
CITIGROUP GLOBAL MARKETS EUROPE,236,Frankfurt Am Main,"Banking, Insurance & Financial Services",http://www.citigroup.com/citi/about/countries-
CITIWORKS,576,Darmstadt,Utilities,http://www.citiworks.de
CITROEN DEUTSCHLAND,1437,Ruesselsheim,Wholesale,http://www.citroen.de
CLAAS,4107,Harsewinkel,Business Services,http://www.claas.com
CLARIANT PRODUKTE (DEUTSCHLAND),1528,Frankfurt,"Chemicals, Petroleum, Rubber & Plastic",http://www.clariant.de
CLARIOS GERMANY,1511,Hannover,"Industrial, Electric & Electronic Machinery",http://www.clarios.com
W. CLASSEN,522,Kaisersesch,Business Services,http://www.classen.de
CLASSIC TANKSTELLEN,360,Hoya,Retail,http://www.classic-oil.de
CLEANCAR,131,Duesseldorf,Business Services,http://www.cleancar.de
CLEARSTREAM BANKING,336,Eschborn,"Banking, Insurance & Financial Services",http://www.clearstream.com
CLEVERBRIDGE,536,Koeln,Computer Software,http://www.cleverbridge.com
BEELINE,352,Koeln,Wholesale,http://www.click-six.com
CLOPPENBURG AUTOMOBIL,440,Duesseldorf,Business Services,http://www.cloppenburg-gruppe.de
CNH INDUSTRIAL DEUTSCHLAND,601,Heilbronn,"Industrial, Electric & Electronic Machinery",http://www.cnh.com
CODELCO KUPFERHANDEL C/O GUENTER WINGERATH,798,Duesseldorf,Wholesale,http://www.codelco.de
COGNOS,159,Hamburg,Business Services,http://www.cognos-ag.de
CP GABA,423,Hamburg,"Chemicals, Petroleum, Rubber & Plastic",http://www.colgate.de/app/colgate/de/corp/contactus.cvsp
COLT TECHNOLOGY SERVICES,322,Frankfurt,Communications,http://www.colt.net
COMLINE VALUE ADDED DISTRIBUTION,373,Flensburg,Computer Software,http://www.comline-shop.de
COMMERZBANK,9114,Frankfurt Am Main,"Banking, Insurance & Financial Services",http://www.commerzbank.de
COMPAREX,1635,Leipzig,Wholesale,http://www.comparex.de
COMPASS GROUP DEUTSCHLAND,762,Eschborn,Business Services,http://www.compass-group.de
COMPO INVESTCO,344,Muenster,Business Services,http://www.compo.de
COMPUGROUP MEDICAL,758,Koblenz,"Industrial, Electric & Electronic Machinery",http://www.compugroup.com
CONCAT,138,Bensheim,Retail,http://www.concat.de
CONDOR FLUGDIENST GESELLSCHAFT MIT BESCHRAENKTER,1672,Kelsterbach,"Transport, Freight & Storage",http://www.condor.com
CONRAD HOLDING,1040,Hirschau,Business Services,http://www.conrad.de
CONSTANTIN FILM,455,Muenchen,Business Services,http://www.constantin-film.de
CONSTANTIN MEDIEN,125,Ismaning,Media & Broadcasting,http://www.constantin-medien.de
CONSTELLIUM ROLLED PRODUCTS SINGEN & CO.KG,571,Singen,Metals & Metal Products,http://www.constellium.com
CONSUS REAL ESTATE,691,Berlin,Property Services,http://www.consus.ag
CONTIGO ENERGIE,122,Bochum,Utilities,http://www.contigo-energie.de
CONTILIA,554,Essen,"Public Administration, Education, Health Social Services",http://www.contilia.de
CONTINENTAL,46097,Vahrenwald-List,"Chemicals, Petroleum, Rubber & Plastic",http://www.continental-corporation.com
CONTINENTALE LEBENSVERSICHERUNG,823,Munchen,"Banking, Insurance & Financial Services",http://www.continentale.de
CONTROLWARE HOLDING,320,Dietzenbach,Business Services,http://www.controlware.de
CONZZETA HOLDING DEUTSCHLAND,429,Leverkusen,Business Services,http://www.conzzeta.ch
COPARTS AUTOTEILE,296,Essen,Wholesale,http://www.coparts.de
COPERION,477,Stuttgart,"Industrial, Electric & Electronic Machinery",http://www.coperion.com
CORNING HOLDING,455,Wiesbaden,Business Services,http://www.corning.com
SANDVIK TOOLING DEUTSCHLAND,499,Duesseldorf,"Industrial, Electric & Electronic Machinery",http://www.coromant.sandvik.com/de
COROPLAST FRITZ MUELLER & CO. K.G.,542,Wuppertal,"Industrial, Electric & Electronic Machinery",http://www.coroplast.de
KIRK BEAUTY ONE,3669,Duesseldorf,Business Services,http://www.corporate.douglas.de
THERMO FISHER SCIENTIFIC (BREMEN),495,Bremen,"Industrial, Electric & Electronic Machinery",http://www.corporate.thermofisher.com
ZALANDO,6499,Berlin,Retail,http://www.corporate.zalando.com
COSCO SHIPPING LINES (EUROPE),400,Hamburg,"Transport, Freight & Storage",http://www.coscoshipping.de
COSMO CONSULT,122,Berlin,Business Services,http://www.cosmoconsult.com
COSMOS LEBENSVERSICHERUNGS,2004,Saarbrucken,"Banking, Insurance & Financial Services",http://www.cosmosdirekt.de
CARAME HOLDING,440,Sulzbach,Business Services,http://www.cosnova.com
COVESTRO,12582,Leverkusen,"Chemicals, Petroleum, Rubber & Plastic",http://www.covestro.com
COVESTRO DEUTSCHLAND,6249,Leverkusen,"Chemicals, Petroleum, Rubber & Plastic",http://www.covestro.de
COVIVIO IMMOBILIEN,741,Essen,Business Services,http://www.covivio.immo
C & P HOLDING,899,Sarstedt,Business Services,http://www.c-p-s.de
CRAEMER HOLDING-,285,Herzebrock-Clarholz,Business Services,http://www.craemer.com
CRANACH-PHARMA,387,Hamburg,Wholesale,http://www.cranach-pharma.de
CREDITPLUS BANK,171,Stuttgart,"Banking, Insurance & Financial Services",http://www.creditplus.de
PETER CREMER (SINGAPORE),523,Hamburg,Wholesale,http://www.cremer.de
HANDELSGESELLSCHAFT PETER CREMER,2782,Hamburg,Business Services,http://www.cremer-gruppe.com
CRONIMET HOLDING,2552,Karlsruhe,"Banking, Insurance & Financial Services",http://www.cronimet.de
CROPENERGIES,881,Mannheim,Wholesale,http://www.cropenergies.com
DVH MEDIEN,540,Stuttgart,Business Services,http://www.crossventures.de
CSL BEHRING,2132,Marburg,"Chemicals, Petroleum, Rubber & Plastic",http://www.cslbehring.de
CSL PLASMA,808,Marburg,"Chemicals, Petroleum, Rubber & Plastic",http://www.cslplasma.de
CTDI,424,Malsch,Business Services,http://www.ctdi.eu
C. THYWISSEN,1088,Neuss,Food & Tobacco Manufacturing,http://www.c-thywissen.de
CUSANUS TRAEGERGESELLSCHAFT TRIER,293,Trier,"Public Administration, Education, Health Social Services",http://www.ctt-trier.de
PENDING SYSTEM,512,Waldershof,Transport Manufacturing,http://www.cube.eu
CUMMINS DEUTSCHLAND,287,Gross-Gerau,Retail,http://www.cummins.de
CURT RICHTER,123,Koeln,"Transport, Freight & Storage",http://www.curt-richter.de
CWS-BOCO INTERNATIONAL,1162,Duisburg,Textiles & Clothing Manufacturing,http://www.cws-boco.de
DAA DEUTSCHE ANGESTELLTEN-AKADEMIE,287,Hamburg,"Public Administration, Education, Health Social Services",http://www.daa.de
DACHSER GROUP,5718,Kempten,"Transport, Freight & Storage",http://www.dachser.com
DA DEUTSCHE ALLGEMEINE VERSICHERUNG,293,Frankfurt Am Main,"Banking, Insurance & Financial Services",http://www.da-direkt.de
POSCO INTERNATIONAL DEUTSCHLAND,446,Frankfurt,Wholesale,http://www.daewoo.com
DAIICHI SANKYO EUROPE,952,Muenchen,"Chemicals, Petroleum, Rubber & Plastic",http://www.daiichi-sankyo.eu
DAIMLER,175476,Stuttgart,Automotive,http://www.daimler.com
DALLI-WERKE,939,Stolberg,"Chemicals, Petroleum, Rubber & Plastic",http://www.dalli-group.com
DANFOSS,364,Offenbach,Wholesale,http://www.danfoss.de
DANONE,359,Haar,Wholesale,http://www.danone.de
DANTYSK SANDBANK OFFSHORE WIND,555,Hamburg,Business Services,http://www.dantysk.de
J. J. DARBOVEN HOLDING,281,Hamburg,Business Services,http://www.darboven.com
DARLING INGREDIENTS GERMANY HOLDING,347,Belm,Business Services,http://www.darlingii.com
DAS STADTWERK REGENSBURG,476,Regensburg,Business Services,http://www.das-stadtwerk-regensburg.de
HHS BETEILIGUNGSGESELLSCHAFT,323,Pliezhausen,Business Services,http://www.datagroup.de
DATA MODUL PRODUKTION UND VERTRIEB VON ELEKTRONISCHEN SYSTEMEN,190,Muenchen,Wholesale,http://www.data-modul.com
DAW,748,Ober-Ramstadt,"Chemicals, Petroleum, Rubber & Plastic",http://www.daw.de
DEUTSCHE BANK,23833,Frankfurt Am Main,"Banking, Insurance & Financial Services",http://www.db.com
DWS GROUP,2522,Frankfurt Am Main,Business Services,http://www.db.com/careers/en/grad/about/dws.html
DB CARGO,3637,Mainz,"Transport, Freight & Storage",http://www.dbcargo.com
DB ENERGIE,2843,Frankfurt,"Transport, Freight & Storage",http://www.dbenergie.de
DB FAHRZEUGINSTANDHALTUNG,1904,Frankfurt,Business Services,http://www.db-fzi.com
DB NETZ,7512,Frankfurt,"Transport, Freight & Storage",http://www.dbnetz.com
DB FAHRWEGDIENSTE,366,Berlin,Construction,http://www.dbnetze.com/fahrweg
DB REGIO,6784,Frankfurt,"Transport, Freight & Storage",http://www.dbregio.de
ABBOTT MEDICAL,404,Eschborn,Wholesale,http://www.de.abbott
ATOS INFORMATION TECHNOLOGY,1579,Muenchen,Business Services,http://www.de.atos.net
CAPGEMINI DEUTSCHLAND,894,Berlin,Computer Software,http://www.de.capgemini.com
COHERENT LASERSYSTEMS,738,Goettingen,"Industrial, Electric & Electronic Machinery",http://www.de.coherent.com
DSV AIR & SEA,507,Bremen,"Transport, Freight & Storage",http://www.de.dsv.com
ECOLAB DEUTSCHLAND,321,Monheim,Wholesale,http://www.de.ecolab.eu
EMR EUROPEAN METAL RECYCLING,313,Hamburg,Wholesale,http://www.de.emrgroup.com
ENDRESS + HAUR (DEUTSCHLAND),1238,Weil Am Rhein,Business Services,http://www.de.endress.com
METTLER-TOLEDO MANAGEMENT HOLDING DEUTSCHLAND,681,Albstadt,Business Services,http://www.de.mt.com
PROCTER & GAMBLE SERVICE,549,Schwalbach,Business Services,http://www.de.pg.com
SONY INTERACTIVE ENTERTAINMENT DEUTSCHLAND,509,Neu-Isenburg,Computer Software,http://www.de.scee.com
TOSHIBA TEC GERMANY IMAGING SYSTEMS,303,Neuss,"Travel, Personal & Leisure",http://www.de.toshibatec.eu
DEUTSCHE ENTERTAINMENT,190,Berlin,"Travel, Personal & Leisure",http://www.deag.de
WINTERSHALL DEA INTERNATIONAL,471,Hamburg,Mining & Extraction,http://www.dea-group.com
DEBEKA ALLGEMEINE VERSICHERUNG,979,Koblenz,"Banking, Insurance & Financial Services",http://www.debeka.de
DECATHLON SPORTSPEZIALVERTRIEBSGESELLSCHAFT,466,Plochingen,Wholesale,http://www.decathlon.de
DEGEWO,570,Berlin,Property Services,http://www.degewo.de
DEG - DEUTSCHE INVESTITIONS-UND ENTWICKLUNGSGESELLSCHAFT,285,Koln,"Banking, Insurance & Financial Services",http://www.deginvest.de
DEGUSSA BANK,134,Frankfurt Am Main,"Banking, Insurance & Financial Services",http://www.degussa-bank.de
DEGUSSA SONNE/MOND GOLDHANDEL,1495,Muenchen,"Banking, Insurance & Financial Services",http://www.degussa-goldhandel.de
DEHN + CO,209,Nuernberg,"Industrial, Electric & Electronic Machinery",http://www.dehn.de
DEHNER HOLDING,805,Rain,Business Services,http://www.dehner.de
DEICHMANN,2164,Essen,Retail,http://www.deichmann.com
DEUTSCHE EXTRAKT-KAFFEE,477,Hamburg,Food & Tobacco Manufacturing,http://www.dek.de
DEKRA AUTOMOBIL,1149,Stuttgart,Business Services,http://www.dekra.de
DELIVERY HERO,2214,Berlin,Retail,http://www.deliveryhero.com
ERNST DELLO,784,Hamburg,Wholesale,http://www.dello.de
DELOITTE DEUTSCHLAND,1706,Duesseldorf,Business Services,http://www.deloitte.de
DELTICOM,659,Hannover,Wholesale,http://www.delticom.de
DELTON HEALTH,1591,Bad Homburg,Business Services,http://www.delton.de
DEMAG CRANES & COMPONENTS,521,Duesseldorf,"Industrial, Electric & Electronic Machinery",http://www.demagcranes.de
TADANO DEMAG,466,Zweibruecken,"Industrial, Electric & Electronic Machinery",http://www.demagmobilecranes.com
DEMIRE DEUTSCHE MITTELSTAND REAL ESTATE,151,Langen,Property Services,http://www.demire.ag
DEMMEL,206,Scheidegg,Metals & Metal Products,http://www.demmel.de
DENNREE,803,Toepen,Wholesale,http://www.dennree.de
DENN'S BIOMARKT,463,Toepen,Wholesale,http://www.denns-biomarkt.de
DEPENBROCK & CO. VERWALTUNG KG,608,Stemwede,Construction,http://www.depenbrock.de
DERBY CYCLE HOLDING,447,Cloppenburg,Business Services,http://www.derby-cycle.com
THEMIS BETEILIGUNGS-,685,Gruenwald,Business Services,http://www.dermapharm.de
DEROSSI INVEST,1116,Hartmannsdorf,"Agriculture, Horticulture & Livestock",http://www.derossi-invest.com
DETHLEFFS,426,Isny,"Industrial, Electric & Electronic Machinery",http://www.dethleffs.de
LION S PLACE,320,Hofheim,Business Services,http://www.deufol.com
VONOVIA,3758,Bochum,Property Services,http://www.deutsche-annington.com
DEUTSCHE BAHN,47328,Berlin,"Transport, Freight & Storage",http://www.deutschebahn.de
DEUTSCHE BALATON,131,Heidelberg,Business Services,http://www.deutsche-balaton.de
DEUTSCHE BOER,3267,Eschborn,"Banking, Insurance & Financial Services",http://www.deutsche-boerse.com
DEUTSCHE EUROSHOP,227,Hamburg,Property Services,http://www.deutsche-euroshop.de
DEUTSCHE HYPOTHEKENBANK (ACTIEN-GELLSCHAFT),191,Hannover,"Banking, Insurance & Financial Services",http://www.deutsche-hypo.de
DEUTSCHE SPARKASN LEASING,8088,Ad Homburg V. D. Hoehe,"Banking, Insurance & Financial Services",http://www.deutsche-leasing.com
DEUTSCHE POST,64824,Bonn,"Transport, Freight & Storage",http://www.deutschepost.de
BASLER LEBENSVERSICHERUNGS-,535,Hamburg,"Banking, Insurance & Financial Services",http://www.deutscherring.de
DEUTSCHE RUCKVERSICHERUNG,1129,Dusseldorf,"Banking, Insurance & Financial Services",http://www.deutscherueck.de
DEUTSCHE SEE HOLDING,390,Bremerhaven,Business Services,http://www.deutschesee.de
DEUTSCHE STEINZEUG CREMER & BREUER,177,Alfter,"Leather, Stone, Clay & Glass products",http://www.deutsche-steinzeug.de
DEUTSCHE TGS,368,Duesseldorf,Construction,http://www.deutsche-tgs.com
DEUTSCHE WINDTECHNIK,151,Bremen,"Industrial, Electric & Electronic Machinery",http://www.deutsche-windtechnik.com
DEUTSCHE WOHNEN,2318,Berlin,Property Services,http://www.deutsche-wohnen.com
CATERPILLAR MOTOREN,376,Kiel,"Industrial, Electric & Electronic Machinery",http://www.deutschland.cat.com
DEUTZ,1854,Koln-Porz,"Industrial, Electric & Electronic Machinery",http://www.deutz.de
SAME DEUTZ-FAHR DEUTSCHLAND,549,Lauingen,"Industrial, Electric & Electronic Machinery",http://www.deutz-fahr.de
DEVELEY MANAGEMENT,565,Unterhaching,Business Services,http://www.develey.de
DEVK PENSIONSFONDS,144,Koln,"Banking, Insurance & Financial Services",http://www.devk.de
DORTMUNDER ENERGIE- UND WASSERVERSORGUNG GESELLSCHAFT MIT BESCHRAENKTER,768,Dortmund,Utilities,http://www.dew21.de
DORTMUNDER NETZ,313,Dortmund,Utilities,http://www.dew21-netz.de
DEUTSCHE EDELSTAHLWERKE SERVICES,1300,Witten,Wholesale,http://www.dew-stahl.com
DFS DEUTSCHE FLUGSICHERUNG,1200,Langen,"Transport, Freight & Storage",http://www.dfs.de
DIAKOVERE G,360,Hannover,"Public Administration, Education, Health Social Services",http://www.diakonische-dienste-hannover.de
DIAKOVERE KRANKENHAUS G,287,Hannover,"Public Administration, Education, Health Social Services",http://www.diakovere.de
DIALOG SEMICONDUCTOR,1165,Kirchheim,"Industrial, Electric & Electronic Machinery",http://www.dialog-semiconductor.com
PFEIFER & LANGEN,576,Koeln,Food & Tobacco Manufacturing,http://www.diamant-zucker.de
DIB INDUSTRIEBAU,267,Muenchen,Property Services,http://www.dibag.info
DIC AST,188,Frankfurt Am Main,Property Services,http://www.dic-asset.de
DIDIER - WERKE,252,Wiesbaden,"Leather, Stone, Clay & Glass products",http://www.didier.de
WINCOR NIXDORF INTERNATIONAL,999,Paderborn,Wholesale,http://www.dieboldnixdorf.com
DIEFFENBACHER HOLDING + CO.KG,365,Eppingen,Business Services,http://www.dieffenbacher.de
DIEHL AVIATION HOLDING,934,Nuernberg,Business Services,http://www.diehl.com
DIEHL AEROSPACE,366,Ueberlingen,"Industrial, Electric & Electronic Machinery",http://www.diehl-aerospace.de
DIEL TECHNIC,170,Kirchdorf,Wholesale,http://www.dieseltechnic.com
DILLINGER,2125,Dillingen,Metals & Metal Products,http://www.dillinger.de
DVS TECHNOLOGY,271,Dietzenbach,"Industrial, Electric & Electronic Machinery",http://www.diskus-werke.de
THE WALT DISNEY COMPANY (GERMANY),517,Muenchen,Business Services,http://www.disney.de
DEUTSCHE KREDITBANK (DKB),999,Berlin,"Banking, Insurance & Financial Services",http://www.dkb.de
DKV DEUTSCHE KRANKENVERSICHERUNG,4903,Koln,"Banking, Insurance & Financial Services",http://www.dkv.com
DKV MOBILITY SERVICES HOLDING,7156,Ratingen,Business Services,http://www.dkv-mobility.com
DEUTSCHE LEBENSVERSICHERUNGS,233,Berlin,"Banking, Insurance & Financial Services",http://www.dlvag.allianz.de
DM-DROGERIE MARKT,11198,Karlsruhe,Retail,http://www.dm-drogeriemarkt.de
DMK DEUTSCHES MILCHKONTOR,5777,Zeven,Food & Tobacco Manufacturing,http://www.dmk.de
DMK EIS,303,Everswinkel,Food & Tobacco Manufacturing,http://www.dmk-eis.de
DNV GL,254,Hamburg,Business Services,http://www.dnvgl.de
DOEHLER GROUP,1801,Darmstadt,Business Services,http://www.doehler.com
EWALD DOERKEN,310,Herdecke,Business Services,http://www.doerken-holding.de
DOLE EUROPE,556,Hamburg,Wholesale,http://www.dole.de
DOMICIL REAL ESTATE,375,Muenchen,Property Services,http://www.domicil-group.de
DOMICIL NIOREN-RESIDENZEN HAMBURG,204,Hamburg,"Public Administration, Education, Health Social Services",http://www.domicil-seniorenresidenzen.de
DOMO CAPROLEUNA,633,Leuna,"Chemicals, Petroleum, Rubber & Plastic",http://www.domochemicals.com
DORMAKABA DEUTSCHLAND,504,Ennepetal,Metals & Metal Products,http://www.dormakaba.de
DOVER GERMANY,384,Teltow,Business Services,http://www.dovercorporation.com
DOW DEUTSCHLAND,3135,Stade,"Chemicals, Petroleum, Rubber & Plastic",http://www.dow.com
DPD DEUTSCHLAND,1916,Aschaffenburg,,http://www.dpd.com
DRERWERK,2782,Lubeck,"Industrial, Electric & Electronic Machinery",http://www.draeger.com
FRITZ DRAEXLMAIER,4817,Vilsbiburg,"Industrial, Electric & Electronic Machinery",http://www.draexlmaier.de
DRALON,378,Dormagen,"Chemicals, Petroleum, Rubber & Plastic",http://www.dralon.com
DREES & SOMMER,433,Stuttgart,Business Services,http://www.dreso.com
DREWAG - STADTWERKE DRESDEN,1234,Dresden,Utilities,http://www.drewag.de
DREWAG NETZ,466,Dresden,Utilities,http://www.drewag-netz.de
DR. FALK PHARMA,451,Freiburg,"Chemicals, Petroleum, Rubber & Plastic",http://www.drfalkpharma.de
DRF STIFTUNG LUFTRETTUNG GEMEINNUETZIGE,160,Filderstadt,"Public Administration, Education, Health Social Services",http://www.drf-luftrettung.de
1&1 DRILLISCH,3707,Maintal,Communications,http://www.drillisch.de
DRK-BLUTSPENDEDIENST BADEN-WUERTTEMBERG-HESSEN GEMEINNUETZIGE,333,Mannheim,"Public Administration, Education, Health Social Services",http://www.drk-blutspende.de
DRK GEMEINNUETZIGE TRAEGERGESELLSCHAFT SUED-WEST,323,Mainz,"Public Administration, Education, Health Social Services",http://www.drk-khg.de
DR. SCHNEIDER HOLDING,583,Kronach,Business Services,http://www.dr-schneider.com
DR. ZWISSLER HOLDING,180,Gerstetten,Business Services,http://www.dr-zwissler-ag.de
DS-MINERALOEL,824,Bremen,Wholesale,http://www.ds-bremen.com
DIERSCH & SCHROEDER,2342,Bremen,Business Services,http://www.ds-bremen.de
DS SMITH PAPER DEUTSCHLAND,368,Aschaffenburg,"Wood, Furniture & Paper Manufacturing",http://www.dssmith.com
DSV,916,Stuttgart,Printing & Publishing,http://www.dsv-gruppe.de
DEUTSCHE SAATVEREDELUNG,206,Lippstadt,Wholesale,http://www.dsv-saaten.de
DORTMUNDER STADTWERKE HOLDING,1304,Dortmund,Business Services,http://www.dsw21.de
DUERKOP,369,Hamburg,Wholesale,http://www.duerkop.de
DUERKOPP ADLER,197,Bielefeld,,http://www.duerkopp-adler.com
DUERR DENTAL,254,Bietigheim-Bissingen,"Industrial, Electric & Electronic Machinery",http://www.duerr.de
HOLDING DER LANDESHAUPTSTADT DUESSELDORF,322,Duesseldorf,Business Services,http://www.duesseldorf.de
DUFERCO DEUTSCHLAND,449,Ratingen,Wholesale,http://www.duferco.de
ARCELORMITTAL HOCHFELD,727,Duisburg,Metals & Metal Products,http://www.duisburg.arcelormittal.com
DUISBURGER HAFEN,262,Duisburg,"Transport, Freight & Storage",http://www.duisport.de
DUMONT MEDIENGRUPPE,659,Koeln,Business Services,http://www.dumont.de
DUNI,302,Bramsche,"Wood, Furniture & Paper Manufacturing",http://www.duni.com
GOODYEAR DUNLOP TIRES GERMANY,442,Hanau,"Chemicals, Petroleum, Rubber & Plastic",http://www.dunlop.de
DUPONT DE NEMOURS (DEUTSCHLAND),676,Neu-Isenburg,Miscellaneous Manufacturing,http://www.dupont.com
DURAVIT,295,Hornberg,"Leather, Stone, Clay & Glass products",http://www.duravit.de
DURR,3928,Bietigheim-Bissingen,"Industrial, Electric & Electronic Machinery",http://www.durr.com
FLUGHAFEN DUESSELDORF,507,Duesseldorf,"Transport, Freight & Storage",http://www.dus.com
DUSSMANN,2085,Berlin,Business Services,http://www.dussmann.de
THOMAS DUVENBECK HOLDING,800,Bocholt,Business Services,http://www.duvenbeck.de
DEUTSCHE VERMOEGENSBERATUNG,1459,Frankfurt,"Banking, Insurance & Financial Services",http://www.dvag.com
DEUTSCHE VERMOEGENSBERATUNG HOLDING,1665,Marburg,"Banking, Insurance & Financial Services",http://www.dvag-zvb.de
DRESDNER VERKEHRSBETRIEBE,161,Dresden,"Transport, Freight & Storage",http://www.dvb.de
DVB BANK,484,Frankfurt Am Main,"Banking, Insurance & Financial Services",http://www.dvbbank.com
DUISBURGER,1449,Duisburg,Business Services,http://www.dvv.de
ENTSERV DEUTSCHLAND,1064,Boeblingen,Wholesale,http://www.dxc.technology
DXC TECHNOLOGY DEUTSCHLAND,298,Eschborn,Business Services,http://www.dxc.technology/de
DYCKERHOFF,341,Wiesbaden,"Leather, Stone, Clay & Glass products",http://www.dyckerhoff.com
DYSON,324,Koeln,Wholesale,http://www.dyson.de
DZ BANK,7223,Frankfurt Am Main,"Banking, Insurance & Financial Services",http://www.dzbank.de
DZ HYP,2073,Muenster,"Banking, Insurance & Financial Services",http://www.dzhyp.de
ENERGY2MARKET,399,Leipzig,Utilities,http://www.e2m.energy
EAM,1056,Kassel,Utilities,http://www.eam.de
EATON INDUSTRIES,746,Bonn,"Industrial, Electric & Electronic Machinery",http://www.eaton.com
EBAY,747,Kleinmachnow,Business Services,http://www.ebay.de
EISENWERK BRUEHL,336,Bruehl,Metals & Metal Products,http://www.eb-bruehl.com
EBERSPAECHER GRUPPE,4745,Esslingen,Business Services,http://www.eberspaecher.com
EBERT + JACOBI,677,Wuerzburg,Wholesale,http://www.ebert-jacobi.de
ELEKTROBAU MULFINGEN GESELLSCHAFT MIT BESCHRAENKTER,2253,Mulfingen,Business Services,http://www.ebmpapst.com
EBZ,368,Ravensburg,Business Services,http://www.ebz-group.de
ECKES,1032,Nieder-Olm,Business Services,http://www.eckes-ag.de
ECOM,379,Dachau,Wholesale,http://www.ecom-trading.de
EDDING,143,Ahrensburg,Miscellaneous Manufacturing,http://www.edding-ag.de
EDEKA ZENTRALE,29088,Hamburg,Business Services,http://www.edeka.de
EDEL,205,Hamburg,"Industrial, Electric & Electronic Machinery",http://www.edel.com
EDELMANN HOLDING,335,Heidenheim,Wholesale,http://www.edelmann.de
EDER FAMILIEN HOLDING,819,Tuntenhausen,Business Services,http://www.eder-.de
E.DIS NETZ,2828,Fuerstenwalde,Utilities,http://www.e-dis-netz.de
ED NETZE,326,Rheinfelden,Utilities,http://www.ednetze.de
EDSCHA AUTOMOTIVE HENGERSBERG,296,Hengersberg,Transport Manufacturing,http://www.edscha.com
EEW HOLDING,583,Helmstedt,Business Services,http://www.eew-energyfromwaste.com
ERNDTEBRUECKER EISENWERK,646,Erndtebrueck,Metals & Metal Products,http://www.eew-group.com
EUROPEAN ENERGY EXCHANGE,222,Leipzig,"Banking, Insurance & Financial Services",http://www.eex.de
EFREMOV-KAUTSCHUK,562,Eschborn,Wholesale,http://www.efremov-.com
EGGER HOLZWERKSTOFFE BRILON,332,Brilon,"Wood, Furniture & Paper Manufacturing",http://www.egger.com
BLANC & FISCHER FAMILIENHOLDING,1250,Oberderdingen,Business Services,http://www.egoproducts.com
EHL,180,Kruft,Wholesale,http://www.ehl.de
EHRMANN,826,Oberschoenegg,Wholesale,http://www.ehrmann.de
ENERGIEHANDELSGESELLSCHAFT WEST,602,Muenster,Utilities,http://www.ehw-energie.de
EICKHOFF VERWALTUNGS- UND BETEILIGUNGS,314,Bochum,Business Services,http://www.eickhoff-bochum.de
EIFFE INFRA-BAU,425,Duesseldorf,Construction,http://www.eiffage.infra-bau.de
IPG SERVICES HAMBURG C/O INITIATIVE MEDIA,530,Hamburg,Business Services,http://www.einfach-besser-kommuniziert.de
EINHELL GERMANY,610,Landau,"Industrial, Electric & Electronic Machinery",http://www.einhell.com
EINS ENERGIE IN SACHSEN,1025,Chemnitz,Utilities,http://www.eins.de
EINSAMOBILE,613,Obertshausen,Wholesale,http://www.einsamobile.de
UNITED INTERNET,5291,Montabaur,Media & Broadcasting,http://www.einsundeins.com
EINTRACHT FRANKFURT FUSSBALL,178,Frankfurt,"Travel, Personal & Leisure",http://www.eintracht-frankfurt.de
FOODEXPLORER,303,Mettmann,Business Services,http://www.eismann.de
EISSMANN AUTOMOTIVE DEUTSCHLAND,474,Bad Urach,Transport Manufacturing,http://www.eissmann.com
EJF GEMEINNUETZIGE,194,Berlin,"Public Administration, Education, Health Social Services",http://www.ejf.de
EJOT HOLDING,558,Bad Berleburg,Business Services,http://www.ejot.de
EKOM-RAR,406,Walldorf,Wholesale,http://www.ekosem-agrar.de
EKOTECHNIKA,158,Walldorf,"Industrial, Electric & Electronic Machinery",http://www.ekotechnika.de
ELBE FLUGZEUGWERKE,312,Dresden,Business Services,http://www.elbeflugzeugwerke.com
ELBKINDER VEREINIGUNG HAMBURGER KITAS G,377,Hamburg,"Public Administration, Education, Health Social Services",http://www.elbkinder-kitas.de
EMSCHER LIPPE ENERGIE,332,Gelsenkirchen,Utilities,http://www.ele.de
ELECTROLUX DEUTSCHLAND,998,Nuernberg,Business Services,http://www.electrolux.de
ELECTRONICPARTNER HANDEL,1078,Duesseldorf,Business Services,http://www.electronicpartner.com
ELEVION DEUTSCHLAND HOLDING,350,Jena,Business Services,http://www.elevion.de
ELG HANIEL,1845,Duisburg,Business Services,http://www.elg.de
ST. ELISABETH GRUPPE KATHOLISCHE KLINIKEN RHEIN-RUHR,443,Herne,"Public Administration, Education, Health Social Services",http://www.elisabethgruppe.de
ELISABETH VINZENZ VERBUND,876,Berlin,"Public Administration, Education, Health Social Services",http://www.elisabeth-vinzenz.de
ELMOS MICONDUCTOR,296,Dortmund,"Industrial, Electric & Electronic Machinery",http://www.elmos.de
ELOFILL,421,Speyer,"Industrial, Electric & Electronic Machinery",http://www.elopak.de
ELRINGKLINGER,1760,Dettingen/Erms,Transport Manufacturing,http://www.elringklinger.de
ELSTER,388,Mainz-Kastel,Business Services,http://www.elster-instromet.com
ELUMATEC,139,Muehlacker,"Industrial, Electric & Electronic Machinery",http://www.elumatec.com
EMAG,522,Salach,Business Services,http://www.emag.com
DONALDSON FILTRATION DEUTSCHLAND,339,Haan,"Industrial, Electric & Electronic Machinery",http://www.emea.donaldson.com
EMERSON CLIMATE TECHNOLOGIES,341,Berlin,Metals & Metal Products,http://www.emersonclimate.com
E. M. GROUP HOLDING,154,Wertingen,Business Services,http://www.em-group.de
EMIL FREY AUTOMOBIL,3953,Stuttgart,Business Services,http://www.emilfrey.de
EMONS HOLDING,504,Koeln,Business Services,http://www.emons.com
EMRA-MED ARZNEIMITTEL,384,Trittau,Wholesale,http://www.emramed.de
LANDGEFLUEGEL FG VERTRIEBSGESELLSCHAFT,763,Haren,Wholesale,http://www.emsland-frischgefluegel.de
BETEILIGUNGSGELLSCHAFT EMSLAND-STAERKE,657,Emlichheim,Business Services,http://www.emsland-group.de
ENBW,19338,Karlsruhe,Utilities,http://www.enbw.com
ENCAVIS,288,Hamburg,"Banking, Insurance & Financial Services",http://www.encavis.com
ENDURANCE CAPITAL,277,Muenchen,Business Services,http://www.endurance-capital.de
ENERCITY,3179,Hannover,Utilities,http://www.enercity.de
ENERCITY NETZ,352,Hannover,Utilities,http://www.enercity-netz.de
ENERCON,4049,Aurich,"Industrial, Electric & Electronic Machinery",http://www.enercon.de
ENERGIE VERTRIEB DEUTSCHLAND EVD,580,Hamburg,Utilities,http://www.energiedeutschland.de
ENERGIEDIENST,538,Rheinfelden,Utilities,http://www.energiedienst.de
ENERGIENETZE MITTELRHEIN,302,Koblenz,"Industrial, Electric & Electronic Machinery",http://www.energienetze-mittelrhein.de
EAM NETZ,983,Kassel,Utilities,http://www.energienetz-mitte.de
ENERGIE SAARLORLUX,264,Saarbruecken,Utilities,http://www.energie-saarlorlux.com
ENERGIEUNION,1333,Schwerin,Utilities,http://www.energieunion.de
ENERGIS,331,Saarbruecken,Utilities,http://www.energis.de
ENERPARC,323,Hamburg,"Industrial, Electric & Electronic Machinery",http://www.enerparc.com
SUEDWESTFALEN ENERGIE UND WASR,989,Hagen,Business Services,http://www.enervie-gruppe.de
ENERVIE VERNETZT,298,Hagen,Utilities,http://www.enervie-vernetzt.de
E-NETZ SUEDHESSEN,376,Darmstadt,Utilities,http://www.e-netz-suedhessen.de
ENGAGEMENT GLOBAL G,323,Bonn,"Public Administration, Education, Health Social Services",http://www.engagement-global.de
ENGEL & VOELKERS,136,Hamburg,Business Services,http://www.engelvoelkers.com
ENGIE DEUTSCHLAND,1938,Koeln,Construction,http://www.engie-deutschland.de
ENI DEUTSCHLAND,2483,Muenchen,Wholesale,http://www.eni.com
ENOVOS ENERGIE DEUTSCHLAND,871,Wiesbaden,Utilities,http://www.enovos-energie.de
ENSINGER HOLDING,461,Nufringen,Business Services,http://www.ensingerplastics.com
ENSO ENERGIE SACHN OST,1112,Dresden,Utilities,http://www.enso.de
ENSO NETZ,718,Dresden,Construction,http://www.enso-netz.de
ENSOXX HOLDING,214,Gunzenhausen,Business Services,http://www.ensoxx.de
ENTEGA,412,Darmstadt,Utilities,http://www.entega.ag
ENTEGA PLUS,1136,Darmstadt,Utilities,http://www.entega.de
ENTERPRISE AUTOVERMIETUNG DEUTSCHLAND,631,Eschborn,"Travel, Personal & Leisure",http://www.enterprise.de
VERIZON DEUTSCHLAND,286,Dortmund,Communications,http://www.enterprise.verizon.com/de-de
ENVIA MITTELDEUTSCHE ENERGIE,2369,Chemnitz,Utilities,http://www.enviam.de
ENVITEC BIOGAS,198,Lohne,Utilities,http://www.envitec-biogas.de
E.ON,42572,Essen,Utilities,http://www.eon.com
E.OPTIMUM,614,Offenburg,Utilities,http://www.eoptimum.de
EOS HOLDING,365,Krailling,Business Services,http://www.eos.info
TRANSACT ELEKTRONISCHE ZAHLUNGSSYSTEME,344,Planegg,"Banking, Insurance & Financial Services",http://www.epay.de
EPPENDORF,748,Hamburg,"Industrial, Electric & Electronic Machinery",http://www.eppendorf.com
EPRIMO,937,Neu-Isenburg,Utilities,http://www.eprimo.de
EPSON DEUTSCHLAND,350,Meerbusch,Wholesale,http://www.epson.de
EQUIPOLYMERS,379,Schkopau,"Chemicals, Petroleum, Rubber & Plastic",http://www.equipolymers.com
PARON,150,Bad Homburg,Business Services,http://www.equita.de
ERDGAS MUENSTER,837,Muenster,Utilities,http://www.erdgas-muenster.de
ERDGAS SCHWABEN,349,Augsburg,Utilities,http://www.erdgasschwaben.de
ERDRICH BETEILIGUNGS-HOLDING,356,Renchen,Business Services,http://www.erdrich-umformtechnik.de
ITERGO INFORMATIONSTECHNOLOGIE,712,Duesseldorf,Business Services,http://www.ergo.com
ERGO GROUP,2464,Duesseldorf,Business Services,http://www.ergo.de
ERGO KRANKENVERSICHERUNG,539,Nurnberg,"Banking, Insurance & Financial Services",http://www.ergodirekt.de
ERICSSON,554,Duesseldorf,Business Services,http://www.ericsson.de
ERIK WALTHER W.J. MINERALOELHANDELSGESELLSCHAFT,622,Schweinfurt,Wholesale,http://www.erik-walther.de
HES PRAEZISIONSTEILE HERMANN ERKERT G.M.B.H.,317,Sulzbach,Metals & Metal Products,http://www.erkert.de
EHG SERVICE,1007,Coesfeld,Business Services,http://www.ernstings-family.de
ERWO HOLDING,735,Schwaig,Business Services,http://www.erwo.de
ENERGIE SUEDBAYERN,714,Muenchen,Utilities,http://www.esb.de
ESG ELEKTRONIKSYSTEM- UND LOGISTIK-GESELLSCHAFT MIT BESCHRAENKTER,333,Muenchen,Computer Software,http://www.esg.de
ESPRIT EUROPE SERVICES,752,Ratingen,Wholesale,http://www.esprit.com
ESPRIT RETAIL B.V.,753,Ratingen,Wholesale,http://www.esprit.de
ESSO DEUTSCHLAND,6181,Hamburg,Mining & Extraction,http://www.esso.de
ERLANGER STADTWERKE,180,Erlangen,Utilities,http://www.estw.de
ESWE VERSORGUNGS,401,Wiesbaden,Utilities,http://www.eswe-versorgung.de
DIADUR,430,Traunreut,"Banking, Insurance & Financial Services",http://www.etelgmbh.de
ETENGO (DEUTSCHLAND),134,Mannheim,Business Services,http://www.etengo.de
ETL STEUERBERATUNGSGELLSCHAFT,291,Essen,Business Services,http://www.etl.de
PANASONIC AUTOMOTIVE SYSTEMS EUROPE,830,Langen,"Industrial, Electric & Electronic Machinery",http://www.eu.automotive.panasonic.com
MITSUBISHI HITACHI POWER SYSTEMS EUROPE,288,Duisburg,Metals & Metal Products,http://www.eu.mhps.com
MITSUI CHEMICALS EUROPE,333,Duesseldorf,Wholesale,http://www.eu.mitsuichem.com
VARTA CONSUMER BATTERIES AA,551,Ellwangen,"Industrial, Electric & Electronic Machinery",http://www.eu.spectrumbrands.com
EULER HERMES,139,Hamburg,"Public Administration, Education, Health Social Services",http://www.eulerhermes.de
EUREX FRANKFURT,262,Eschborn,"Banking, Insurance & Financial Services",http://www.eurexchange.com
EURIMPHARM ARZNEIMITTEL,367,Saaldorf-Surheim,"Chemicals, Petroleum, Rubber & Plastic",http://www.eurim.de
EUROBAUSTOFF,5652,Karlsruhe,Retail,http://www.eurobaustoff.de
EUROCHEM AGRO,1249,Mannheim,"Chemicals, Petroleum, Rubber & Plastic",http://www.eurochemagro.com
EURO COMFORT HOLDING,365,Bocholt,Textiles & Clothing Manufacturing,http://www.eurocomfort.de
AIRBUS HELICOPTERS TIGER,372,Donauwoerth,Transport Manufacturing,http://www.eurocopter.de
EUROFIGHTER JAGDFLUGZEUG,3415,Hallbergmoos,Business Services,http://www.eurofighter.com
EUROGRID,10773,Berlin,Business Services,http://www.eurogrid-.de
EUROGROUP DEUTSCHLAND,809,Langenfeld,Wholesale,http://www.eurogroupde.eu
EUROIMMUN MEDIZINISCHE LABORDINOSTIKA,240,Luebeck,"Chemicals, Petroleum, Rubber & Plastic",http://www.euroimmun.de
EUROJET TURBO GESELLSCHAFT MIT BESCHRAENKTER,389,Hallbergmoos,Business Services,http://www.eurojet.de
EUROMICRON,325,Frankfurt Am Main,"Industrial, Electric & Electronic Machinery",http://www.euromicron.de
EUROPA LEBENSVERSICHERUNG,368,Koln,"Banking, Insurance & Financial Services",http://www.europa.de
EUROPA-PARK & CO MACK KG,312,Rust,"Travel, Personal & Leisure",http://www.europapark.de
EUROPART GROUP,459,Hagen,Business Services,http://www.europart.net
EUROPCAR AUTOVERMIETUNG,1108,Hamburg,"Travel, Personal & Leisure",http://www.europcar.de
EUROPCELL HOLDING,302,Hanau,Business Services,http://www.europcell.com
EUROPIPE,998,Muelheim,Metals & Metal Products,http://www.europipe.com
EPI EUROPROP INTERNATIONAL,473,Muenchen,Transport Manufacturing,http://www.europrop-int.com
EUROVIA TEERBAU,352,Bottrop,Construction,http://www.eurovia.de
ENERGIEVERSORGUNGS- UND VERKEHRSGESELLSCHAFT MIT BESCHRAENKTER AACHEN,709,Aachen,Business Services,http://www.eva-aachen.de
CTS EVENTIM,1471,Bremen,"Travel, Personal & Leisure",http://www.eventim.de
EVH,435,Halle,Utilities,http://www.evh.de
EVANGELISCHE HEIMSTIFTUNG,401,Stuttgart,"Public Administration, Education, Health Social Services",http://www.ev-heimstiftung.de
EVANGELISCHES KLINIKUM BETHEL G,334,Bielefeld,"Public Administration, Education, Health Social Services",http://www.evkb.de
ENERGIEVERSORGUNG MITTELRHEIN,731,Koblenz,Utilities,http://www.evm.de
ENERGIEVERSORGUNG OFFENBACH,295,Offenbach,Utilities,http://www.evo-ag.de
ENERGIEVERSORGUNG OBERHAUN,210,Oberhausen,Utilities,http://www.evo-energie.de
EVONIK INDUSTRIES,13443,Essen,"Chemicals, Petroleum, Rubber & Plastic",http://www.evonik.de
EVOTEC,524,Hamburg,Biotechnology and Life Sciences,http://www.evotec.com
EVANGELISCHER VERBUND RUHR GEMEINNUETZIGE,344,Herne,"Public Administration, Education, Health Social Services",http://www.ev-verbund-ruhr.de
ESSENER VERSORGUNGS- UND VERKEHRSGESELLSCHAFT (EVV),692,Essen,Business Services,http://www.evv-online.de
EWE,5879,Oldenburg,Business Services,http://www.ewe.de
EWE NETZ,2784,Oldenburg,Utilities,http://www.ewe-netz.de
ELEKTRIZITAETSWERK MITTELBADEN VERWALTUNGS,308,Lahr,Business Services,http://www.e-werk-mittelbaden.de
EWE,6220,Oldenburg,Business Services,http://www.ewe-verband.de
EW GROUP,2594,Visbek,Business Services,http://www.ew-group.de
E WIE EINFACH,341,Koeln,Utilities,http://www.e-wie-einfach.de
ENERGIE- UND WASSERVERSORGUNG MITTLERES RUHRGEBIET,1385,Bochum,Utilities,http://www.ewmr.de
EWN ENTSORGUNGSWERK FUER NUKLEARANLAGEN,416,Rubenow,"Industrial, Electric & Electronic Machinery",http://www.ewn-.de
ENERGIE UND WASSER POTSDAM,287,Potsdam,Utilities,http://www.ewp-potsdam.de
EWR,368,Worms,Utilities,http://www.ewr.de
EXIDE TECHNOLOGIES,380,Buedingen,Wholesale,http://www.exide.com
EXIMO RO-MARKETING,152,Hamburg,Wholesale,http://www.eximo.de
EXPERT,1880,Langenhagen,Wholesale,http://www.expert.de
EXTRAENERGIE,508,Monheim,Business Services,http://www.extraenergie.com
MOBIL ERDGAS-ERDOEL,383,Hamburg,Business Services,http://www.exxonmobil.com
EXXONMOBIL GAS MARKETING DEUTSCHLAND,667,Hamburg,Mining & Extraction,http://www.exxonmobil.de
EY,2092,Stuttgart,Business Services,http://www.ey.com
ECKERT & ZIEGLER STRAHLEN- UND MEDIZINTECHNIK,181,Berlin,Wholesale,http://www.ezag.de
FABER-CASTELL,606,Stein,Business Services,http://www.faber-castell.de
KLAUS FABER,320,Saarbruecken,"Industrial, Electric & Electronic Machinery",http://www.faberkabel.de
FACEBOOK GERMANY,442,Hamburg,Business Services,http://www.facebook.de
FAIRENERGIE,296,Reutlingen,Utilities,http://www.fairenergie.de
FALKEN TYRE EUROPE,344,Offenbach,Retail,http://www.falken-europe.de
GEBR. FASSMER,188,Berne,Business Services,http://www.fassmer.de
FAUN UMWELTTECHNIK,413,Osterholz-Scharmbeck,Transport Manufacturing,http://www.faun.com
FAURECIA AUTOMOTIVE,2029,Stadthagen,Business Services,http://www.faurecia.com
FAZIT-STIFTUNG GEMEINNUETZIGE VERLAGSGESELLSCHAFT,344,Frankfurt,"Public Administration, Education, Health Social Services",http://www.fazit-stiftung.de
FCA BANK DEUTSCHLAND,457,"Heilbronn, Neckar","Banking, Insurance & Financial Services",http://www.fcabank.de
F.C. BAYERN MUENCHEN,682,Muenchen,"Travel, Personal & Leisure",http://www.fcbayern.de
FERDINAND BILSTEIN,480,Ennepetal,Wholesale,http://www.febi.com
ROLF FEHRER GESELLSCHAFT MIT BESCHRAENKTER,668,Kitzingen,Business Services,http://www.fehrer.com
KAEFER,140,Parsdorf,Business Services,http://www.feinkost-kaefer.de
FELIX SCHOELLER HOLDING,842,Osnabrueck,Business Services,http://www.felix-schoeller.com
AGCO,648,Marktoberdorf,"Industrial, Electric & Electronic Machinery",http://www.fendt.com
FENEBERG LEBENSMITTEL,435,Kempten,Retail,http://www.feneberg.de
ESF ELBE-STAHLWERKE FERALPI,515,Riesa,Metals & Metal Products,http://www.feralpi.de
FERCHAU,689,Gummersbach,Business Services,http://www.ferchau.de
FERCHAU HOLDING,974,Gummersbach,Business Services,http://www.ferchau-online.de
FERRERO MIDDLE AND EASTERN EUROPE,5083,Frankfurt,Business Services,http://www.ferrero.de
FERRING,337,Kiel,"Chemicals, Petroleum, Rubber & Plastic",http://www.ferring.de
"FESER, GRAF & CO. AUTOMOBIL HOLDING",954,Nuernberg,Business Services,http://www.feser-graf-gruppe.de
FESTO BETEILIGUNGEN,3398,Esslingen,Business Services,http://www.festo.com
FEV GROUP,673,Aachen,Business Services,http://www.fev.com
FFG EUROPEAN AND AMERICAN HOLDINGS,490,Eislingen,Business Services,http://www.ffg-ea.com
FINANZ INFORMATIK,1972,Frankfurt,Business Services,http://www.f-i.de
FCA GERMANY,2763,Frankfurt,Wholesale,http://www.fiat.de
FIDUCIA & GAD IT,1695,Frankfurt,Computer Software,http://www.fiduciagad.de
LEOPOLD FIEBIG,329,Rheinstetten,Wholesale,http://www.fiebig.de
FIELMANN,1539,Hamburg,"Industrial, Electric & Electronic Machinery",http://www.fielmann.de
FIWA,209,Tuerkheim,Business Services,http://www.finsterwalder.com
FIN TECH GROUP,127,Kulmbach,"Banking, Insurance & Financial Services",http://www.fintechgroup.com
HEINRICH FIP,372,Osnabrueck,Wholesale,http://www.fip.de
FIRST NSOR,162,Berlin,"Industrial, Electric & Electronic Machinery",http://www.first-sensor.com
FISCHER HOLDING,864,Waldachtal,Business Services,http://www.fischerwerke.de
FINANZ INFORMATIK TECHNOLOGIE SERVICE,345,Haar,Business Services,http://www.f-i-ts.de
FLEETCOR DEUTSCHLAND,401,Frankfurt,"Travel, Personal & Leisure",http://www.fleetcor.de
FLEGGAARD,484,Harrislee,Property Services,http://www.fleggaard.dk
FRANZ BETEILIGUNGSGESELLSCHAFT,690,Koeln,Business Services,http://www.fleischhauer.com
FLEX-N-GATE GERMANY,306,Ingolstadt,Transport Manufacturing,http://www.flex-n-gate.com
FRANKFURT MUNCHENER LEBENSVERSICHERUNG,183,Munchen,"Banking, Insurance & Financial Services",http://www.flgruppe.de
FLINT GROUP GERMANY,326,Stuttgart,Wholesale,http://www.flintgrp.com
FLIXMOBILITY,563,Muenchen,"Transport, Freight & Storage",http://www.flixbus.de
CARMEILE,147,Wuppertal,Business Services,http://www.flohmarkt-wuppertal.de
FLOTTWEG,208,Vilsbiburg,"Industrial, Electric & Electronic Machinery",http://www.flottweg.com
FLS GERMANY HOLDING,319,Pinneberg,Business Services,http://www.flsmidth.com
FLUGHAFEN STUTTGART GESELLSCHAFT MIT BESCHRAENKTER,326,Stuttgart,"Transport, Freight & Storage",http://www.flughafen-stuttgart.de
F&F BETEILIGUNGS-VERWALTUNGS,357,Veitshoechheim,Business Services,http://www.flyeralarm.com
FLYERALARM,332,Wuerzburg,Printing & Publishing,http://www.flyeralarm.de
FRENIUS MEDICAL CARE,17502,Bad Homburg,"Industrial, Electric & Electronic Machinery",http://www.fmc-ag.com
FOCKE & CO. ( ),538,Verden,,http://www.focke.com
NEW NIEDERRHEIN ENERGIE UND WASSER,624,Moenchengladbach,Utilities,http://www.fohlenstrom.de
FORD DEUTSCHLAND HOLDING,22585,Koeln,Business Services,http://www.ford.de
FORFARMERS,2368,Vechta,Business Services,http://www.forfarmers.de
FORMEL D VERWALTUNGS,329,Troisdorf,Business Services,http://www.formeld.com
FOSSIL (EUROPE),320,Grabenstaett,Wholesale,http://www.fossil.de
FRAMATOME,707,Erlangen,Business Services,http://www.framatome.com
FRANCOTYP-POSTALIA HOLDING,209,Birkenwerder,Communications,http://www.francotyp.com
FRANKE DEUTSCHLAND HOLDING,511,Bad Saeckingen,Business Services,http://www.franke.com
FRAPORT FRANKFURT AIRPORT,3740,Frankfurt Am Main,"Transport, Freight & Storage",http://www.fraport.de
FREENET,2998,Budelsdorf,Communications,http://www.freenet.ag
FRENIUS,35863,Bad Homburg V.D.H.,Health Care Facilities and Services,http://www.fresenius.de
ALLEGRO INVEST,1628,Krefeld,Business Services,http://www.fressnapf.de
FREUDENBERG,9773,Weinheim,Business Services,http://www.freudenberg.de
FREUDENBERG FILTRATION TECHNOLOGIES,2037,Weinheim,"Industrial, Electric & Electronic Machinery",http://www.freudenberg-filter.de
FEUDENBERG PERFORMANCE MATERIALS HOLDING,937,Weinheim,Business Services,http://www.freudenberg-nw.com
FREUDENBERG PERFORMANCE MATERIALS,936,Weinheim,Textiles & Clothing Manufacturing,http://www.freudenberg-nw.de
"DUESER, GRAMBART, V. D. LINDE",353,Oldenburg,Business Services,http://www.freylind.de
GPS BETEILIGUNGS,3306,Mannheim,Business Services,http://www.friatec.de
FRICKE GROUP,843,Heeslingen,Wholesale,http://www.fricke.de
FRISCHLI MILCHWERKE,539,Rehburg-Loccum,Wholesale,http://www.frischli.de
FRISCHPACK,310,Tuntenhausen,Wholesale,http://www.frischpack.de
FRITZ BAUSTOFFE,315,Rimsting,Retail,http://www.fritz-baustoffe.de
FMI,434,Aying,Business Services,http://www.fritzmeier.de
CAM EISENHOLDING,780,Stadtallendorf,Business Services,http://www.fritzwinter.de
FRONERI SCHOELLER,353,Nuernberg,Food & Tobacco Manufacturing,http://www.froneri-schoeller.de
FROSTA,531,Bremerhaven,Wholesale,http://www.frosta-ag.com
FROZEN FISH INTERNATIONAL,290,Bremerhaven,Food & Tobacco Manufacturing,http://www.frozenfish.de
FRUCHTHOF NAGEL,621,Neu-Ulm,Wholesale,http://www.fruchthof.de
FUDE + SERRAHN MILCHPRODUKTE,1131,Hamburg,Wholesale,http://www.fs-milchprodukte.de
FREUDENBERG SEALING TECHNOLOGIES,2375,Weinheim,Transport Manufacturing,http://www.fst.com
FTI TOURISTIK,3254,Muenchen,"Travel, Personal & Leisure",http://www.fti.de
RUDOLF FUCHS,2641,Mannheim,"Banking, Insurance & Financial Services",http://www.fuchs.com
DF WORLD OF SPICES,546,Dissen,Wholesale,http://www.fuchs-gewuerze.de
FUCHS PETROLUB,2595,Mannheim,"Chemicals, Petroleum, Rubber & Plastic",http://www.fuchs-oil.de
FUER SIE LEBENSMITTELHANDEL-VERWALTUNGSGESELLSCHAFT,1012,Koeln,Wholesale,http://www.fuer-sie-eg.de
FUJIFILM EUROPE,382,Duesseldorf,Wholesale,http://www.fujifilm.de
FUJITSU TECHNOLOGY SOLUTIONS,2829,Muenchen,Wholesale,http://www.fujitsu.com
FUNKE MEDIENGRUPPE AA,1294,Essen,,http://www.funkemedien.de
FORSCHUNGSZENTRUM JUELICH,654,Juelich,Biotechnology and Life Sciences,http://www.fz-juelich.de
GABOR SHOES,336,Rosenheim,Textiles & Clothing Manufacturing,http://www.gabor.de
G IMMOBILIEN,392,Koeln,Property Services,http://www.gag-koeln.de
GALERIA KARSTADT KAUFHOF,2344,Essen,Retail,http://www.galeria.de
GARDENA MANUFACTURING,1080,Ulm,"Chemicals, Petroleum, Rubber & Plastic",http://www.gardena.com
GARDNER DENVER DEUTSCHLAND,304,Bad Neustadt,"Industrial, Electric & Electronic Machinery",http://www.gardnerdenver.com
GARMO,160,Stuttgart,Wholesale,http://www.garmo.de
UNIVERSAL UTILITY INTERNATIONAL,1195,Kaarst,Utilities,http://www.gas.de
GASAG,1265,Berlin,Utilities,http://www.gasag.de
GAS-UNION,4912,Frankfurt,Utilities,http://www.gas-union.de
GATEWAY REAL ESTATE,190,Frankfurt Am Main,Property Services,http://www.gateway-re.de
GAULMANN,1816,Espelkamp,Business Services,http://www.gauselmann.com
KOENA,434,Muenster,Business Services,http://www.gautzsch.de
GAZPROM GERMANIA,27877,Berlin,Utilities,http://www.gazprom-germania.de
DAWONIA REAL ESTATE,693,Muenchen,Business Services,http://www.gbw-gruppe.de
GRIES DECO HOLDING,473,Niedernberg,Retail,http://www.g-d-c.eu
GENERAL ELECTRIC DEUTSCHLAND HOLDING,2261,Frankfurt,Business Services,http://www.ge.com
GEA GROUP,4907,Dusseldorf,Business Services,http://www.geagroup.com
GEBERIT PRODUKTIONS,1027,Pfullendorf,"Chemicals, Petroleum, Rubber & Plastic",http://www.geberit.de
GEBR. HEINEMANN VERWALTUNGS,3467,Hamburg,Business Services,http://www.gebr-heinemann.de
GEBR. DINGERKUS,702,Attendorn,Property Services,http://www.gedia.com
GEFO GESELLSCHAFT FUER OELTRANSPORTE,399,Hamburg,"Transport, Freight & Storage",http://www.gefo.com
GEGENBAUER HOLDING,761,Berlin,Business Services,http://www.gegenbauer.de
GE HEALTHCARE EUROPE,601,Freiburg,Wholesale,http://www.gehealthcare.com
GE HEALTHCARE,416,Solingen,Wholesale,http://www.gehealthcare.de
GEIS HOLDING,854,Bad Neustadt,Business Services,http://www.geis-group.com
GELITA,770,Eberbach,"Chemicals, Petroleum, Rubber & Plastic",http://www.gelita.com
GELNWASSER,2964,Gelsenkirchen,Utilities,http://www.gelsenwasser.de
THALES DIS AIS DEUTSCHLAND,359,Muenchen,"Industrial, Electric & Electronic Machinery",http://www.gemalto.com/iot
BAKER HUGHES DIGITAL SOLUTIONS,391,Huerth,Wholesale,http://www.gemeasurement.com/inspection-ndt
GEMEINSCHAFTSKLINIKUM MITTELRHEIN G.,307,Koblenz,"Public Administration, Education, Health Social Services",http://www.gemeinschaftsklinikum.de
GEMUESERING STUTTGART,1082,Stuttgart,Wholesale,http://www.gemuesering.de
GEMUE HOLDING & CO.KG,352,Ingelfingen,Business Services,http://www.gemu-group.com
PROXALTO LEBENSVERSICHERUNG,2751,Munchen,"Banking, Insurance & Financial Services",http://www.generali.de
GENERALI DEUTSCHLAND INFORMATIK SERVICES,306,Aachen,Business Services,http://www.generali-informatik.de
GENERALI DEUTSCHLAND PENSIONSKAS,123,Aachen,"Banking, Insurance & Financial Services",http://www.generali-pensionskasse.de
GENTHERM ENTERPRISES,445,Odelzhausen,Wholesale,http://www.gentherm-heizelemente.de
GEODIS FF GERMANY,299,Hamburg,"Transport, Freight & Storage",http://www.geodiswilson.com
ARCELORMITTAL COMMERCIAL GERMANY,1938,Koeln,Business Services,http://www.germany.arcelormittal.com
GERRESHEIMER,1510,Dusseldorf,"Leather, Stone, Clay & Glass products",http://www.gerresheimer.com
GERRY WEBER INTERNATIONAL,498,Halle/Westfalen,Textiles & Clothing Manufacturing,http://www.gerryweber-ag.de
GESCO,442,Wuppertal,"Industrial, Electric & Electronic Machinery",http://www.gesco.de
GESOBAU,306,Berlin,Property Services,http://www.gesobau.de
GESTAMP UMFORMTECHNIK,506,Ludwigsfelde,Metals & Metal Products,http://www.gestamp-umformtechnik.de
GESUNDHEIT NORD G KLINIKVERBUND BREMEN,740,Bremen,Business Services,http://www.gesundheitnord.de
GESUNDHEIT NORDHESN HOLDING,444,Kassel,Business Services,http://www.gesundheit-nordhessen.de
CIDRON GLORIA INVESTMENT,596,Ahrensburg,Business Services,http://www.gesundheits.de
G+E GETEC HOLDING,641,Magdeburg,Business Services,http://www.getec.de
GETEC ENERGIE,865,Hannover,Utilities,http://www.getec-energie.de
GETRAG FORD TRANSMISSIONS,1121,Koeln,Metals & Metal Products,http://www.getrag.com
GETREIDE- VORM. P. KRU - CHR. SIECK,653,Hamburg,Wholesale,http://www.getreide-ag.de
GEWI,152,Hannover,Utilities,http://www.gewi-ag.de
GEWOBA WOHNEN UND BAUEN,275,Bremen,Property Services,http://www.gewoba.de
GEWOB WOHNUNGSBAU- BERLIN,441,Berlin,Property Services,http://www.gewobag.de
GEZE,463,Leonberg,Metals & Metal Products,http://www.geze.de
GFK,1330,Nuernberg,Business Services,http://www.gfk.com
GFT TECHNOLOGIES,439,Stuttgart,Business Services,http://www.gft.com
GGEW GRUPPEN-GAS UND ELEKTRIZITAETSWERK BERGSTRAS,261,Bensheim,Utilities,http://www.ggew.de
GIESECKE+DEVRIENT GESELLSCHAFT MIT BESCHRAENKTER,2300,Muenchen,Printing & Publishing,http://www.gieseckedevrient.com
GIGAT,271,Munchen,Wholesale,http://www.gigaset.com
GILEAD SCIENCES,467,Planegg,Wholesale,http://www.gilead.com
TENNECO,781,Edenkoben,"Industrial, Electric & Electronic Machinery",http://www.gillet.com
GIM EXPORT GROUP,285,Goettingen,Wholesale,http://www.gimexport.com
GIZ,2568,Eschborn,"Public Administration, Education, Health Social Services",http://www.giz.de
GKG MINERALOEL HANDEL,613,Stuttgart,Wholesale,http://www.gkg-oel.de
GROSSKRAFTWERK MANNHEIM,776,Mannheim,Utilities,http://www.gkm.de
GKN DRIVELINE DEUTSCHLAND,688,Offenbach,Metals & Metal Products,http://www.gknplc.com
GLAS TROESCH EUROHOLDING,643,Bad Krozingen,Business Services,http://www.glastroesch.de
GLAXOSMITHKLINE BETEILIGUNGS,1517,Muenchen,Business Services,http://www.glaxosmithkline.de
GREAT LAKES INSURANCE,4021,Munchen,"Banking, Insurance & Financial Services",http://www.glise.com
GLOBAL TECH I OFFSHORE WIND,299,Hamburg,Utilities,http://www.globaltechone.de
GLOBUS HOLDING,6903,St. Wendel,Property Services,http://www.globus.de
GLOVIS EUROPE,440,Frankfurt,"Transport, Freight & Storage",http://www.glovis.eu
GLS BETEILIGUNGS,1347,Neuenstein,Business Services,http://www.gls-germany.com
BERNHARD GLUECK KIES-SAND-HARTSTEINSPLITT,611,Graefelfing,Mining & Extraction,http://www.glueck-kies.de
FEDERAL-MOGUL HOLDING DEUTSCHLAND,1643,Wiesbaden,Business Services,http://www.glyco.de
GMH GUSS,419,Schwerte,Business Services,http://www.gmh-gruppe.de
GEORGSMARIENHUETTE,2268,Georgsmarienhuette,Business Services,http://www.gmh-holding.de
GMH RECYCLING,485,Osnabrueck,Wholesale,http://www.gmh-recycling.de
ORTWIN GOLDBECK HOLDING,2996,Bielefeld,Business Services,http://www.goldbeck.de
GOLDHOFER,234,Memmingen,Transport Manufacturing,http://www.goldhofer.de
GOLDMAN SACHS BANK EUROPE,150,Frankfurt Am Main,"Banking, Insurance & Financial Services",http://www.goldmansachs.com/disclosures/gsbank
GOLDSTEIG KAESEREIEN BAYERWALD,546,Cham,Food & Tobacco Manufacturing,http://www.goldsteig.de
GONVAUTO THUERINGEN,286,Amt Wachsenburg,Metals & Metal Products,http://www.gonvauto.de
GOODMILLS DEUTSCHLAND,451,Hamburg,Food & Tobacco Manufacturing,http://www.goodmills.de
GOOGLE GERMANY,554,Hamburg,Computer Software,http://www.google.de
W.L. GORE & ASSOCIATES,680,Putzbrunn,Textiles & Clothing Manufacturing,http://www.gore.com
HPV HANSEATIC PETROL VERTRIEBS,312,Berlin,Retail,http://www.go-tankstellen.de
GOTTFRIED SCHULTZ B.V. & CO.KG,1308,Ratingen,Wholesale,http://www.gottfried-schultz.de
GP GUENTER PAPENBURG,818,Hannover,Wholesale,http://www.gp-papenburg.de
GRACE,636,Worms,"Chemicals, Petroleum, Rubber & Plastic",http://www.grace.com
GUENTHER GRAF VON HARDENBERG,392,Singen,Business Services,http://www.grafhardenberg.de
GRAMMER,2059,Amberg,Transport Manufacturing,http://www.grammer.com
GREENLAND SEAFOOD WILHELMSHAVEN,338,Wilhelmshaven,Food & Tobacco Manufacturing,http://www.greenlandseafood.eu
GREENYARD FRESH HOLDING DE,1126,Bremen,"Travel, Personal & Leisure",http://www.greenyardfresh.de
GRENKE,594,Baden-Baden,"Banking, Insurance & Financial Services",http://www.grenke.de
GRENZEBACH MASCHINENBAU,346,Asbach-Baeumenheim,,http://www.grenzebach.com
GRILLO-WERKE,813,Duisburg,Metals & Metal Products,http://www.grillo.de
WILHELM GRILLO HANDELSGESELLSCHAFT,1104,Duisburg,Wholesale,http://www.grillohandel.de
GRIMME,506,Damme,Business Services,http://www.grimme.de
GROB-WERKE,1503,Mindelheim,"Industrial, Electric & Electronic Machinery",http://www.grobgroup.com
GROHE HOLDING,1458,Hemer,Business Services,http://www.grohe.com
PG BETEILIGUNGEN,473,St. Ingbert,Business Services,http://www.gross-bau.de
JUMIA TECHNOLOGIES,133,Berlin,Business Services,http://www.group.jumia.com
KERNKRAFTWERKE LIPPE-EMS GESELLSCHAFT MIT BESCHRAENKTER,332,Lingen,Utilities,http://www.group.rwe
GROUP7,122,Oberding,"Transport, Freight & Storage",http://www.group-7.de
GROUPE SEB DEUTSCHLAND,322,Frankfurt,Business Services,http://www.groupseb.com
GRUENENTHAL PHARMA & CO. KOMMANDITGESELLSCHAFT,1377,Aachen,"Chemicals, Petroleum, Rubber & Plastic",http://www.gruenenthal.com
DSD - DUALES SYSTEM HOLDING,617,Koeln,Business Services,http://www.gruener-punkt.de
GRUENENTHAL,681,Aachen,"Chemicals, Petroleum, Rubber & Plastic",http://www.grunenthal.com
GEWERBESIEDLUNGS-GESELLSCHAFT MIT BESCHRAENKTER,546,Berlin,Business Services,http://www.gsg.de
GSI HELMHOLTZZENTRUM FUER SCHWERIONENFORSCHUNG,293,Darmstadt,Business Services,http://www.gsi.de
GSW IMMOBILIEN,425,Berlin,Construction,http://www.gsw.de
GTUE GESELLSCHAFT FUER TECHNISCHE UEBERWACHUNG,373,Stuttgart,Business Services,http://www.gtue.de
GRETSCH-UNITAS,546,Ditzingen,Business Services,http://www.g-u.com
G - ELIT PRAEZISIONSWERKZEUG-GESELLSCHAFT MIT BESCHRAENKTER,338,Berlin,Metals & Metal Products,http://www.guehring.de
GUENTHER,168,Bamberg,Business Services,http://www.guenther-holding.com
GULP CONSULTING SERVICES,406,Muenchen,Business Services,http://www.gulp.de
GUNVOR DEUTSCHLAND,3081,Ingolstadt,"Chemicals, Petroleum, Rubber & Plastic",http://www.gunvor-deutschland.de
GUTMANN,121,Weissenburg,Metals & Metal Products,http://www.gutmann.de
GUT VON HOLSTEIN,384,Bad Bramstedt,Wholesale,http://www.gut-von-holstein.de
GASVERSORGUNG SUEDDEUTSCHLAND,1315,Stuttgart,Utilities,http://www.gvs-erdgas.de
GWG GELLSCHAFT FUER WOHNUNGS- UND GEWERBEBAU BADEN-WUERTTEMBERG,166,Stuttgart,Property Services,http://www.gwg-gruppe.de
SHB SCHWAEBISCH HALLER BETEILIGUNGSGESELLSCHAFT,545,Schwaebisch Hall,Business Services,http://www.gwg-sha.de
GWH WOHNUNGSGESELLSCHAFT HESSEN,330,Frankfurt,Property Services,http://www.gwh.de
GEBRUEDER WEISS,1695,Memmingen,"Transport, Freight & Storage",http://www.gw-world.com
HABERMAASS,384,Bad Rodach,Miscellaneous Manufacturing,http://www.haba.de
HACH LANGE,341,Berlin,Wholesale,http://www.hach.com
HAECKER KUECHEN,613,Roedinghausen,"Wood, Furniture & Paper Manufacturing",http://www.haecker-kuechen.de
HAEFELE,1447,Nagold,Wholesale,http://www.haefele.de
HAEMATO PHARM,285,Schoenefeld,"Chemicals, Petroleum, Rubber & Plastic",http://www.haemato.de
HAGEBAU,5915,Soltau,Wholesale,http://www.hagebau.com
HAGEBAU LOGISTIK,465,Soltau,Wholesale,http://www.hagebau-logistik.com
HAGEDA-STUMPF,360,Muenchen,Wholesale,http://www.hagedastumpf.de
HAUPTGENOSNSCHAFT NORD,1368,Kiel,Wholesale,http://www.hage-kiel.de
HAGER,1896,Blieskastel,Business Services,http://www.hager.de
HAHN AIR LINES,824,Dreieich,,http://www.hahnair.com
HAHN AUTOMOBILE,507,Fellbach,Wholesale,http://www.hahn-automobile.de
FLUGHAFEN HAMBURG GESELLSCHAFT MIT BESCHRAENKTER,337,Hamburg,"Transport, Freight & Storage",http://www.ham.airport.de
HAMA HAMAPHOT HANKE & THOMAS,547,Monheim,Business Services,http://www.hama.de
HAMBERGER HOLDING,334,Stephanskirchen,Business Services,http://www.hamberger.com
HAMBERGER INDUSTRIEWERKE,334,Stephanskirchen,Business Services,http://www.hamberger.de
HAMBURGER RIEGER,337,Trostberg,Wholesale,http://www.hamburger-rieger.com
HANDELSMARKEN GESELLSCHAFT MIT BESCHRAENKTER,856,Offenburg,Business Services,http://www.handelsmarken-.de
HANDTMANN BETEILIGUNGEN,911,Biberach,Business Services,http://www.handtmann.de
HPM DIE HANDWERKSGRUPPE,366,Hamburg,Business Services,http://www.handwerksgruppe.de
FRANZ HANIEL,4829,Duisburg,Business Services,http://www.haniel.de
HANKOOK REIFEN DEUTSCHLAND,434,Neu-Isenburg,Wholesale,http://www.hankookreifen.de
HANSA-FLEX,471,Bremen,"Chemicals, Petroleum, Rubber & Plastic",http://www.hansa-flex.com
HANSA-HEEMANN,330,Rellingen,Food & Tobacco Manufacturing,http://www.hansa-heemann.de
H.O.T. HANSEATIC OIL TRADING,446,Hamburg,Wholesale,http://www.hanseatic-oil-trading.de
HANYACHTS,158,Greifswald,Transport Manufacturing,http://www.hansegroup.com
HANMERKUR LEBENSVERSICHERUNG,217,Hamburg,"Banking, Insurance & Financial Services",http://www.hansemerkur.de
HANSGROHE,1129,Schiltach,Metals & Metal Products,http://www.hansgrohe.de
KUPFER HOLDING,190,Heilsbronn,Business Services,http://www.hanskupfer.de
HAPAG-LLOYD,12648,Hamburg,"Transport, Freight & Storage",http://www.hapag-lloyd.com
HARMAN BECKER AUTOMOTIVE SYSTEMS,1334,Karlsbad,"Industrial, Electric & Electronic Machinery",http://www.harman.com
HARMONIC DRIVE,120,Limburg,Metals & Metal Products,http://www.harmonicdrive.de
HARRY-BROT,1051,Schenefeld,Food & Tobacco Manufacturing,http://www.harry-brot.de
PAUL HARTMANN,2212,Heidenheim,"Chemicals, Petroleum, Rubber & Plastic",http://www.hartmann.info
HARTMANN,429,Leer,"Transport, Freight & Storage",http://www.hartmann-ag.com
A. HARTRODT ( & CO) KG,542,Hamburg,"Transport, Freight & Storage",http://www.hartrodt.com
HARZ ENERGIE,297,Osterode,Utilities,http://www.harzenergie.de
ERW INDUSTRIEVERWALTUNG,516,Battenberg,Business Services,http://www.hasenclever.com/d/index_d.html
FRANZ JOSEF HASLBERGER & CO. BETEILIGUNGS KG,470,Freising,Business Services,http://www.hasit.de
HAMBURGER SPARKAS (AKA),989,Hamburg,"Banking, Insurance & Financial Services",http://www.haspa.de
HASSIA MINERALQUELLEN,310,Bad Vilbel,Food & Tobacco Manufacturing,http://www.hassia.com
HAUCK & AUFHAUR PRIVATBANKIERS,192,Frankfurt Am Main,"Banking, Insurance & Financial Services",http://www.hauck-aufhaeuser.com
BAYERISCHE HAUSBAU,574,Muenchen,Business Services,http://www.hausbau.de
HAVAS MEDIA GERMANY,334,Frankfurt,Business Services,http://www.havasmedia.de
HAVI LOGISTICS,1707,Duisburg,"Transport, Freight & Storage",http://www.havi.com
HAWE HYDRAULIK,390,Aschheim,Metals & Metal Products,http://www.hawe.com
HAWESKO HOLDING,580,Hamburg,Retail,http://www.hawesko.com
HAYS,1533,Mannheim,Computer Software,http://www.hays.de
HAMBURG COMMERCIAL BANK,690,Hamburg,"Banking, Insurance & Financial Services",http://www.hcob-bank.de
HCS GROUP,408,Hamburg,Business Services,http://www.h-c-s-group.com
HDI LEBENSVERSICHERUNG,1699,Koln,"Banking, Insurance & Financial Services",http://www.hdi.de
HDI GLOBAL,4448,Hannover,"Banking, Insurance & Financial Services",http://www.hdi.global
HDI GLOBAL NETWORK,907,Hannover,"Banking, Insurance & Financial Services",http://www.hdi-gerling.de
HEAG,2118,Darmstadt,Business Services,http://www.heag.de
SIEMENS HEALTHCARE,2922,Muenchen,Biotechnology and Life Sciences,http://www.healthcare.siemens.com
HEBERGER HOLDING,346,Schifferstadt,Property Services,http://www.heberger.de
HECKLER & KOCH,228,Oberndorf Am Neckar,Metals & Metal Products,http://www.heckler-koch.com
AUTOHAUS HEERMANN UND RHEIN,699,Heilbronn,Wholesale,http://www.heermann-rhein.de
DETLEF HEGEMANN,167,Bremen,Business Services,http://www.hegemann-gruppe.de
HEIDELBERGER DRUCKMASCHINEN,2528,Heidelberg,"Industrial, Electric & Electronic Machinery",http://www.heidelberg.com
HEIDELBERGCEMENT,19126,Heidelberg,"Leather, Stone, Clay & Glass products",http://www.heidelbergcement.com
HEIDELBERGER BETON,341,Heidelberg,"Leather, Stone, Clay & Glass products",http://www.heidelberger-beton.de
HEIDELBERGER LEBENSVERSICHERUNG,677,Heidelberg,"Banking, Insurance & Financial Services",http://www.heidelberger-leben.de
KALVELAGE HOLDING,618,Hoeltinghausen,Business Services,http://www.heidemark.de
DR. JOHANNES HEIDENHAIN GESELLSCHAFT MIT BESCHRAENKTER,1396,Traunreut,"Industrial, Electric & Electronic Machinery",http://www.heidenhain.de
RAFFINERIE HEIDE,2410,Hemmingstedt,"Chemicals, Petroleum, Rubber & Plastic",http://www.heiderefinery.com
HEILMANN,137,Buechen,Retail,http://www.heilmann-ag.de
HEINZ-GLAS & CO. KGAA,334,Tettau,"Leather, Stone, Clay & Glass products",http://www.heinz-glas.com
SECURITON BETEILIGUNGS-,335,Sulzburg,Business Services,http://www.hekatron.de
HELIOS KLINIKEN SCHWERIN,353,Schwerin,"Public Administration, Education, Health Social Services",http://www.helios-kliniken.de/klinik/schwerin.html
HELLA,7234,Lippstadt,"Industrial, Electric & Electronic Machinery",http://www.hella.com
HELLER HOLDING,610,Nuertingen,Business Services,http://www.heller.biz
HARWICH HOLDING,369,Tornesch,Business Services,http://www.hellermanntyton.com
HELLMANN WORLDWIDE LOGISTICS,2673,Osnabrueck,"Transport, Freight & Storage",http://www.hellmann.com
HELLOFRESH,1813,Berlin,Food & Tobacco Manufacturing,http://www.hellofreshgroup.com
MKD VERMOEGENSVERWALTUNGS BETEILIGUNGS BERLIN,803,Berlin,Retail,http://www.hellweg.de
HELMA EIGENHEIMBAU,265,Lehrte,Construction,http://www.helma.de
HELM,5229,Hamburg,Wholesale,http://www.helmag.com
HELMHOLTZ ZENTRUM MUENCHEN DEUTSCHES FORSCHUNGSZENTR. FUER GESUNDHEIT U. UMWELT,317,Muenchen,Business Services,http://www.helmholtz-muenchen.de
HELU KABEL,618,Hemmingen,"Industrial, Electric & Electronic Machinery",http://www.helukabel.de
HELVETIA SCHWEIZERISCHE VERSICHERUNGSGELLSCHAFT,500,Frankfurt,"Banking, Insurance & Financial Services",http://www.helvetia.com
HELVETIA SCHWEIZERISCHE LEBENSVERSICHERUNGS,257,Frankfurt Am Main,"Banking, Insurance & Financial Services",http://www.helvetia.de
HEMPELMANN WITTEMOELLER,325,Hiddenhausen,Wholesale,http://www.hempelmann-wittemoeller.de
HENGST HOLDING,457,Muenster,Business Services,http://www.hengst.de
HENKEL,20255,Dusseldorf,"Chemicals, Petroleum, Rubber & Plastic",http://www.henkel.de
HENRY SCHEIN SERVICES,438,Langen,Wholesale,http://www.henryschein.de
HENRY SCHEIN DENTAL DEUTSCHLAND,374,Langen,Wholesale,http://www.henryschein-dental.de
HENSEL RECYCLING,387,Aschaffenburg,Waste Management & Treatment,http://www.hensel-recycling.com
HENSOLDT HOLDING,1164,Taufkirchen,Business Services,http://www.hensoldt.net
HERAEUS HOLDING GESELLSCHAFT MIT BESCHRAENKTER,20722,Hanau,Business Services,http://www.heraeus.de
HERISTO HOLDING,1322,Bad Rothenfelde,Business Services,http://www.heristo.de
HERMA HOLDING + CO.KG,374,Filderstadt,Business Services,http://www.herma.de
HERMANN LOTHER & CO. MINERALOELHANDELSGESELLSCHAFT,471,Hamburg,Retail,http://www.hermannlother.de
MASCHINENFABRIK BERTHOLD HERMLE,433,Gosheim,"Industrial, Electric & Electronic Machinery",http://www.hermle.de
HERRENKNECHT,1380,Schwanau,"Industrial, Electric & Electronic Machinery",http://www.herrenknecht.de
HERTZ AUTOVERMIETUNG,630,Eschborn,"Travel, Personal & Leisure",http://www.hertz.de
PHILIPPI & HERWECK HOLDING,441,St. Ingbert,Business Services,http://www.herweck.de
H E X A L,600,Holzkirchen,"Chemicals, Petroleum, Rubber & Plastic",http://www.hexal.de
HGDF FAMILIENHOLDING,689,Flensburg,Business Services,http://www.hgdf.de
HGM ENERGY,1121,Bremen,"Transport, Freight & Storage",http://www.hgm-energy.com
HAMBURGER HAFEN UND LOGISTIK,1417,Hamburg,"Transport, Freight & Storage",http://www.hhla.de
HOSPITALITY ALLIANCE,297,Muenchen,Business Services,http://www.h-hotels.com
HITACHI HIGH-TECH EUROPE,818,Krefeld,Wholesale,http://www.hht-eu.com
HTT HOLDING,679,Frankfurt,Business Services,http://www.hidden-peak-capital.com
HIL HEERESINSTANDSETZUNGSLOGISTIK,348,Bonn,Business Services,http://www.hil.de
HILTI DEUTSCHLAND,700,Kaufering,Metals & Metal Products,http://www.hilti.de
HIPP,635,Pfaffenhofen,Wholesale,http://www.hipp.de
HIRSCHVOGEL HOLDING,1315,Denklingen,Business Services,http://www.hirschvogel.com
DOHLE HANDELSGRUPPE HOLDING,1406,Siegburg,Business Services,http://www.hit.de
HITACHI AUTOMOTIVE SYSTEMS EUROPE GESELLSCHAFT MIT BESCHRAENKTER,330,Oberding,Wholesale,http://www.hitachi.de
HITACHI METALS EUROPE GESELLSCHAFT MIT BESCHRAENKTER,287,Duesseldorf,Wholesale,http://www.hitachi-metals.co.jp
HKL BAUMASCHINEN,380,Hamburg,"Industrial, Electric & Electronic Machinery",http://www.hkl-baumaschinen.de
HUETTENWERKE KRUPP MANNESMANN GESELLSCHAFT MIT BESCHRAENKTER,2548,Duisburg,Metals & Metal Products,http://www.hkm.de
H&M,2356,Hamburg,Retail,http://www.hm.com
HMS BERGBAU,260,Berlin,Retail,http://www.hms-ag.com
HOBBY-WOHNWAGENWERK ING. HARALD STRIEWSKI,507,Fockbek,"Industrial, Electric & Electronic Machinery",http://www.hobby-caravan.de
HOBERG & DRIESCH,838,Duesseldorf,Business Services,http://www.hoberg-driesch.de
IMPLENIA HOCHBAU,348,Raunheim,Construction,http://www.hochbau.implenia.com
HOCHLAND HOLDING,1532,Heimenkirch,Business Services,http://www.hochland-group.com
HOCHTIEF,25967,Essen,Construction,http://www.hochtief.de
HOCHWALD FOODS,1186,Thalfang,Food & Tobacco Manufacturing,http://www.hochwald.de
HOERBIGER DEUTSCHLAND HOLDING,597,Schongau,Business Services,http://www.hoerbiger.com
HOERMANN HOLDING & CO.KG,690,Kirchseeon,"Banking, Insurance & Financial Services",http://www.hoermann-gruppe.de
FRANZ HOFFMANN & CO. VERWALTUNGS KG,741,Muenchen,Business Services,http://www.hoffmann-group.com
I.K. HOFMANN,943,Nuernberg,Business Services,http://www.hofmann.info
HOLIDAYCHECK GROUP,144,Munchen,Business Services,http://www.holidaychecroup.com
GEORG VON HOLTZBRINCK,1558,Stuttgart,Business Services,http://www.holtzbrinck.de
HOME24,376,Berlin,Wholesale,http://www.home24.de
HOMESTEAD,1218,Osnabrueck,Business Services,http://www.homestead.de
HOPPE,198,Stadtallendorf,Metals & Metal Products,http://www.hoppe.com
ACCUMULATORENWERKE HOPPECKE CARL ZOELLNER & SOHN,441,Brilon,Business Services,http://www.hoppecke.com
HORNBACH-BAUMARKT,4184,Bornheim,Retail,http://www.hornbach.de
HORNBACH MANEMENT,4458,Annweiler,Business Services,http://www.hornbach-holding.de
HORN GLASS INDUSTRIES,121,Ploessberg,Construction,http://www.hornglas.de
HORSCH HOLDING,429,Schwandorf,Business Services,http://www.horsch.com
HOSOKAWA ALPINE,267,Augsburg,"Industrial, Electric & Electronic Machinery",http://www.hosokawa-alpine.com
HOWOGE WOHNUNGSBAUGESELLSCHAFT MIT BESCHRAENKTER,395,Berlin,Property Services,http://www.howoge.de
HOYER ASSET MANAGEMENT,4303,Visselhoevede,Business Services,http://www.hoyer-energie.de
HOYER INTERNATIONALE FACHSPEDITION,1214,Hamburg,"Transport, Freight & Storage",http://www.hoyer-group.com
HEWLETT-PACKARD,3110,Boeblingen,"Industrial, Electric & Electronic Machinery",http://www.hp.com
EQUITA & CO. HOLDING KGAA,493,Bad Homburg,"Banking, Insurance & Financial Services",http://www.hqequita.com
HR GROUP,403,Osnabrueck,Business Services,http://www.hr-group.de
HSBC TRINKAUS & BURKHARDT,815,Dusseldorf,"Banking, Insurance & Financial Services",http://www.hsbc.de
HSE24 MULTICHANNEL,853,Ismaning,Business Services,http://www.hse24.de
HSV FUSSBALL,131,Hamburg,"Travel, Personal & Leisure",http://www.hsv.de
HUAWEI TECHNOLOGIES DEUTSCHLAND,2247,Duesseldorf,Wholesale,http://www.huawei.com
MHM HOLDING GESELLSCHAFT MIT BESCHRAENKTER,841,Kirchheim,Business Services,http://www.hubergroup.com
HUEBNER HOLDING,369,Kassel,Business Services,http://www.hubner-germany.com
HUEHOCO GROUP HOLDING,286,Wuppertal,Business Services,http://www.huehoco.de
HUELPERT,491,Dortmund,Business Services,http://www.huelpert.de
HUELSKENS HOLDING & CO.KG,312,Wesel,Business Services,http://www.huelskens-holding.de
HUETTENES-ALBERTUS CHEMISCHE WERKE GESELLSCHAFT MIT BESCHR.,685,Duesseldorf,Wholesale,http://www.huettenes-albertus.com
HUF HUELSBECK & FUERST,1233,Velbert,Metals & Metal Products,http://www.huf-group.com
HEINRICH HUGENDUBEL BETEILIGUNGS,291,Muenchen,Business Services,http://www.hugendubel.de
HUGO BOSS,2883,Metzingen,Textiles & Clothing Manufacturing,http://www.hugoboss.com
HP HOLDING,370,Hamburg,Wholesale,http://www.hugopfohe.de
HUISSEL TABAK,328,Nufringen,Wholesale,http://www.huissel.de
HUK-COBURG-ALLGEMEINE VERSICHERUNG,2274,Coburg,"Banking, Insurance & Financial Services",http://www.huk.de
HUK24,882,Coburg,"Banking, Insurance & Financial Services",http://www.huk24.de
H&R,1090,Salzbergen,"Chemicals, Petroleum, Rubber & Plastic",http://www.hur.com
HUTCHINSON HOLDING,307,Muenchen,Business Services,http://www.hutchinson.de
TABAK-UND CIGARETTENFABRIK HEINTZ VAN LANDEWYCK,862,Trier,Food & Tobacco Manufacturing,http://www.hvl.lu
WITTMANN & HOFMANN,167,Ingolstadt,"Banking, Insurance & Financial Services",http://www.hwgruppe.de
HYDRO ALUMINIUM ROLLED PRODUCTS,2471,Grevenbroich,Metals & Metal Products,http://www.hydro.com
HYMER,556,Bad Waldsee,Transport Manufacturing,http://www.hymer.com
HYPOPORT,339,Berlin,"Banking, Insurance & Financial Services",http://www.hypoport.de
UNICREDIT BANK,5022,Munchen,"Banking, Insurance & Financial Services",http://www.hypovereinsbank.de
HYUNDAI MOTOR DEUTSCHLAND,1807,Offenbach,Wholesale,http://www.hyundai.de
HYUNDAI MOTOR EUROPE,7431,Offenbach,Wholesale,http://www.hyundai-europe.com
IAV INGENIEURGESELLSCHAFT AUTO UND VERKEHR,886,Berlin,"Travel, Personal & Leisure",http://www.iav.de
IBC SOLAR,312,Bad Staffelstein,Business Services,http://www.ibc-solar.de
IBG INDUSTRIE-BETEILIGUNGS GESELLSCHAFT & CO. KOMMANDITGESELLSCHAFT,295,Koeln,Business Services,http://www.ibg-cologne.com
IBM,3945,Ehningen,Business Services,http://www.ibm.com
BK GIULINI,367,Ladenburg,Business Services,http://www.icl-pp.com
ICOF EUROPE,335,Hamburg,Wholesale,http://www.icofgroup.com
IDEAL AUTOMOTIVE,440,Bamberg,Textiles & Clothing Manufacturing,http://www.ideal-group.com
IFA HOLDING,716,Haldensleben,Business Services,http://www.ifa-group.com
IFA HOTELS & TOURISTIK,120,Duisburg,"Travel, Personal & Leisure",http://www.ifa-hotels.de
IFCO SYSTEMS,306,Pullach,Business Services,http://www.ifco.com
IFM ELECTRONIC,786,Essen,"Industrial, Electric & Electronic Machinery",http://www.ifm.com
IGLO,374,Hamburg,Food & Tobacco Manufacturing,http://www.iglo.de
IGUS,744,Koeln,"Chemicals, Petroleum, Rubber & Plastic",http://www.igus.de
IHI CHARGING SYSTEMS INTERNATIONAL,452,Amt Wachsenburg,"Industrial, Electric & Electronic Machinery",http://www.ihi-csi.de
MICHAEL BRUECKEN,846,Hagen,Wholesale,http://www.ihr-kaufpark.de
IKB DEUTSCHE INDUSTRIEBANK,171,Dusseldorf,"Banking, Insurance & Financial Services",http://www.ikb.de
IKEA DEUTSCHLAND,5098,Muenchen,Wholesale,http://www.ikea.de
ILIM NORDIC TIMBER,402,Wismar,"Wood, Furniture & Paper Manufacturing",http://www.ilimtimber.com
IMMANUEL ALBERTINEN DIAKONIE G,298,Hamburg,"Public Administration, Education, Health Social Services",http://www.immanuel.de
IMPERIAL LOGISTICS INTERNATIONAL,1089,Duisburg,Business Services,http://www.imperial-international.com
IMPLENIA CONSTRUCTION,362,Raunheim,Construction,http://www.implenia.com
IMS GEAR,524,Donaueschingen,Metals & Metal Products,http://www.imsgear.com
EUGEN UND IRMGARD HAHN STIFTUNG VERWALTUNGS-,621,Esslingen,Business Services,http://www.index-werke.de
INDUS HOLDING,1752,Bergisch Gladbach,"Industrial, Electric & Electronic Machinery",http://www.indus.de
INEOS MANUFACTURING DEUTSCHLAND,870,Koeln,"Chemicals, Petroleum, Rubber & Plastic",http://www.ineos.com
INEOS KOELN,1410,Koeln,"Chemicals, Petroleum, Rubber & Plastic",http://www.ineoskoeln.de
INEOS SOLVENTS GERMANY,459,Moers,,http://www.ineos-solvents.de
INFINEON TECHNOLOGIES,7835,Neubiberg,"Industrial, Electric & Electronic Machinery",http://www.infineon.com
DEUTSCHE INFINEUM,376,Koeln,"Chemicals, Petroleum, Rubber & Plastic",http://www.infineum.com
SKY DEUTSCHLAND FERNSEHEN,2079,Unterfoehring,Media & Broadcasting,http://www.info.sky.de
INFRALEUNA,294,Leuna,Utilities,http://www.infraleuna.de
INFRASERV & CO. HOECHST KG,1073,Frankfurt,Property Services,http://www.infraserv.com
INFRASERV & CO. GENDORF KG,287,Burgkirchen,Utilities,http://www.infraserv.gendorf.de
ING-DIBA,2420,Frankfurt Am Main,"Banking, Insurance & Financial Services",http://www.ing-diba.de
INGRAM MICRO HOLDING,6747,Aschheim,Wholesale,http://www.ingrammicro.de
INIT INNOVATION IN TRAFFIC SYSTEMS,159,Karlsruhe,"Industrial, Electric & Electronic Machinery",http://www.initse.com
INNOGY,37882,Essen,Utilities,http://www.innogy.com
INOVYN DEUTSCHLAND,397,Rheinberg,Wholesale,http://www.inovyn.com
INSTONE REAL ESTATE GROUP,514,Essen,Construction,http://www.instone.de
INTEL DEUTSCHLAND,926,Muenchen,Computer Software,http://www.intel.de
INTER KRANKENVERSICHERUNG,696,Mannheim,"Banking, Insurance & Financial Services",http://www.inter.de
INTERFER EDELSTAHL HANDELSGESELLSCHAFT,526,Karlsruhe,Wholesale,http://www.interfer.de
INTERHOMES,123,Bremen,Construction,http://www.interhomes.de
INTERHYP,217,Muenchen,"Banking, Insurance & Financial Services",http://www.interhyp.de
INTERRISK VERSICHERUNGS- - VIENNA INSURANCE GROUP,125,Wiesbaden,"Banking, Insurance & Financial Services",http://www.interrisk.de
INTERSNACK HOLDING GESELLSCHAFT FUER AUSLANDSBETEILIGUNGEN,2235,Duesseldorf,Business Services,http://www.intersnackgroup.com
INTERCONTACT BETEILIGUNGSGESELLSCHAFT,503,Heilbronn,Business Services,http://www.intersport.de
INTOCAST FEUERFESTPRODUKTE UND GIESSHILFSMITTEL,334,Ratingen,"Leather, Stone, Clay & Glass products",http://www.intocast.de
IPG LASER,813,Burbach,"Industrial, Electric & Electronic Machinery",http://www.ipgphotonics.com
IREKS,598,Kulmbach,Food & Tobacco Manufacturing,http://www.ireks.com
ISARIA WOHNBAU,208,Muenchen,Construction,http://www.isaria.ag
ISRA VISION,150,Darmstadt,"Industrial, Electric & Electronic Machinery",http://www.isravision.com
ITELLIGENCE,952,Bielefeld,Computer Software,http://www.itelligence.de
ITW LLC,1136,Duesseldorf,Wholesale,http://www.itwcp.de
IVECO MIRUS,1412,Ulm,Transport Manufacturing,http://www.iveco.de
JOH. WINKLHOFER BETEILIGUNGS,443,Muenchen,Business Services,http://www.iwis.com
JW STARGAZER HOLDING,348,Idstein,Business Services,http://www.jack-wolfskin.de
SIEGFRIED JACOB METALLWERKE,552,Ennepetal,Wholesale,http://www.jacob-metall.de
JACOBS HOLDING,538,Aachen,Business Services,http://www.jacobs-gruppe.de
JACOB SOENNICHN,180,Flensburg,Wholesale,http://www.jacob-soennichsen.de
MAST-JAEGERMEISTER,533,Wolfenbuettel,Food & Tobacco Manufacturing,http://www.jaegermeister.de
JAKOB BECKER .,319,Mehlingen,Business Services,http://www.jakob-becker.de
JANSSEN CILAG,1469,Neuss,,http://www.janssen-cilag.de
JARLTECH GROUP,284,Usingen,Business Services,http://www.jarltech.com
PAPIERFABRIK ADOLF JASS GESELLSCHAFT MIT BESCHRAENKTER,404,Fulda,"Wood, Furniture & Paper Manufacturing",http://www.jass.de
JCK HOLDING TEXTIL KG,837,Quakenbrueck,Wholesale,http://www.jck.de
JDI EUROPE,542,Muenchen,"Industrial, Electric & Electronic Machinery",http://www.jdi-europe.com
JEBSEN & JESSEN ( & CO.) KG,905,Hamburg,Wholesale,http://www.jebsen-jessen.de
JENOPTIK,866,Jena,"Industrial, Electric & Electronic Machinery",http://www.jenoptik.com
JET TANKSTELLEN DEUTSCHLAND,4372,Hamburg,Wholesale,http://www.jet-tankstellen.de
J.F. HILLEBRAND GROUP,1233,Mainz,Business Services,http://www.jfhillebrand.com
JOSEFS-GESELLSCHAFT GEMEINNUETZIGE GESELLSCHAFT MIT BESCHRAENKTER,473,Olsberg,"Public Administration, Education, Health Social Services",http://www.jg-gruppe.de
JH-HOLDING,1033,Neustadt,Business Services,http://www.jh-holding.net
JM HOLDING,1986,Worms,Business Services,http://www.jmgib.com
JOHNSON & JOHNSON MEDICAL,959,Norderstedt,"Chemicals, Petroleum, Rubber & Plastic",http://www.jnj.de
JOHNSON & JOHNSON,368,Neuss,"Chemicals, Petroleum, Rubber & Plastic",http://www.jnjgermany.de
JOB PERSONALDIENSTLEISTUNGEN,166,Fulda,Business Services,http://www.job-ag.com
RUDOLF BUNTE BETEILIGUNGS-GESELLSCHAFT MIT BESCHRAENKTER,526,Papenburg,Construction,http://www.johann-bunte.de
JOHANNESBAD HOLDING,134,Muenchen,Business Services,http://www.johannesbad.de
EVANGELISCHES JOHANNESWERK G,338,Bielefeld,"Public Administration, Education, Health Social Services",http://www.johanneswerk.de
JOHANNITER,898,Berlin,"Public Administration, Education, Health Social Services",http://www.johanniter.de
JOHN DEERE,6117,Mannheim,"Industrial, Electric & Electronic Machinery",http://www.johndeere.de
CLARIOS ZWICKAU,391,Zwickau,"Industrial, Electric & Electronic Machinery",http://www.johnsoncontrols.com
CLARIOS TOLLING,1559,Hannover,Wholesale,http://www.johnsoncontrols.de
HORST-DIETER JORDAN,403,Kassel,Business Services,http://www.joka.de
JONES LANG LASALLE,219,Frankfurt,Property Services,http://www.joneslanglasalle.de
JOSEF GARTNER,313,Gundelfingen,Metals & Metal Products,http://www.josef-gartner.de
JOST WERKE,738,Neu-Isenburg,Transport Manufacturing,http://www.jost-world.com
JOWAT,332,Detmold,"Chemicals, Petroleum, Rubber & Plastic",http://www.jowat.de
JOYSON SAFETY SYSTEMS GERMANY,611,Aschaffenburg,"Industrial, Electric & Electronic Machinery",http://www.joysonsafety.com
JP MORGAN,276,Frankfurt Am Main,"Banking, Insurance & Financial Services",http://www.jpmorgan.com/country/de/en/jpmorgan
JT INTERNATIONAL GERMANY,822,Trier,Food & Tobacco Manufacturing,http://www.jti.com
JUNGHEINRICH,4077,Hamburg,"Transport, Freight & Storage",http://www.jungheinrich.de
JUWI,410,Woerrstadt,Business Services,http://www.juwi.de
JUNG VON MATT,150,Hamburg,Computer Software,http://www.jvm.com
VODAFONE BW,945,Koeln,"Transport, Freight & Storage",http://www.kabelbw.de
KABEL DEUTSCHLAND HOLDING,2483,Unterfoehring,Business Services,http://www.kabeldeutschland.de
KABEL PREMIUM PULP & PAPER,301,Hagen,"Wood, Furniture & Paper Manufacturing",http://www.kabelpaper.de
KAEFER ISOLIERTECHNIK,1760,Bremen,Business Services,http://www.kaefer.com
KKVB KAELTE-KLIMA VERWALTUNGS- UND BETEILIGUNGSGESELLSCHAFT,338,Offenbach,Business Services,http://www.kaelte-gruppe.eu
ALFRED KAERCHER,2581,Winnenden,"Industrial, Electric & Electronic Machinery",http://www.kaercher.com
KAER KOMPRESSOREN,999,Coburg,"Industrial, Electric & Electronic Machinery",http://www.kaeser.de
KAISER MINERALOEL UND TANKSTELLEN,425,Brilon,Wholesale,http://www.kaiser-mineraloele.de
KAISER S VERWALTUNGS,1642,Muelheim,Retail,http://www.kaisers.de
KAMAX HOLDING,819,Homberg,Business Services,http://www.kamax.com
HERBERT KANNEGIESSER,352,Vlotho,,http://www.kannegiesser.de
KAP,431,Fulda,Textiles & Clothing Manufacturing,http://www.kap.de
KARL MAYER HOLDING,576,Obertshausen,Business Services,http://www.karlmayer.com
KARLSBERG HOLDING,398,Homburg,Business Services,http://www.karlsberg.de
KARL STORZ,1826,Tuttlingen,"Industrial, Electric & Electronic Machinery",http://www.karlstorz.com
KAT,129,Bielefeld,Wholesale,http://www.katag.net
KATHARINA KASPER HOLDING,399,Dernbach,"Public Administration, Education, Health Social Services",http://www.katharina-kasper-gruppe.de
KATHREIN,280,Rosenheim,Business Services,http://www.kathrein.de
KATJES INTERNATIONAL,365,Emmerich,,http://www.katjes-international.de
KAUFLAND STIFTUNG,21881,Neckarsulm,Wholesale,http://www.kaufland.de
KAUTEX TEXTRON,964,Bonn,"Chemicals, Petroleum, Rubber & Plastic",http://www.kautex.de
KAVO DENTAL,303,Biberach,"Industrial, Electric & Electronic Machinery",http://www.kavo.de
A. KAYSER TEXTILE FILTERMEDIEN,432,Einbeck,Business Services,http://www.kayser-filtertech.com
KOENIG UND BAUER,1242,Wurzburg,"Industrial, Electric & Electronic Machinery",http://www.kba-print.de
KCA DEUTAG DRILLING,335,Bad Bentheim,Construction,http://www.kcadeutag.com
KIMBERLY-CLARK GERMANY HOLDING,314,Koblenz,Business Services,http://www.kcprofessional.com
K.D. FEDDERSEN HOLDING,773,Hamburg,Business Services,http://www.kdfeddersen.com
KEBT KOMMUNALE ENERGIE BETEILIGUNGSGELLSCHAFT THUERINGEN,1814,Erfurt,Business Services,http://www.kebt.de
RICHARD KEHR,545,Braunschweig,Wholesale,http://www.kehr.de
KELLER & KALMBACH HOLDING,332,Unterschleissheim,Business Services,http://www.keller-kalmbach.de
KEMMLER BAUSTOFFE,410,Tuebingen,Wholesale,http://www.kemmler.de
KEMNA BAU ANDREAE,558,Pinneberg,Construction,http://www.kemna.de
GEBR. KEMPER,355,Olpe,Metals & Metal Products,http://www.kemper-olpe.de
KEMPINSKI,207,Muenchen,"Travel, Personal & Leisure",http://www.kempinski.com
KENDRION HOLDING GERMANY,407,Markdorf,Business Services,http://www.kendrion.com
KENNAMETAL HOLDING,767,Fuerth,Business Services,http://www.kennametal.com
ARBONIA DEUTSCHLAND,638,Plattling,Business Services,http://www.kermi.de
HUGO KERN UND LIEBERS & CO.KG PLATINEN- UND FEDERNFABRIK,807,Schramberg,"Industrial, Electric & Electronic Machinery",http://www.kern-liebers.de
ORNUA DEUTSCHLAND,669,Neukirchen-Vluyn,Wholesale,http://www.kerrygold.de
KFW IPEX-BANK,528,Frankfurt Am Main,"Banking, Insurance & Financial Services",http://www.kfw-ipex-bank.de
KHD HUMBOLDT WED INTERNATIONAL,147,Koln,"Industrial, Electric & Electronic Machinery",http://www.khd.com
KHG,959,Schoenefeld,Business Services,http://www.khg-home.de
KIA MOTORS EUROPE,6956,Frankfurt,Wholesale,http://www.kia.com
KIEKERT,895,Heiligenhaus,Metals & Metal Products,http://www.kiekert.de
KIEL INDUSTRIAL RVICES,213,Noerdlingen,Business Services,http://www.kiel-industrial-services.com
KIESEL,536,Baienfurt,Wholesale,http://www.kiesel.net
KION GROUP,8836,Wiesbaden,"Transport, Freight & Storage",http://www.kiongroup.com
KIOXIA EUROPE,460,Duesseldorf,Wholesale,http://www.kioxia.com
KIRCHHOFF AUTOMOTIVE HOLDING,1659,Iserlohn,Business Services,http://www.kirchhoff-gruppe.de
MEDIUS KLINIKEN GEMEINNUETZIGE,307,Kirchheim,"Public Administration, Education, Health Social Services",http://www.kk-es.de
K+K KLAAS & KOCK B.V.,598,Gronau,Retail,http://www.klaas-und-kock.de
MICHAEL KLEBL,499,Neumarkt,Business Services,http://www.klebl.de
KLEINEWEFERS,304,Krefeld,Property Services,http://www.kleinewefers.de
KLENK HOLZ,417,Oberrot,"Wood, Furniture & Paper Manufacturing",http://www.klenk.com
ERNST KLETT,777,Stuttgart,Printing & Publishing,http://www.klett-gruppe.de
KLINGSPOR,298,Haiger,Business Services,http://www.klingspor.de
KLINIKEN FRANKFURT-MAIN-TAUNUS,344,Frankfurt,"Public Administration, Education, Health Social Services",http://www.kliniken-fmt.de
KLINIKEN DER STADT KOELN G,355,Koeln,"Public Administration, Education, Health Social Services",http://www.kliniken-koeln.de
KLINIKEN LUDWIGSBURG-BIETIGHEIM G,405,Ludwigsburg,"Public Administration, Education, Health Social Services",http://www.kliniken-lb.de
KLINIKEN NORDOBERPFALZ,236,Weiden,"Public Administration, Education, Health Social Services",http://www.kliniken-nordoberpfalz.de
KLINIKEN SUEDOSTBAYERN,307,Traunstein,"Public Administration, Education, Health Social Services",http://www.kliniken-suedostbayern.de
KATHOLISCHES KLINIKUM BOCHUM HOLDING G,330,Bochum,"Public Administration, Education, Health Social Services",http://www.klinikum-bochum.de
STAEDTISCHES KLINIKUM BRAUNSCHWEIG G,378,Braunschweig,"Public Administration, Education, Health Social Services",http://www.klinikum-braunschweig.de
KLINIKUM CHEMNITZ GEMEINNUETZIGE,504,Chemnitz,"Public Administration, Education, Health Social Services",http://www.klinikumchemnitz.de
KLINIKUM DORTMUND G,420,Dortmund,"Public Administration, Education, Health Social Services",http://www.klinikumdo.de
KLINIKUM ERNST VON BERGMANN GEMEINNUETZIGE,315,Potsdam,"Public Administration, Education, Health Social Services",http://www.klinikumevb.de
KLINIKUM FULDA G,255,Fulda,"Public Administration, Education, Health Social Services",http://www.klinikum-fulda.de
STAEDTISCHES KLINIKUM KARLSRUHE G,397,Karlsruhe,"Public Administration, Education, Health Social Services",http://www.klinikum-karlsruhe.de
KLINIKUM KASSEL,353,Kassel,"Public Administration, Education, Health Social Services",http://www.klinikum-kassel.de
HELIOS KLINIKUM KREFELD,411,Krefeld,"Public Administration, Education, Health Social Services",http://www.klinikum-krefeld.de
MUENCHEN KLINIK G,818,Muenchen,"Public Administration, Education, Health Social Services",http://www.klinikum-muenchen.de
KLINIKUM WESTMUENSTERLAND,313,Ahaus,"Public Administration, Education, Health Social Services",http://www.klinikum-westmuensterland.de
KLINIKVERBUND SUEDWEST,369,Sindelfingen,Business Services,http://www.klinikverbund-suedwest.de
KLK EMMERICH,559,Emmerich,,http://www.klkoleo.com
KLOCKNER,6333,Duisburg,Wholesale,http://www.kloeckner.de
KLOECKNER & CO DEUTSCHLAND,965,Duisburg,Wholesale,http://www.kloecknerdeutschland.de
KLOEPFER & KOENIGER,288,Garching,Property Services,http://www.kloepfer-holding.de
KLOSTERFRAU DEUTSCHLAND,382,Koeln,Business Services,http://www.klosterfrau.de
KLUEH SERVICE MANAGEMENT,612,Duesseldorf,Business Services,http://www.klueh.de
KME MANSFELD,1323,Hettstedt,Metals & Metal Products,http://www.kme-mansfeld.com
KM MAHNKE,489,Muelheim,Business Services,http://www.kmmahnke.de
ORYX STAINLESS,271,Muelheim,Wholesale,http://www.kmr.de
KRAFTWERKE MAINZ-WIESBADEN .,225,Mainz,Utilities,http://www.kmw-ag.de
CARL KNAUBER VERWALTUNGSGESELLSCHAFT MIT BESCHRAENKTER,446,Bonn,Business Services,http://www.knauber.de
KNAUF INTERFER,812,Essen,Wholesale,http://www.knauf-interfer.de
KNAUS TABBERT,740,Jandelsbrunn,Business Services,http://www.knaus.de
KNORR-BREM,7003,Munchen,Transport Manufacturing,http://www.knorr-bremse.com
KOCH GRUPPE AUTOMOBILE,190,Berlin,Wholesale,http://www.koch-automobile-ag.de
KOEGEL TRAILER,361,Burtenbach,Wholesale,http://www.koegel.com
KOEHLER HOLDING,923,Oberkirch,Business Services,http://www.koehlerpaper.com
FLUGHAFEN KOELN-BONN,352,Koeln,"Transport, Freight & Storage",http://www.koeln-bonn-airport.de
KOELNMESSE,388,Koeln,"Travel, Personal & Leisure",http://www.koelnmesse.de
KOENIG + NEURATH,179,Karben,"Wood, Furniture & Paper Manufacturing",http://www.koenig-neurath.de
KOERBER,3160,Hamburg,Business Services,http://www.koerber.de
KOESTER,910,Osnabrueck,Construction,http://www.koester-bau.de
RICHARD KOESTNER,145,Neustadt,Wholesale,http://www.koestner.de
KOETTER REINIGUNG & RVICE,469,Berlin,Business Services,http://www.koetter.de
KOHL MEDICAL,651,Perl,Business Services,http://www.kohlpharma.com
ALWIN KOLB,319,Memmingen,Business Services,http://www.kolb-wellpappe.com
KOMATSU GERMANY,672,Duesseldorf,Wholesale,http://www.komatsu-mining.de
KOMBIVERKEHR DEUTSCHE GESELLSCHAFT FUER KOMBINIERTEN GUETERVERKEHR,437,Frankfurt,"Transport, Freight & Storage",http://www.kombiverkehr.de
HANS KOMPERNASS,553,Bochum,Business Services,http://www.kompernass.com
KOMSA KOMMUNIKATION SACHN,1115,Hartmannsdorf,Wholesale,http://www.komsa.com
KONE,500,Hannover,Construction,http://www.kone.com
KONECRANES,482,Langenhagen,Business Services,http://www.konecranes.de
KONICA MINOLTA BUSINESS SOLUTIONS EUROPE,1384,Langenhagen,Wholesale,http://www.konicaminolta.de
KOSATEC COMPUTER,293,Braunschweig,Wholesale,http://www.kosatec.de
KOSTAL AUTOMOBIL ELEKTRIK,916,Luedenscheid,"Industrial, Electric & Electronic Machinery",http://www.kostal.com
KLOECKNER PENTAPLAST EUROPE,664,Heiligenroth,Wholesale,http://www.kpfilms.com
K+S,4152,Kassel,"Chemicals, Petroleum, Rubber & Plastic",http://www.k-plus-s.com
KPS,175,Unterfohring,Business Services,http://www.kps.com
VATTENFALL HEIZKRAFTWERK MOORBURG,457,Hamburg,Utilities,http://www.kraftwerk-moorburg.hamburg
KRAHN VERWALTUNGS-GESELLSCHAFT MIT BESCHRAENKTER,1362,Hamburg,Business Services,http://www.krahn.de
KRAIBURG HOLDING,595,Waldkraiburg,Business Services,http://www.kraiburg.com
KRAUSSMAFFEI TECHNOLOGIES,776,Muenchen,Business Services,http://www.krausmaffei.de
KRAV-LOGISTIC VERSICHERUNGS,910,Hamburg,"Banking, Insurance & Financial Services",http://www.kravag.de
KREISVERKEHRSGESELLSCHAFT METTMANN,4925,Mettmann,"Transport, Freight & Storage",http://www.kreis-mettmann.de
KREUZMAYR BAYERN,1139,Garching,Wholesale,http://www.kreuzmayr-bayern.de
KLINIKUM REGION HANNOVER,659,Hannover,"Public Administration, Education, Health Social Services",http://www.krh.eu
LUDWIG KROHNE & CO. KOMMANDITGESELLSCHAFT,557,Duisburg,Business Services,http://www.krohne.com
KROMBACHER BRAUEREI BERNHARD SCHADEBERG,671,Kreuztal,Food & Tobacco Manufacturing,http://www.krombacher.de
KROMBERG & SCHUBERT AUTOMOTIVE,497,Renningen,Biotechnology and Life Sciences,http://www.kromberg-schubert.com
BERNARD KRONE HOLDING,2278,Spelle,Business Services,http://www.krone.de
KRONES,4005,Neutraubling,"Industrial, Electric & Electronic Machinery",http://www.krones.de
KRONOS TITAN,770,Leverkusen,"Chemicals, Petroleum, Rubber & Plastic",http://www.kronostio2.com
ACCURIDE WHEELS EUROPE & ASIA,450,Solingen,Business Services,http://www.kronprinz.de
KROMBERG & SCHUBERT,1774,Wuppertal,"Banking, Insurance & Financial Services",http://www.kroschu-cable.de
KRUEGER & CO. KOMMANDITGESELLSCHAFT,1619,Bergisch Gladbach,Food & Tobacco Manufacturing,http://www.krueger.de
KRUELL MOTOR COMPANY,370,Hamburg,Wholesale,http://www.kruell.com
KSB,2412,Frankenthal,"Industrial, Electric & Electronic Machinery",http://www.ksb.com
KSM CASTINGS GROUP,366,Hildesheim,Metals & Metal Products,http://www.ksmcastings.com
K & S SOZIAL BAU,182,Sottrum,Business Services,http://www.ks-unternehmensgruppe.de
KUBOTA BAUMASCHINEN GESELLSCHAFT MIT BESCHRAENKTER,674,Zweibruecken,"Industrial, Electric & Electronic Machinery",http://www.kubota-baumaschinen.de
KUCHENMEISTER,336,Soest,Food & Tobacco Manufacturing,http://www.kuchenmeister.de
CARL KUEHNE KG ( & CO.),362,Hamburg,Food & Tobacco Manufacturing,http://www.kuehne.de
KN AIRLIFT GESELLSCHAFT MIT BESCHRAENKTER,379,Frankfurt,"Transport, Freight & Storage",http://www.kuehne-nagel.com
KUEHNE + NEL,3695,Bremen,"Transport, Freight & Storage",http://www.kuehne-nagel.de
KUESTER HOLDING GESELLSCHAFT MIT BESCHRAENKTER,594,Ehringshausen,Business Services,http://www.kuester.net
KUKA,3223,Augsburg,"Industrial, Electric & Electronic Machinery",http://www.kuka-ag.de
KULMBACHER BRAUEREI,241,Kulmbach,Food & Tobacco Manufacturing,http://www.kulmbacher.de
KURARAY EUROPE,901,Hattersheim,"Chemicals, Petroleum, Rubber & Plastic",http://www.kuraray.eu
KURTZ HOLDING & CO. BETEILIGUNGS KG,286,Kreuzwertheim,Business Services,http://www.kurtzersa.de
KUTTENKEULER MINERALOELHANDELS- UND TANKSTELLENBETRIEBSGESELLSCHAFT,327,Koeln,Wholesale,http://www.kuttenkeuler.de
KOELNER VERKEHRS-BETRIEBE,346,Koeln,"Transport, Freight & Storage",http://www.kvb-koeln.de
"KVVH - KARLSRUHER VERSORGUNGS-, VERKEHRS- UND HAFEN",1064,Karlsruhe,"Transport, Freight & Storage",http://www.kvvh.de
KASSELER VERKEHRS- UND VERSORGUNGS-,590,Kassel,Business Services,http://www.kvvks.de
KWA KURATORIUM WOHNEN IM ALTER GEMEINNUETZIGE,130,Muenchen,"Public Administration, Education, Health Social Services",http://www.kwa.de
KWS SAAT,1189,Einbeck,"Agriculture, Horticulture & Livestock",http://www.kws.com
STADTWERKE LEIPZIG,2481,Leipzig,Utilities,http://www.l.de/stadtwerke
LIMBACH VERWALTUNGS,755,Heidelberg,Business Services,http://www.labor-limbach.de
LACTOLAND TROCKENMILCHWERK,305,Duelmen,Food & Tobacco Manufacturing,http://www.lactoland.de
LAEPPLE,540,Heilbronn,Metals & Metal Products,http://www.laepple.de
LAFIM - LANDESAUSSCHUSS FUER INNERE MISSION - DIENSTE FUER MENSCHEN GEMEINN.,128,Potsdam,"Public Administration, Education, Health Social Services",http://www.lafim.de
FRANCA,199,Koeln,Business Services,http://www.lalinea.de
AACHENER PRINTEN UND SCHOKOLADENFABRIK HENRY LAMBERTZ,383,Aachen,Food & Tobacco Manufacturing,http://www.lambertz.de
LAMILUX HEINRICH STRUNZ HOLDING,318,Rehau,Property Services,http://www.lamilux.de
LANDBELL FUER RUECKHOL-SYSTEME,174,Mainz,Waste Management & Treatment,http://www.landbell-group.de
MASCHINENFABRIK BERNARD KRONE,615,Spelle,"Industrial, Electric & Electronic Machinery",http://www.landmaschinen.krone.de
JAGUAR LAND ROVER DEUTSCHLAND,1558,Kronberg,Wholesale,http://www.landrover.de
LANXESS,7215,Koln,"Chemicals, Petroleum, Rubber & Plastic",http://www.lanxess.de
LAPP HOLDING,1210,Stuttgart,Business Services,http://www.lappgroup.com
LASCHINGER SEAFOOD,621,Harsum,Retail,http://www.laschinger.de
LAYHER HOLDING,773,Gueglingen,Business Services,http://www.layher.com
ERWERBSGESELLSCHAFT DER S- FINANZGRUPPE,1603,Neuhardenberg,"Banking, Insurance & Financial Services",http://www.lbb.de
LANDESBANK BADEN-WUERTTEMBERG,2837,Stuttgart,"Banking, Insurance & Financial Services",http://www.lbbw.de
LBI HOLDING,314,Gummersbach,Business Services,http://www.lbiholding.com
LAUSITZ ENERGIE VERWALTUNGS,2516,Cottbus,Business Services,http://www.leag.de
LEAR CORPORATION,2366,Ginsheim-Gustavsburg,Transport Manufacturing,http://www.lear.com
AUGUST LEBER ROHSTOFFE HANDELSGESELLSCHAFT,428,Offenburg,Wholesale,http://www.leberrohstoffe.com
LEDVANCE,818,Garching,"Industrial, Electric & Electronic Machinery",http://www.ledvance.de
LEG IMMOBILIEN,1017,Dusseldorf,Property Services,http://www.leg-nrw.de
LEGO,520,Grasbrunn,Miscellaneous Manufacturing,http://www.lego.com
LEICA CAMERA,307,Wetzlar,"Industrial, Electric & Electronic Machinery",http://www.leica-camera.com
LEIFHEIT,236,Nassau,"Chemicals, Petroleum, Rubber & Plastic",http://www.leifheit.com
LEIPA GROUP,672,Schwedt,Business Services,http://www.leipa.de
LEISTRITZ,342,Nuernberg,Business Services,http://www.leistritz.de
LEKKERLAND,12657,Frechen,Business Services,http://www.lekkerland.com
LEMKEN BETEILIGUNGS-,411,Alpen,Business Services,http://www.lemken.com
LENOVO (DEUTSCHLAND),1488,Stuttgart,Wholesale,http://www.lenovo.com
LENZE,809,Aerzen,Business Services,http://www.lenze.com
SUNFLOWER MANAGEMENT,358,Berlin,"Travel, Personal & Leisure",http://www.leonardo-hotels.com
LEONHARD MOLL,261,Muenchen,,http://www.leonhard-moll.de
LEONHARD WEISS,1358,Satteldorf,Construction,http://www.leonhard-weiss.de
LEONI,4865,Nurnberg,Metals & Metal Products,http://www.leoni.com
"LEXZAU, SCHARBAU",716,Bremen,"Transport, Freight & Storage",http://www.leschaco.com
LEUCO,146,Horb,Business Services,http://www.leuco.de
LECHWERKE,1501,Augsburg,Utilities,http://www.lew.de
LEW VERTEILNETZ,1336,Augsburg,Utilities,http://www.lew-verteilnetz.de
LEYBOLD,336,Koeln,"Industrial, Electric & Electronic Machinery",http://www.leybold.com
LG ELECTRONICS DEUTSCHLAND,1295,Eschborn,"Industrial, Electric & Electronic Machinery",http://www.lg.com
LG CHEM EUROPE,553,Frankfurt,Wholesale,http://www.lgchem.com
LG DISPLAY GERMANY,1489,Eschborn,Wholesale,http://www.lgdisplay.com
LUFTHANSA-TECHNIK AERO ALZEY,527,Alzey,Business Services,http://www.lhaero.com
LICHTBLICK,644,Hamburg,Utilities,http://www.lichtblick.de
LIDL,51902,Neckarsulm,Retail,http://www.lidl.de
LIEBHERR-EMTEC,11684,Kirchdorf,Business Services,http://www.liebherr.com
LIEKEN,622,Lutherstadt Wittenberg,Business Services,http://www.lieken.de
SIGNIFY,509,Hamburg,Wholesale,http://www.lighting.philips.de
LILLY DEUTSCHLAND GESELLSCHAFT MIT BESCHRAENKTER,704,Bad Homburg,Wholesale,http://www.lilly-pharma.de
LINAMAR POWERTRAIN,309,Crimmitschau,Metals & Metal Products,http://www.linamar.com
LINDE,3157,Muenchen,"Industrial, Electric & Electronic Machinery",http://www.linde.de
LINDE HYDRAULICS,292,Aschaffenburg,"Industrial, Electric & Electronic Machinery",http://www.linde-hydraulics.com
LINDE + WIEMANN,506,Dillenburg,Business Services,http://www.linde-wiemann.com
LINDNER HOTELS,126,Duesseldorf,Business Services,http://www.lindner.de
CHOCOLADEFABRIKEN LINDT & SPRUENGLI,774,Aachen,Food & Tobacco Manufacturing,http://www.lindt.de
LIQUI MOLY GESELLSCHAFT MIT BESCHRAENKTER,353,Ulm,"Chemicals, Petroleum, Rubber & Plastic",http://www.liqui-moly.de
LIGA,145,Zeven,Metals & Metal Products,http://www.lisega.de
LIST,228,Nordhorn,Business Services,http://www.list-ag.de
L.I.T.,302,Brake,Business Services,http://www.lit.de
LITENS GERMANY,296,Gelnhausen,Business Services,http://www.litens.de
LMT LEADING METALWORKING TECHNOLOGIES,441,Oberkochen,Business Services,http://www.lmt-tools.com
LOBBE HOLDING,295,Iserlohn,Waste Management & Treatment,http://www.lobbe.de
LOEHR & BECKER,633,Koblenz,Wholesale,http://www.loehrgruppe.de
LOESCHE GESELLSCHAFT MIT BESCHRAENKTER,308,Duesseldorf,"Industrial, Electric & Electronic Machinery",http://www.loesche.com
SAFARI HOLDING,333,Bingen,Business Services,http://www.loewenplay.de
LOGWIN AIR + OCEAN DEUTSCHLAND,363,Grossostheim,"Transport, Freight & Storage",http://www.logwin-logistics.com
LOHMANN & RAUSCHER INTERNATIONAL,670,Rengsdorf,Business Services,http://www.lohmann-rauscher.com
LOHMANN,623,Neuwied,"Industrial, Electric & Electronic Machinery",http://www.lohmann-tapes.com
L'OREAL DEUTSCHLAND,1509,Karlsruhe,Retail,http://www.loreal.de
LORENZ SNACK-WORLD HOLDING,544,Hannover,Business Services,http://www.lorenz-snackworld.de
STAATLICHE TOTO-LOTTO,1040,Stuttgart,"Travel, Personal & Leisure",http://www.lotto-bw.de
DETLEV LOUIS MOTORRAD-VERTRIEBSGESELLSCHAFT,311,Hamburg,Retail,http://www.louis.de
LOWELL HOLDING,285,Essen,Business Services,http://www.lowellgroup.de
LPKF LAR & ELECTRONICS,142,Garbsen,"Industrial, Electric & Electronic Machinery",http://www.lpkf.de
LSW ENERGIE,305,Wolfsburg,Utilities,http://www.lsw.de
LSW HOLDING,475,Wolfsburg,Utilities,http://www.lsw-holding.de
LTS LOHMANN THERAPIE-SYSTEME,251,Andernach,Biotechnology and Life Sciences,http://www.ltslohmann.de
FAHRZEUG-WERKE LUEG,851,Bochum,Wholesale,http://www.lueg.de
DEUTSCHE LUFTHANSA,37206,Koln,"Transport, Freight & Storage",http://www.lufthansagroup.com
DLH FUEL COMPANY,555,Hamburg,"Transport, Freight & Storage",http://www.lufthansa-technik.com
LUKAD HOLDING,547,Werdohl,Business Services,http://www.lukad.com
LUKOIL HAMBURG,1699,Hamburg,Wholesale,http://www.lukoil.com
LUMILEDS GERMANY,480,Aachen,"Industrial, Electric & Electronic Machinery",http://www.lumileds.com
ADOLF LUPP,338,Nidda,Construction,http://www.lupp.de
CONTAINERSHIPS - CMA CGM,459,Hamburg,"Transport, Freight & Storage",http://www.macandrews.com
MACK & SCHUEHLE,268,Owen,Wholesale,http://www.mack-schuehle.de
VERLAGSGESELLSCHAFT MADSACK,686,Hannover,Printing & Publishing,http://www.madsack.de
MAGNA PT B.V.,1469,Untergruppenbach,Metals & Metal Products,http://www.magna.com
MAGNA INTERNATIONAL STANZTECHNIK,487,Salzgitter,Business Services,http://www.magna.com/de/kontakt
MAGNET-SCHULTZ,459,Memmingen,"Industrial, Electric & Electronic Machinery",http://www.magnet-schultz.com
AUDI MUENCHEN,406,Muenchen,Wholesale,http://www.mahag.de
MAHINDRA FORGINGS EUROPE,266,Aalen,Business Services,http://www.mahindraforgings.eu
MAHLE,13606,Stuttgart,"Industrial, Electric & Electronic Machinery",http://www.mahle.com
MAINGAU ENERGIE,344,Obertshausen,Utilities,http://www.maingau-energie.de
MAINOVA,2423,Frankfurt,Utilities,http://www.mainova.de
MAIREC EDELMETALLGESELLSCHAFT,304,Alzenau,Waste Management & Treatment,http://www.mairec.com
MAKITA WERKZEUG,385,Ratingen,Wholesale,http://www.makita.de
MALTESER HILFSDIENST GEMEINNUETZIGE,443,Koeln,"Public Administration, Education, Health Social Services",http://www.malteser.de
MAN,12935,Munchen,"Industrial, Electric & Electronic Machinery",http://www.man.de
MANITOWOC CRANE GROUP GERMANY,531,Wilhelmshaven,"Industrial, Electric & Electronic Machinery",http://www.manitowoccranes.com
KOMMANDITGESELLSCHAFT ERSTE GRAU VERWALTUNGS & CO.,391,Hamburg,Property Services,http://www.mankiewicz.com
MANN + HUMMEL INTERNATIONAL,4120,Ludwigsburg,Business Services,http://www.mann-hummel.com
MANZ,271,Reutlingen,"Industrial, Electric & Electronic Machinery",http://www.manz.com
MARC CAIN HOLDING,284,Bodelshausen,Property Services,http://www.marc-cain.com
MARC O'POLO INTERNATIONAL,481,Stephanskirchen,Wholesale,http://www.marc-o-polo.com
MARIENHAUS HOLDING,945,Waldbreitbach,"Travel, Personal & Leisure",http://www.marienhaus.de
MARIENHAUS KLINIKEN,618,Waldbreitbach,"Public Administration, Education, Health Social Services",http://www.marienhaus-.de
MARITIM HOTELGESELLSCHAFT,412,Timmendorfer Strand,"Travel, Personal & Leisure",http://www.maritim.de
MARK-E,817,Hagen,Utilities,http://www.mark-e.de
W. MARKGRAF BAUUNTERNEHMUNG,449,Bayreuth,Construction,http://www.markgraf-bau.de
MARLEY SPOON,129,Berlin,"Travel, Personal & Leisure",http://www.marleyspoon.de
MARQUARDT,1012,Rietheim-Weilheim,"Industrial, Electric & Electronic Machinery",http://www.marquardt.de
MARS HOLDING,1655,Verden,Business Services,http://www.mars.com
JOSEF MARSCHALL,481,Schwaig,Wholesale,http://www.marschall-schwaig.de
MB-HOLDING,612,Vestenbergsgreuth,Business Services,http://www.martin-bauer-group.com
MARTINREA HONSEL GERMANY,341,Meschede,Metals & Metal Products,http://www.martinrea-honsel.com
MATERNA INFORMATION MMUNICATIONS,317,Dortmund,Business Services,http://www.materna.de
MATERNUS-KLINIKEN,129,Berlin,"Public Administration, Education, Health Social Services",http://www.maternus.de
MAT GERMAN HOLDINGS,295,Neunkirchen,Business Services,http://www.matholdingsinc.com
RUDOLF MATTHAEI INDUSTRIE- UND VERWALTUNGSGESELLSCHAFT M.B.H.,554,Verden,Business Services,http://www.matthaei.de
MAURER,132,Muenchen,"Industrial, Electric & Electronic Machinery",http://www.maurer.eu
MAUSER-WERKE,319,Bruehl,"Chemicals, Petroleum, Rubber & Plastic",http://www.mauserpackaging.com
MAX AUTOMATION,432,Dusseldorf,"Industrial, Electric & Electronic Machinery",http://www.maxautomation.com
MAX BOEGL STIFTUNG,1590,Sengenthal,Construction,http://www.max-boegl.de
MAXINGVEST,10983,Hamburg,Business Services,http://www.maxingvest.de
MAZDA MOTORS (DEUTSCHLAND),1439,Leverkusen,Wholesale,http://www.mazda.de
MBB,612,Berlin,"Banking, Insurance & Financial Services",http://www.mbb.com
MBDA DEUTSCHLAND,350,Schrobenhausen,Business Services,http://www.mbda-systems.com
MARQUARD & BAHLS,13798,Hamburg,Oil and Gas,http://www.mbholding.de
MBN BAU,312,Georgsmarienhuette,Construction,http://www.mbn.de
AKKA AA,315,Sindelfingen,Business Services,http://www.mbtech-group.com
RSG GROUP,357,Schluesselfeld,"Travel, Personal & Leisure",http://www.mcfit.de
MCKESSON EUROPE,21256,Stuttgart,Wholesale,http://www.mckesson.eu
MD ELEKTRONIK,348,Waldkraiburg,"Industrial, Electric & Electronic Machinery",http://www.md-elektronik.de
MITTELDEUTSCHE FLUGHAFEN,182,Flughafen Leipzig/Halle,Business Services,http://www.mdf-ag.com
MEC GLOBAL,567,Bad Soden,Business Services,http://www.mec-holding.com
MED 360O,163,Leverkusen,Business Services,http://www.med360grad.de
MEDAC GESELLSCHAFT FUER KLINISCHE SPEZIALPRAEPARATE M.B.H.,543,Wedel,"Chemicals, Petroleum, Rubber & Plastic",http://www.medac.de
MEDA PHARMA,341,Bad Homburg,Wholesale,http://www.medapharma.de
MEDIA MARKT E-BUSINESS,1006,Ingolstadt,Retail,http://www.mediamarkt.de
MEDIAN UNTERNEHMENSGRUPPE B.V.,867,Berlin,"Public Administration, Education, Health Social Services",http://www.median-kliniken.de
MEDIA-SATURN-HOLDING,22255,Ingolstadt,Business Services,http://www.media-saturn.com
FREIBERGER KLINIK HOLDING,247,Amerang,Business Services,http://www.medicalpark.de
MEDICLIN,686,Offenburg,"Public Administration, Education, Health Social Services",http://www.mediclin.de
MEDION,744,Essen,Retail,http://www.medion.com
MEDIOS,517,Berlin,Communications,http://www.medios.ag
CARL ZEISS MEDITEC,1414,Jena,"Industrial, Electric & Electronic Machinery",http://www.meditec.zeiss.com
ROESNER-MAUTBY HOLDING,340,Kiefersfelden,Business Services,http://www.meditrade.de
MEDTRONIC GESELLSCHAFT MIT BESCHRAENKTER,1015,Meerbusch,Wholesale,http://www.medtronic.de
MEFFERT FARBWERKE,241,Bad Kreuznach,"Chemicals, Petroleum, Rubber & Plastic",http://www.meffert.com
MOLKEREI MEGGLE WASSERBURG,601,Reitmehring,Wholesale,http://www.meggle-foodingredients.com
FRANZ XAVER MEILLER FAHRZEUG- UND MASCHINENFABRIK -,395,Muenchen,Transport Manufacturing,http://www.meiller.com
MEISER HOLDING,402,Schmelz,Business Services,http://www.meiser.de
MEKRA LANG,393,Ergersheim,Transport Manufacturing,http://www.mekra-lang.com
C. MELCHERS,757,Bremen,Wholesale,http://www.melchers.com
MELITTA GROUP MANAGEMENT,1613,Minden,Business Services,http://www.melitta.de
MENDRITZKI HOLDING,290,Plettenberg,Business Services,http://www.mendritzki.de
MENSCHING HOLDING,303,Isernhagen,Property Services,http://www.mensching-holding.de
MERCATEO BETEILIGUNGSHOLDING,316,Taufkirchen,Business Services,http://www.mercateo.com
MERCER HOLZ,340,Rosenthal,Business Services,http://www.mercer-holz.de
MERCK,16818,Darmstadt,"Chemicals, Petroleum, Rubber & Plastic",http://www.merck.de
MERCK FINANCIAL SERVICES,1115,Darmstadt,"Banking, Insurance & Financial Services",http://www.merckgroup.com
MERCK SERONO,332,Darmstadt,Business Services,http://www.merckserono.de
MERKUR CASINO,978,Espelkamp,"Travel, Personal & Leisure",http://www.merkur-spielothek.de
MERZ PHARMA AA,1106,Frankfurt,"Chemicals, Petroleum, Rubber & Plastic",http://www.merz.de
DEUTSCHE MES,220,Hannover,Business Services,http://www.messe.de
MESSE BERLIN,371,Berlin,Business Services,http://www.messe-berlin.de
MESSE DUESSELDORF,311,Duesseldorf,Business Services,http://www.messe-duesseldorf.de
MESSE MUENCHEN,431,Muenchen,Business Services,http://www.messe-muenchen.de
MESSER INDUSTRIE,1081,Bad Soden,Business Services,http://www.messergroup.com
METABO,456,Nuertingen,Business Services,http://www.metabo.com
METALSA BETEILIGUNGS,315,Bergneustadt,Business Services,http://www.metalsa.com
METRO,27259,Dusseldorf,Wholesale,http://www.metroag.de
METSAE TISSUE,490,Kreuzau,"Wood, Furniture & Paper Manufacturing",http://www.metsatissue.com
B. METZLER EL. SOHN HOLDING,212,Frankfurt Am Main,Business Services,http://www.metzler.com
MEWA TEXTIL-RVICE,746,Wiesbaden,Business Services,http://www.mewa.de
MEYER & MEYER HOLDING,230,Osnabrueck,"Transport, Freight & Storage",http://www.meyermeyer.com
MEYER TURKU,996,Papenburg,Business Services,http://www.meyerwerft.de
WULF GAERTNER AUTOPARTS,176,Hamburg,Business Services,http://www.meyle.com
MITTELDEUTSCHE HARTSTEIN-INDUSTRIE,218,Hanau,Mining & Extraction,http://www.mhigruppe.de
MHP MANAGEMENT- UND IT-BERATUNG,433,Ludwigsburg,Business Services,http://www.mhp.de
JTSD - BRAUNKOHLEBERGBAU,625,Zeitz,Business Services,http://www.mibrag.de
MICHELIN REIFENWERKE,2700,Karlsruhe,"Chemicals, Petroleum, Rubber & Plastic",http://www.michelin.de
MICROSOFT DEUTSCHLAND,3457,Muenchen,Wholesale,http://www.microsoft.com
MIELE BETEILIGUNGS-,3338,Guetersloh,Business Services,http://www.miele.de
LF EUROPE (GERMANY) SERVICES,314,Norderstedt,"Banking, Insurance & Financial Services",http://www.milesgroup.eu
MILTENYI,398,Bergisch Gladbach,Business Services,http://www.miltenyibiotec.com
MILUPA,344,Fulda,Food & Tobacco Manufacturing,http://www.milupa.de
MINERALBRUNNEN UBERKINGEN-TEINACH,152,Bad Uberkingen,Food & Tobacco Manufacturing,http://www.mineralbrunnen-.de
BISCHOFF & VIELHAUER,294,Bergisch Gladbach,Retail,http://www.mineraloel-vielhauer.de
MINIMAX VIKING,1688,Bad Oldesloe,Business Services,http://www.minimax-viking.com
CATERPILLAR GLOBAL MINING HMS,403,Dortmund,"Industrial, Electric & Electronic Machinery",http://www.mining.cat.com
MIPA,129,Essenbach,"Chemicals, Petroleum, Rubber & Plastic",http://www.mipa-paints.com
MINERALOELRAFFINERIE OBERRHEIN,433,Karlsruhe,"Chemicals, Petroleum, Rubber & Plastic",http://www.miro-ka.de
MITGAS MITTELDEUTSCHE GASVERSORGUNG,505,Halle,Utilities,http://www.mitgas.de
MITTELDEUTSCHE NETZGESELLSCHAFT STROM,2838,Halle,Utilities,http://www.mitnetz-strom.de
MITSUBISHI INTERNATIONAL GESELLSCHAFT MIT BESCHRAENKTER,1327,Duesseldorf,Wholesale,http://www.mitsubishicorp.com/de/en
MMD AUTOMOBILE,978,Friedberg,Wholesale,http://www.mitsubishi-motors.de
MITSUBISHI HITEC PAPER EUROPE,345,Bielefeld,"Wood, Furniture & Paper Manufacturing",http://www.mitsubishi-paper.com
MITSUI & CO. DEUTSCHLAND,773,Duesseldorf,Wholesale,http://www.mitsui.com/de
MMV BANK,634,Koblenz Am Rhein,"Banking, Insurance & Financial Services",http://www.mkb-bank.de
MLP FINANZBERATUNG,362,Wiesloch,"Banking, Insurance & Financial Services",http://www.mlp-financify.de
MMG ALUMINIUM,242,Mayen,Wholesale,http://www.mmgag.de
MM GRAPHIA BETEILIGUNGS- UND VERWALTUNGS-,286,Bielefeld,Business Services,http://www.mm-graphia.com
FS-KARTON,400,Baiersbronn,"Wood, Furniture & Paper Manufacturing",http://www.mm-karton.com
MODERNER BAUBEDARF GOTTFRIED WIRTZ,287,Heinsberg,Wholesale,http://www.mobau-wirtz.de
MOBENE,2294,Hamburg,Wholesale,http://www.mobene.de
ROETHER BETEILIGUNGS,302,Michelfeld,Business Services,http://www.modepark.de
MODINE EUROPE,767,Filderstadt,Business Services,http://www.modine.com
EATON ELECTRIC,305,Bonn,Wholesale,http://www.moeller.net
MOHAG MOTORWAGEN-HANDELSGESELLSCHAFT,311,Gelsenkirchen,Wholesale,http://www.mohag.de
RUECKER,360,Aurich,Food & Tobacco Manufacturing,http://www.molkerei-ruecker.de
AUTOHAUS ADELBERT MOLL,361,Duesseldorf,Wholesale,http://www.moll.de
MOMENTIVE PERFORMANCE MATERIALS,732,Leverkusen,Business Services,http://www.momentive.com
MONDELEZ DEUTSCHLAND,835,Bremen,Business Services,http://www.mondelezinternational.de
MONDI HOLDING DEUTSCHLAND,1180,Gronau,Business Services,http://www.mondigroup.com
MONTANA GROUP,620,Gruenwald,Business Services,http://www.montana-energie.de
MONTBLANC-SIMPLO,478,Hamburg,Miscellaneous Manufacturing,http://www.montblanc.com
MOSOLF,399,Kirchheim,"Transport, Freight & Storage",http://www.mosolf.de
MOTEL ONE,596,Muenchen,Business Services,http://www.motel-one.com
ONE HOTELS & RESORTS,621,Muenchen,Business Services,http://www.motel-one.de
MOTION TM VERTRIEBS,361,Troisdorf,Wholesale,http://www.motion-tm.de
MOTOROLA SOLUTIONS GERMANY,509,Idstein,Communications,http://www.motorolasolutions.com
MPA PHARMA,590,Trittau,Wholesale,http://www.mpapharma.de
MR. WASH AUTORVICE,312,Essen,Business Services,http://www.mrwash.de
MSC TECHNOLOGIES,339,Stutensee,Wholesale,http://www.-msc-technologies.e
MSD SHARP & DOHME GESELLSCHAFT MIT BESCHRAENKTER,1551,Haar,"Chemicals, Petroleum, Rubber & Plastic",http://www.msd.de
MSG SYSTEMS,418,Ismaning,Computer Software,http://www.msg.group
MSG LIFE,158,Leinfelden-Echterdingen,Business Services,http://www.msg-life.com
MS INDUSTRIE,291,Munchen,Business Services,http://www.ms-industrie.ag
MT AEROSPACE,174,Augsburg,Business Services,http://www.mt-aerospace.de
MTD PRODUCTS,256,Saarbruecken,"Industrial, Electric & Electronic Machinery",http://www.mtdeurope.com
MTU AERO ENGINES,4639,Munchen,Transport Manufacturing,http://www.mtu.de
MUHLBAUER HOLDING,288,Roding,"Industrial, Electric & Electronic Machinery",http://www.muehlbauer.de
MUELLER HOLDING,4120,Ulm,Business Services,http://www.mueller.de
MUELLER FLEISCH,635,Birkenfeld,Food & Tobacco Manufacturing,http://www.mueller-fleisch.de
MUNCHENER VEREIN LEBENSVERSICHERUNG,144,Munchen,"Banking, Insurance & Financial Services",http://www.muenchener-verein.de
MULFINGER,455,Heilbronn,Business Services,http://www.mulfinger-gruppe-heilbronn.de
MULTIVAC PP HGENMUELLER,511,Wolfertschwenden,"Industrial, Electric & Electronic Machinery",http://www.multivac.com
MENSCH UND MASCHINE SOFTWARE,249,Wessling,"Industrial, Electric & Electronic Machinery",http://www.mum.de
MUNDIPHARMA VERWALTUNGSGESELLSCHAFT MIT BESCHRAENKTER,328,Frankfurt,Wholesale,http://www.mundipharma.de
FLUGHAFEN MUENCHEN GESELLSCHAFT MIT BESCHRAENKTER,1582,Muenchen-Flughafen,"Transport, Freight & Storage",http://www.munich-airport.de
MUNICH RE,51447,Munchen,"Banking, Insurance & Financial Services",http://www.munichre.com
MUTARES,1130,Munchen,Wholesale,http://www.mutares.de
METALLVERWERTUNGSGESELLSCHAFT,334,Gottenheim,Wholesale,http://www.mvgottenheim.com
MV HOLDING,1681,Bad Oldesloe,Business Services,http://www.mv-holding.eu
MVV WINDENERGIE,3815,Mannheim,Business Services,http://www.mvv.de
MVV ENERGIE,3612,Mannheim,Utilities,http://www.mvv-investor.de
MVV NETZE,312,Mannheim,Utilities,http://www.mvv-netze.de
MITTELDEUTSCHE VERKEHRSFLAECHEN- UND VERKEHRSMITTELREINIGUNGS,1603,Magdeburg,Business Services,http://www.mvvr.de
MVV TRADING,1800,Mannheim,Utilities,http://www.mvv-trading.de
MV WERFTEN WISMAR,516,Wismar,Transport Manufacturing,http://www.mv-werften.de
M+W GROUP,3827,Stuttgart,Business Services,http://www.mwgroup.net
MYTHERESA.COM,380,Aschheim,Retail,http://www.mytheresa.com
MYTOYS.DE,430,Berlin,Wholesale,http://www.mytoys.de
N3 ENGINE OVERHAUL SERVICES,768,Arnstadt,Business Services,http://www.n3eos.com
NABALTEC,180,Schwandorf,"Chemicals, Petroleum, Rubber & Plastic",http://www.nabaltec.de
NEL-GROUP,2046,Versmold,Business Services,http://www.nagel-group.com
NAGEL VERWALTUNG & LOGISTIK,312,Ulm,Business Services,http://www.nagel-gruppe.de
NASSAUISCHE HEIMSTAETTE WOHNUNGS- UND ENTWICKLUNGSGES.M.B.H.,450,Frankfurt,Property Services,http://www.naheimst.de
NANOGATE,246,Goettelborn,Business Services,http://www.nanogate.de
NATGAS,2999,Potsdam,Wholesale,http://www.natgas.de
NATURSTROM,314,Duesseldorf,Utilities,http://www.naturstrom.de
NBB NETZGESELLSCHAFT BERLIN-BRANDENBURG,416,Berlin,Utilities,http://www.nbb-netzgesellschaft.de
NDW BETEILIGUNGSGESELLSCHAFT,1344,Eberbach,Business Services,http://www.ndw-drahtundstahl.de
NEHLN,337,Bremen,Business Services,http://www.nehlsen.com
NEMAK DILLINGEN,537,Dillingen,Business Services,http://www.nemak.com
NEMETSCHEK,560,Munchen,"Industrial, Electric & Electronic Machinery",http://www.nemetschek.com
N-ERGIE,2984,Nuernberg,Utilities,http://www.n-ergie.de
N-ERGIE NETZ,1302,Nuernberg,Business Services,http://www.n-ergie-netz.de
NESTLE DEUTSCHLAND,3658,Frankfurt,Food & Tobacco Manufacturing,http://www.nestle.de
NETAPP DEUTSCHLAND,434,Kirchheim,Wholesale,http://www.netapp.com/de
NETCOLOGNE GESELLSCHAFT FUER TELEKOMMUNIKATION MIT BESCHRAENKTER,287,Koeln,Business Services,http://www.netcologne.de
NETCONNECT GERMANY,962,Ratingen,Business Services,http://www.net-connect-germany.de
NETINERA DEUTSCHLAND,643,Viechtach,Business Services,http://www.netinera.de
NETZGESELLSCHAFT DUESSELDORF,506,Duesseldorf,Utilities,http://www.netz-duesseldorf.de
NETZE BW,3965,Stuttgart,Utilities,http://www.netze-bw.de
ERICH NETZSCH & CO. HOLDING KG,586,Selb,Property Services,http://www.netzsch.com
NEUE LEBEN LEBENSVERSICHERUNG,902,Hamburg,"Banking, Insurance & Financial Services",http://www.neueleben.de
HAVO NEUENHAUR GRUPPE HOLDING,405,Neuenhaus,Business Services,http://www.neuenhauser.de
ABB POWER GRIDS GERMANY,449,Mannheim,Business Services,http://www.new.abb.com
NEW KOMMUNALHOLDING,1056,Moenchengladbach,Business Services,http://www.new.de
NEW NETZ,392,Geilenkirchen,Utilities,http://www.new-netz-.de
NEW WORK,275,Hamburg,Media & Broadcasting,http://www.newwork.se
NEW YORKER,1970,Braunschweig,Business Services,http://www.newyorker.de
NEXANS DEUTSCHLAND,1167,Hannover,"Industrial, Electric & Electronic Machinery",http://www.nexans.de
NEXPERIA GERMANY,316,Hamburg,"Industrial, Electric & Electronic Machinery",http://www.nexperia.com
NEXT KRAFTWERKE,642,Koeln,Utilities,http://www.next-kraftwerke.de
NEXUS,162,Donaueschingen,"Industrial, Electric & Electronic Machinery",http://www.nexus-ag.de
NGK SPARK PLUG EUROPE,759,Ratingen,Wholesale,http://www.ngk.de
NGK EUROPE GESELLSCHAFT MIT BESCHRAENKTER,983,Kronberg,Wholesale,http://www.ngk-e.de
NETZGESELLSCHAFT OSTWUERTTEMBERG DONAURIES,457,Ellwangen,Utilities,http://www.ng-o.com
NH HOTELS DEUTSCHLAND,301,Berlin,"Travel, Personal & Leisure",http://www.nh-hotels.com
NIDEC GPM,340,Auengrund,"Industrial, Electric & Electronic Machinery",http://www.nidec-gpm.com
NIDEC MOTORS & ACTUATORS (GERMANY),455,Bietigheim-Bissingen,"Industrial, Electric & Electronic Machinery",http://www.nidec-ma.com
NIEDAX HOLDING,312,Linz,Business Services,http://www.niedax.de
NIEDERRHEIN-GOLD TERSTEEGEN,373,Moers,Food & Tobacco Manufacturing,http://www.niederrhein-gold.de
NIELS-STENSEN-KLINIKEN,430,Georgsmarienhuette,"Public Administration, Education, Health Social Services",http://www.niels-stensen-kliniken.de
MANFRED J.C. NIEMANN BETEILIGUNGS-,352,Bremen,Wholesale,http://www.niemet.de
NILES-SIMMONS-HEGENSCHEIDT,310,Chemnitz,"Industrial, Electric & Electronic Machinery",http://www.niles-simmons.de
NINTENDO OF EUROPE,2250,Frankfurt,Retail,http://www.nintendo.de
NISSAN CENTER EUROPE,631,Bruehl,Wholesale,http://www.nissan.de
NKD HOLDINGS,619,Bindlach,Business Services,http://www.nkd.de
NEUMANN GRUPPE,2179,Hamburg,Business Services,http://www.nkg.net
NKT,351,Koeln,"Industrial, Electric & Electronic Machinery",http://www.nktcables.com
NMB MINEBEA,395,Langen,Wholesale,http://www.nmb-minebea.de
NMG GERMANY,372,Muenchen,Business Services,http://www.nmg-stena.com
NOBILIA-WERKE J. STICKLING,1202,Verl,"Wood, Furniture & Paper Manufacturing",http://www.nobilia.de
C. E. NOERPEL & CO. PROJEKT-LOGISTIK KG,332,Ulm,Business Services,http://www.noerpel.de
DRUCKHAUS NUERNBERG,371,Nuernberg,Business Services,http://www.nordbayern.de
NORDER BAND,168,Norden,Wholesale,http://www.norderband.de
NORDEX,3303,Rostock,Utilities,http://www.nordex.de
NORDFROST,391,Schortens,"Transport, Freight & Storage",http://www.nordfrost.de
NORD-SCHROTT,521,Flensburg,Waste Management & Treatment,http://www.nord-schrott.de
NORDWEST HANDEL,491,Dortmund,Wholesale,http://www.nordwest.com
NORDZUCKER HOLDING,1414,Braunschweig,Business Services,http://www.nordzucker.de
NORMA GROUP,1104,Maintal,Business Services,http://www.normagroup.com
NOTEBOOKSBILLIGER.DE,897,Sarstedt,Wholesale,http://www.notebooksbilliger.de
NOVAR,295,Albstadt,"Industrial, Electric & Electronic Machinery",http://www.novar.de
NOVARTIS DEUTSCHLAND,4555,Nuernberg,Business Services,http://www.novartis.de
NOVELIS DEUTSCHLAND,2925,Goettingen,Metals & Metal Products,http://www.novelis.com
NOVEM BETEILIGUNGS,724,Vorbach,Business Services,http://www.novem.de
NOVO NORDISK PHARMA,592,Mainz,Wholesale,http://www.novonordisk.de
NOWEDA ARZNEIMITTEL,1330,Muenster,Wholesale,http://www.noweda.de
NRM NETZDIENSTE RHEIN-MAIN,557,Frankfurt,Utilities,http://www.nrm-netzdienste.de
NRW.BANK,749,Dusseldorf,"Banking, Insurance & Financial Services",http://www.nrwbank.com
NSK DEUTSCHLAND,356,Ratingen,Wholesale,http://www.nskeurope.de
NTT DATA DEUTSCHLAND,344,Muenchen,Business Services,http://www.nttdata.com
NURNBERGER LEBENSVERSICHERUNG,2318,Nurnberg,"Banking, Insurance & Financial Services",http://www.nuernberger.de
NUERNBERGMESSE,324,Nuernberg,Business Services,http://www.nuernbergmesse.de
CELANESE SALES GERMANY,2211,Sulzbach,Wholesale,http://www.nutrinova.de
NORDWEST INDUSTRIE GROUP,407,Frankfurt,Business Services,http://www.nwi-group.de
OBETA ELEKTRO VERTRIEBSGESELLSCHAFT MIT BESCHRAENKTER,392,Berlin,Business Services,http://www.obeta.de
OBI,5625,Wermelskirchen,Business Services,http://www.obi.de
BU HOLDING,279,Nuernberg,Business Services,http://www.obi-franken.de
CANON PRODUCTION PRINTING GERMANY,323,Poing,Computer Hardware,http://www.oce.com
ODDO BHF,240,Frankfurt Am Main,"Banking, Insurance & Financial Services",http://www.oddo-bhf.com
ENBW OSTWUERTTEMBERG DONAU-RIES,409,Ellwangen,Utilities,http://www.odr.de
OECHSLER,444,Ansbach,"Chemicals, Petroleum, Rubber & Plastic",http://www.oechsler.com
OLDENBURGISCHE LANDESBRANDKAS,186,Oldenburg,"Banking, Insurance & Financial Services",http://www.oeffentlicheoldenburg.de
ADM HAMBURG,251,Hamburg,Food & Tobacco Manufacturing,http://www.oelag.de
OERLIKON TEXTILE,669,Remscheid,,http://www.oerlikon.com/textile
OEFFENTLICHE LEBENSVERSICHERUNGS SACHN-ANHALT-OSA,157,Magdeburg,"Banking, Insurance & Financial Services",http://www.oesa.de
OEST HOLDING,369,Freudenstadt,Business Services,http://www.oest.de
OETKER DIGITAL,7235,Bielefeld,Business Services,http://www.oetkerdigital.com
OETTINGER BRAUEREI,331,Oettingen,Food & Tobacco Manufacturing,http://www.oettinger-bier.de
CPO HOLDING ( & CO.) KG,420,Hamburg,Business Services,http://www.offengroup.de
OGL - FOOD TRADE LEBENSMITTELVERTRIEB,1142,Oberding,Wholesale,http://www.ogl-foodtrade.com
OHB,1015,Bremen,Communications,http://www.ohb.de
OSTHANNOVERSCHE EINBAHNEN,382,Celle,"Transport, Freight & Storage",http://www.ohe-transport.de
CHRISTIAN OHREM GESELLSCHAFT MIT BESCHRAENKTER,305,Frechen,Wholesale,http://www.ohrem-.de
OIKOS HOLDING,340,Schluechtern,Business Services,http://www.oikos-group.de
OKTAN MINERALOEL-VERTRIEB,1453,Hamburg,Wholesale,http://www.oktan.de
OLDENBURGISCHE LANDESBANK - OLB,437,Oldenburg (Oldb),"Banking, Insurance & Financial Services",http://www.olb.de
BLUE CUBE GERMANY ASSETS & CO.KG,866,Stade,"Chemicals, Petroleum, Rubber & Plastic",http://www.olinepoxy.com
OLYMPUS EUROPA HOLDING,1844,Hamburg,"Travel, Personal & Leisure",http://www.olympus-europa.com
OMIRA,371,Ravensburg,Wholesale,http://www.omira.de
OMV,3853,Burghausen,Wholesale,http://www.omv.de
OMV GAS MARKETING & TRADING DEUTSCHLAND,357,Duesseldorf,Wholesale,http://www.omv-gas.com
OMYA GESELLSCHAFT MIT BESCHRAENKTER,441,Koeln,Wholesale,http://www.omya.de
SGB-SMIT,767,Regensburg,Business Services,http://www.oneequity.com
ONTEX MAYEN,343,Mayen,"Wood, Furniture & Paper Manufacturing",http://www.ontexglobal.com
ONTRAS GASTRANSPORT,387,Leipzig,Mining & Extraction,http://www.ontras.com
OPEL AUTOMOBILE,19370,Ruesselsheim,Transport Manufacturing,http://www.opel.de
OPEN GRID EUROPE,1106,Essen,Utilities,http://www.open-grid-europe.com
OPEN TEXT SOFTWARE,313,Grasbrunn,Computer Software,http://www.opentext.de
ARNTZ BETEILIGUNGS,291,Hoexter,Business Services,http://www.optibelt.de
OPTIMA-MASCHINENFABRIK DR. BUEHLER,441,Schwaebisch Hall,Property Services,http://www.optima-packaging-group.de
ORACLE DEUTSCHLAND B.V. & CO.KG,453,Muenchen,Business Services,http://www.oracle.de
ORAFOL EUROPE,610,Oranienburg,"Wood, Furniture & Paper Manufacturing",http://www.orafol.de
URANGESELLSCHAFT,350,Frankfurt,Mining & Extraction,http://www.orano.group/en
ORIFARM,299,Leverkusen,Wholesale,http://www.orifarm.de
ORION ENGINEERED CARBONS,669,Frankfurt,Business Services,http://www.orioncarbons.com
ORIZON HOLDING,303,Augsburg,Business Services,http://www.orizon.de
ORLEN DEUTSCHLAND,3919,Elmshorn,Wholesale,http://www.orlen-deutschland.de
ORSAY,370,Willstaett,Wholesale,http://www.orsay.com
ORSTED MARKETS,433,Hamburg,Utilities,http://www.orsted.de
OSI FOODS,1443,Gersthofen,Food & Tobacco Manufacturing,http://www.osi.de
OBG OSNABRUECKER BETEILIGUNGSU. GRUNDSTUECKSENTWICKLUNGSGES.,493,Osnabrueck,Property Services,http://www.osnabrueck.de
OSRAM LICHT,3617,Munchen,"Industrial, Electric & Electronic Machinery",http://www.osram-licht.com
OSTMILCH HANDELS,292,Bad Homburg,Wholesale,http://www.ostmilch.com
OTTOBOCK,489,Duderstadt,"Industrial, Electric & Electronic Machinery",http://www.ottobock.com
NAEDER HOLDING,1668,Duderstadt,Business Services,http://www.otto-bock.de
OTTO,14529,Hamburg,Business Services,http://www.ottogroup.com
OTTO WULFF BAUUNTERNEHMUNG,285,Hamburg,Construction,http://www.otto-wulff.de
OUTOKUMPU NIROSTA,1396,Krefeld,Metals & Metal Products,http://www.outokumpu.com
OBERHESSISCHE VERSORGUNGS- UND VERKEHRSGESELLSCHAFT,480,Friedberg,Business Services,http://www.ovag-gruppe.de
OVB HOLDING,268,Koln,"Banking, Insurance & Financial Services",http://www.ovb.eu
GEBRUEDER OVERLACK,723,Korschenbroich,Business Services,http://www.overlack.de
OXEA,899,Monheim,Wholesale,http://www.oxea-chemicals.com
PAPIERFABRIK PALM,1599,Aalen,"Wood, Furniture & Paper Manufacturing",http://www.palm.info
DSV AIR & SEA GERMANY,1002,Bremen,"Transport, Freight & Storage",http://www.panalpina.com
PANASONIC MARKETING EUROPE,2326,Wiesbaden,Wholesale,http://www.panasonic.com/de
PANASONIC INDUSTRY EUROPE,942,Ottobrunn,"Industrial, Electric & Electronic Machinery",http://www.panasonic.de
PANASONIC ELECTRIC WORKS EUROPE,246,Ottobrunn,"Industrial, Electric & Electronic Machinery",http://www.panasonic-electric-works.com
PANAVIA AIRCRAFT GESELLSCHAFT MIT BESCHRAENKTER,381,Hallbergmoos,Transport Manufacturing,http://www.panavia.de
PANDION,304,Koeln,Business Services,http://www.pandion.de
PANTHER PACKAGING & CO.KG,313,Tornesch,Business Services,http://www.panther-packaging.de
PARON,195,Delbruck,"Industrial, Electric & Electronic Machinery",http://www.paragon-online.de
PARKER HANNIFIN,802,Bielefeld,Metals & Metal Products,http://www.parker.com
PATRIZIA,413,Augsburg,Property Services,http://www.patrizia.ag
PAULANER BRAUEREI GRUPPE,710,Muenchen,Food & Tobacco Manufacturing,http://www.paulaner-gruppe.de
PAULSEN FOOD,292,Hamburg,Wholesale,http://www.paulsen-food.com
PAYBACK,340,Muenchen,Business Services,http://www.payback.de
POSTBEAMTENKRANKENKAS,1003,Stuttgart,"Banking, Insurance & Financial Services",http://www.pbeakk.de
PCC,860,Duisburg,Business Services,http://www.pcc.eu
PCK RAFFINERIE,460,Schwedt,"Chemicals, Petroleum, Rubber & Plastic",http://www.pck.de
PEAC (GERMANY),297,Hamburg,"Banking, Insurance & Financial Services",http://www.peacfinance.de
PENSKE AUTOMOTIVE EUROPE,704,Mannheim,Business Services,http://www.penskeautomotive.com
PEPPERL+FUCHS,704,Mannheim,"Industrial, Electric & Electronic Machinery",http://www.pepperl-fuchs.com
PERI-WERK ARTUR SCHWOERER,1798,Weissenhorn,Business Services,http://www.peri.de
PERNOD RICARD DEUTSCHLAND,459,Koeln,Wholesale,http://www.pernod-ricard-deutschland.de
PMB MANAGEMENT,287,Hamburg,Business Services,http://www.petermoehrle.de
PETZ REWE,348,Wissen,Retail,http://www.petz.de
PEUGEOT DEUTSCHLAND,1754,Ruesselsheim,Wholesale,http://www.peugeot.de
PFALZWERKE,1414,Ludwigshafen,Utilities,http://www.pfalzwerke.de
PFALZWERKE NETZ,530,Ludwigshafen,Wholesale,http://www.pfalzwerke-netzgesellschaft.de
DEUTSCHE PFANDBRIEFBANK,509,Unterschleissheim,"Banking, Insurance & Financial Services",http://www.pfandbriefbank.com
PFEIFER HOLDING,303,Memmingen,Business Services,http://www.pfeifer.info
PFEIFER TIMBER,544,Kuehbach,Wholesale,http://www.pfeifergroup.com
PFEIFFER & MAY,740,Karlsruhe,Business Services,http://www.pfeiffer-may.de
PFEIFFER VACUUM TECHNOLOGY,635,Asslar,"Industrial, Electric & Electronic Machinery",http://www.pfeiffer-vacuum.de
RUEGGEBERG,310,Marienheide,Business Services,http://www.pferd.com
PFISTERER HOLDING,351,Winterbach,Business Services,http://www.pfisterer.com
PFIZER PHARMA,1056,Berlin,Wholesale,http://www.pfizer.de
PFLEIDERER DEUTSCHLAND,926,Neumarkt,"Wood, Furniture & Paper Manufacturing",http://www.pfleiderer.de
PFW AEROSPACE,441,Speyer,Transport Manufacturing,http://www.pfw.aero
PROCTER & GAMBLE,618,Schwalbach,Wholesale,http://www.pg.com
PROCTER & GAMBLE MANUFACTURING,1015,Schwalbach,"Chemicals, Petroleum, Rubber & Plastic",http://www.pg.com/de_de
JOHANNESSTIFT DIAKONIE G,664,Berlin,"Public Administration, Education, Health Social Services",http://www.pgdiakonie.de
PHILIP MORRIS GESELLSCHAFT MIT BESCHRAENKTER,6848,Graefelfing,Wholesale,http://www.philipmorris.de
PHILIPS,1282,Hamburg,Business Services,http://www.philips.de
PHOENIX CONTACT,2448,Blomberg,"Industrial, Electric & Electronic Machinery",http://www.phoenixcontact.de
PHOENIX PHARMAHANDEL,26552,Mannheim,Wholesale,http://www.phoenixgroup.eu
IFINA BETEILIGUNGSGESELLSCHAFT MIT BESCHRAENKTER,409,Porta Westfalica,Business Services,http://www.phoenix-mecano.com
PHOENIX REISEN,401,Bonn,"Travel, Personal & Leisure",http://www.phoenixreisen.com
ERSTE PAUL-HEINZ WESJOHANN & CO,2340,Visbek,"Agriculture, Horticulture & Livestock",http://www.phw-gruppe.de
P & I PERSONAL & INFORMATIK,134,Wiesbaden,Computer Software,http://www.pi-ag.com
PIEPENBROCK UNTERNEHMENSGRUPPE,587,Berlin,Business Services,http://www.piepenbrock.de
PILKINGTON DEUTSCHLAND,393,Gelsenkirchen,"Leather, Stone, Clay & Glass products",http://www.pilkington.com
PILLER HOLDING,864,Osterode,Business Services,http://www.piller.com
PETER PILZ,348,Ostfildern,Business Services,http://www.pilz.com
DEUTSCHE PIRELLI REIFEN HOLDING,1307,Breuberg,Business Services,http://www.pirelli.de
"""PAPIER- U. KARTONFABRIK VAREL """,388,Varel,Business Services,http://www.pkvarel.de
PLASTIC OMNIUM AUTOMOTIVE EXTERIORS,708,Muenchen,Transport Manufacturing,http://www.plasticomnium.com
HORST BRANDSTAETTER HOLDING,757,Zirndorf,Business Services,http://www.playmobil.de
SIEMENS INDUSTRY SOFTWARE,470,Koeln,Computer Software,http://www.plm.automation.siemens.com/de_de
PLURADENT,321,Offenbach,Wholesale,http://www.pluradent.com
PM-INTERNATIONAL,189,Speyer,Food & Tobacco Manufacturing,http://www.pm-international.de
PNE,137,Cuxhaven,Utilities,http://www.pne-ag.com
PNEUHAGE MANAGEMENT,600,Karlsruhe,"Travel, Personal & Leisure",http://www.pneuhage.de
POCO EINRICHTUNGSMAERKTE,1355,Bergkamen,Retail,http://www.poco.de
ALOIS POESCHL,505,Geisenhausen,Business Services,http://www.poeschl-tobacco.com
POESSL FREIZEIT UND SPORT,296,Ainring,Wholesale,http://www.poessl-mobile.de
POLYPLAST MUELLER,326,Straelen,"Chemicals, Petroleum, Rubber & Plastic",http://www.polyplast.com
PORR AA,790,Muenchen,Construction,http://www.porr.de
PORSCHE AUTOMOBIL HOLDING,169,Stuttgart,Transport Manufacturing,http://www.porsche.de
POSTBANK FINANZBERATUNG,282,Hameln,"Banking, Insurance & Financial Services",http://www.postbank.de/finanzberatung
POWER OIL ROSTOCK,375,Rostock,Food & Tobacco Manufacturing,http://www.power-oil.de
PPG INDUSTRIES LACKFABRIK,582,Wuppertal,"Chemicals, Petroleum, Rubber & Plastic",http://www.ppg.com
ADOLF PRAEG VERWALTUNGS-,356,Kempten,Business Services,http://www.praeg.de
PREH,1446,Bad Neustadt,"Industrial, Electric & Electronic Machinery",http://www.preh.com
PREH CAR CONNECT,399,Dresden,"Industrial, Electric & Electronic Machinery",http://www.prehcarconnect.com
PREMIUM AEROTEC,2197,Augsburg,Transport Manufacturing,http://www.premium-aerotec.com
PRESSE-DRUCK- UND VERLAGS-,500,Augsburg,Printing & Publishing,http://www.presse-druck.de
PRETTL PRODUKTIONS HOLDING,423,Pfullingen,Business Services,http://www.prettl.com
PREUSSENELEKTRA,1802,Hannover,Utilities,http://www.preussenelektra.de
PREVENT DEV DESIGN ENTWICKLUNG VERTRIEB,447,Wolfsburg,Business Services,http://www.preventgroup.com
PRODUCTION RESOURCE GROUP,125,Hamburg,Business Services,http://www.prg.com
PRIMARK MODE LTD.,797,Essen,Retail,http://www.primark.de
PRIMEPUL,829,Munchen,Business Services,http://www.primepulse.de
PRIMEX STEEL TRADING GESELLSCHAFT MIT BESCHRAENKTER,467,Duesseldorf,Wholesale,http://www.primex-steel.de
HANS R. SCHMID HOLDING,756,Offenburg,Business Services,http://www.printus.de
NAABTALER MILCHWERKE PRIVATMOLKEREI BECHTEL,516,Schwarzenfeld,Food & Tobacco Manufacturing,http://www.privatmolkerei-bechtel.de
PAREXEL INTERNATIONAL,344,Berlin,Biotechnology and Life Sciences,http://www.probandsein.de
PRO BAV PENSIONSKAS,240,Koln,"Banking, Insurance & Financial Services",http://www.probav.de
PROCREDIT HOLDING,271,Frankfurt Am Main,"Banking, Insurance & Financial Services",http://www.procredit-holding.com
PROFI ENGINEERING SYSTEMS,156,Darmstadt,Computer Software,http://www.profi-ag.de
PROFINE,425,Troisdorf,"Chemicals, Petroleum, Rubber & Plastic",http://www.profine-group.com
PROFI SYSTEM-GETRAENKE-LOGISTIK,336,Augsburg,Business Services,http://www.profi-sgl.de
PROGRESS-WERK OBERKIRCH,467,Oberkirch,Metals & Metal Products,http://www.progress-werk.de
PROGROUP,1033,Offenbach,Business Services,http://www.progroup.ag
PROMINENT,386,Heidelberg,"Industrial, Electric & Electronic Machinery",http://www.prominent.com
PROSIEBENSAT.1 MEDIA,4169,Unterfohring,Media & Broadcasting,http://www.prosiebensat1.com
PROSIEBENSAT.1 TV DEUTSCHLAND,1752,Unterfoehring,Business Services,http://www.prosiebensat1.de
PROTECT VERSICHERUNG,174,Dusseldorf,"Banking, Insurance & Financial Services",http://www.protect-versicherung.de
PROVINZIAL NORDWEST HOLDING,3530,Munster,"Banking, Insurance & Financial Services",http://www.provinzial-nordwest.de
WESTFALISCHE PROVINZIAL VERSICHERUNG,1323,Munster,"Banking, Insurance & Financial Services",http://www.provinzial-online.de
PRYM ANTEILSVERWALTUNG,398,Stolberg,Business Services,http://www.prym.com
PRYSMIAN KABEL UND SYSTEME,417,Berlin,"Industrial, Electric & Electronic Machinery",http://www.prysmiangroup.com
PSA BANK DEUTSCHLAND,870,Neu-Isenburg,"Banking, Insurance & Financial Services",http://www.psa-bank-deutschland.de
PSI SOFTWARE,227,Berlin,"Industrial, Electric & Electronic Machinery",http://www.psi.de
PSM PROJEKT SYSTEM & MANAGEMENT,667,Kassel,Metals & Metal Products,http://www.psm-spz.de
PGNIG SUPPLY & TRADING,1546,Muenchen,Utilities,http://www.pst-energie.com
MMS GERMANY HOLDINGS,10140,Duesseldorf,Business Services,http://www.publicisgroupe.com
PUBLITY,338,Frankfurt,"Banking, Insurance & Financial Services",http://www.publity.de
FASHION CHEMICALS,312,Geretsried,Business Services,http://www.pulcra-chemicals.com
PUMA,5530,Herzogenaurach,Miscellaneous Manufacturing,http://www.puma.de
PUTZMEISTER HOLDING,787,Aichtal,Business Services,http://www.putzmeister.de
PVA TEPLA,133,Wettenberg,"Industrial, Electric & Electronic Machinery",http://www.pvatepla.com
PV AUTOMOTIVE,378,Duisburg,Wholesale,http://www.pvautomotive.de
PWC,2382,Frankfurt,Business Services,http://www.pwc.de
Q1 ENERGIE,605,Osnabrueck,Retail,http://www.q1.eu
KUWAIT PETROLEUM (DEUTSCHLAND),771,Ratingen,Property Services,http://www.q8oils.com
HANWHA Q CELLS,643,Bitterfeld-Wolfen,"Industrial, Electric & Electronic Machinery",http://www.q-cells.com
QIAGEN,521,Hilden,Biotechnology and Life Sciences,http://www.qiagen.com
Q-PERIOR HOLDING,199,Muenchen,Business Services,http://www.q-perior.com
QSC,376,Koln,Communications,http://www.qsc.de
QUADRA ENERGY,381,Duesseldorf,Utilities,http://www.quadra-energy.com
QUANTUM IMMOBILIEN,295,Hamburg,Construction,http://www.quantum.ag
QUANTUM,379,Ratingen,Utilities,http://www.quantum.de
QUARZWERKE GESELLSCHAFT MIT BESCHRAENKTER,421,Frechen,Mining & Extraction,http://www.quarzwerke.com
QUICK-MIX GRUPPE & CO.KG.,340,Osnabrueck,Business Services,http://www.quick-mix.de
QVC HANDEL S.A R.L.,887,Duesseldorf,Wholesale,http://www.qvc.de
RABO TRADING GERMANY,1971,Frankfurt,Wholesale,http://www.rabobank.de
JOSEF RAEDLINGER & CO. HOLDING KG,336,Cham,Business Services,http://www.raedlinger.com
RAFI,425,Berg,"Industrial, Electric & Electronic Machinery",http://www.rafi.de
RAG,2645,Essen,Business Services,http://www.rag.de
RAIFFEISEN WAREN,1460,Kassel,Wholesale,http://www.raiffeisen-kassel.de
VON RANTZAU & CO. HANDELS- UND BETEILIGUNGSGESELLSCHAFT,402,Hamburg,Wholesale,http://www.rantzau.de
RATIODATA,304,Frankfurt,Computer Software,http://www.ratiodata.de
RATIONAL,846,Landsberg Am Lech,"Industrial, Electric & Electronic Machinery",http://www.rational-ag.com
RATIOPHARM,740,Ulm,Wholesale,http://www.ratiopharm.de
RAUCH,313,Freudenberg,Business Services,http://www.rauchmoebel.de
RAVENSBURGER,508,Ravensburg,Miscellaneous Manufacturing,http://www.ravensburger.de
RECKITT BENCKISER DEUTSCHLAND,1251,Heidelberg,Wholesale,http://www.rb.com/de
REAL ALLOY GERMANY,381,Grevenbroich,Metals & Metal Products,http://www.realalloy.com
MP BETEILIGUNGS-,679,Kaiserslautern,Business Services,http://www.recaro.com
RECYLEX,483,Hannover,Business Services,http://www.recylex.de
RED BULL DEUTSCHLAND,445,Muenchen,Business Services,http://www.redbull.de
REEMTSMA CIGARETTENFABRIKEN GESELLSCHAFT MIT BESCHRAENKTER,1911,Hamburg,Business Services,http://www.reemtsma.com
RHOENENERGIE FULDA,515,Fulda,Utilities,http://www.re-fd.de
REFRATECHNIK HOLDING,600,Ismaning,Business Services,http://www.refra.com
REFRESCO DEUTSCHLAND,448,Moenchengladbach,Food & Tobacco Manufacturing,http://www.refresco.de
REGIOCOM,156,Magdeburg,"Travel, Personal & Leisure",http://www.regiocom.com
REGIOMED-KLINIKEN,355,Sonneberg,"Public Administration, Education, Health Social Services",http://www.regiomed-kliniken.de
REGIONETZ,374,Aachen,Business Services,http://www.regionetz.de
VERSORGUNGS- UND VERKEHRSGES,2863,Hannover,Business Services,http://www.region-hannover.de
REHAU,2205,Rehau,"Chemicals, Petroleum, Rubber & Plastic",http://www.rehau.com
REIFEN GUNDLACH,308,Raubach,Wholesale,http://www.reifengundlach.de
HANS REIFENHAEUSER HOLDING,466,Troisdorf,Business Services,http://www.reifenhauser-group.com
REIFEN KRIEG,302,Neuhof,Wholesale,http://www.reifen-krieg.de
DRH DEUTSCHE REIHENHAUS,171,Koeln,Construction,http://www.reihenhaus.de
THE FAMILY BUTCHERS HOLDING,311,Versmold,Business Services,http://www.reinert.de
REINZ-DICHTUNGS-,334,Neu-Ulm,"Chemicals, Petroleum, Rubber & Plastic",http://www.reinz.com
AUTOHAUS REISACHER,287,Memmingen,Wholesale,http://www.reisacher.de
REISRER,509,Boeblingen,Wholesale,http://www.reisser.de
REMMERS GRUPPE,339,Loeningen,Business Services,http://www.remmers.de
RENAULT DEUTSCHLAND,1749,Bruehl,Wholesale,http://www.renault.de
RENAULT RETAIL GROUP DEUTSCHLAND,590,Bruehl,Wholesale,http://www.renault-berlin.de
AUTOHAUS GOTTHARD KOENIG,463,Berlin,Wholesale,http://www.renault-koenig.de
RENESAS ELECTRONICS EUROPE,1031,Duesseldorf,Wholesale,http://www.renesas.eu
RENK,562,Augsburg,"Industrial, Electric & Electronic Machinery",http://www.renk.de
RENOLIT,481,Worms,"Chemicals, Petroleum, Rubber & Plastic",http://www.renolit.com
RENTSCHLER BIOPHARMA,175,Laupheim,Biotechnology and Life Sciences,http://www.rentschler-biopharma.com
RETTENMEIER HOLDING,453,Wilburgstetten,Business Services,http://www.rettenmeier.com
REW REGENSBURGER ENERGIE-UND WASRVERSORGUNG,390,Regensburg,Utilities,http://www.rewag.de
REWE DEUTSCHER SUPERMARKT,38294,Koeln,Business Services,http://www.rewe-group.com
REXAM HOLDING,695,Bad Muender,Business Services,http://www.rexam.com
REXEL,883,Muenchen,Business Services,http://www.rexel.com
F. REYHER NCHFG.,349,Hamburg,Wholesale,http://www.reyher.de
RF360 EUROPE,1043,Muenchen,Business Services,http://www.rf360jv.com
RHEINBAHN,301,Duesseldorf,"Transport, Freight & Storage",http://www.rheinbahn.de
RHEINENERGIE,2682,Koeln,Utilities,http://www.rheinenergie.com
RHEINENERGIE TRADING,2670,Koeln,Utilities,http://www.rheinenergie-trading.com
RHEINISCH-BERGISCHE VERLAGSGESELLSCHAFT,724,Duesseldorf,Business Services,http://www.rheinischepostmediengruppe.de
RHEINKALK,433,Wuelfrath,Business Services,http://www.rheinkalk.de
RHEINLAND KRAFTSTOFF GESELLSCHAFT MIT BESCHRAENKTER,1156,Gelsenkirchen,Wholesale,http://www.rheinland-kraftstoff.de
RHEINLAND HOLDING,549,Neuss,"Banking, Insurance & Financial Services",http://www.rheinland-versicherungen.de
RHEINMETALL,6381,Dusseldorf,Transport Manufacturing,http://www.rheinmetall.com
KS HUAYU ALUTECH,308,Neckarsulm,Metals & Metal Products,http://www.rheinmetall-automotive.com
RHEINMETALL MILITARY VEHICLES,654,Muenchen,Transport Manufacturing,http://www.rheinmetall-defence.com
RHEN RHEINISCHE ENERGIE,177,Koeln,Utilities,http://www.rhenag.de
RHM ROHSTOFF-HANDELSGESELLSCHAFT,461,Muelheim,Waste Management & Treatment,http://www.rhm-rohstoffe.de
CERDIA PRODUKTIONS,353,Freiburg,"Chemicals, Petroleum, Rubber & Plastic",http://www.rhodia.com
RHON-KLINIKUM,1533,Bad Neustadt/Saale,"Public Administration, Education, Health Social Services",http://www.rhoen-klinikum-ag.com
RIB SOFTWARE,217,Stuttgart,Business Services,http://www.rib-software.com
RICOH DEUTSCHLAND,502,Hannover,Wholesale,http://www.ricoh.de
RIEDEL BAU HOLDING,249,Schweinfurt,Business Services,http://www.riedelbau.de
RIHA WESERGOLD GETRAENKE,556,Rinteln,Food & Tobacco Manufacturing,http://www.riha-wesergold.de
RIMOWA,344,Koeln,Textiles & Clothing Manufacturing,http://www.rimowa.de
UNITED IMAGING GROUP,353,Fuerth,Wholesale,http://www.ringfoto.de
ALFRED RITTER,503,Waldenbuch,Food & Tobacco Manufacturing,http://www.ritter-sport.de
RIVA STAHL,1582,Hennigsdorf,Wholesale,http://www.rivagroup.com
RKW,401,Frankenthal,"Chemicals, Petroleum, Rubber & Plastic",http://www.rkw-group.com
RAIFFEIN LIPPE-WER,130,Lage,Wholesale,http://www.rlw-ag.de
RHEINISCHE NETZGESELLSCHAFT,783,Koeln,Utilities,http://www.rng.de
ROCHE DIAGNOSTICS,4991,Mannheim,"Chemicals, Petroleum, Rubber & Plastic",http://www.roche.de
DEUTSCHE ROCKWOOL,346,Gladbeck,Wholesale,http://www.rockwool.de
RODENSTOCK,321,Muenchen,"Industrial, Electric & Electronic Machinery",http://www.rodenstock.de
ROECHLING,2223,Mannheim,Business Services,http://www.roechling.com
ROECHLING AUTOMOTIVE GERMANY,388,Worms,"Chemicals, Petroleum, Rubber & Plastic",http://www.roechling-automotive.de
ROECHLING ENGINEERING PLASTICS,271,Haren,"Chemicals, Petroleum, Rubber & Plastic",http://www.roechling-plastics.com
ROEDL,338,Neumarkt,Wholesale,http://www.roedl-energie.de
ROEHM,1489,Essen,"Chemicals, Petroleum, Rubber & Plastic",http://www.roehm.com
ROFA INDUSTRIAL AUTOMATION,344,Kolbermoor,"Industrial, Electric & Electronic Machinery",http://www.rofa-group.com
ROGESA ROHEISENGESELLSCHAFT SAAR,1405,Dillingen,Metals & Metal Products,http://www.rogesa.de
ROHDE & SCHWARZ,2421,Muenchen,"Industrial, Electric & Electronic Machinery",http://www.rohde-schwarz.com
ROEHLIG LOGISTICS,672,Bremen,Business Services,http://www.rohlig.com
SUEDBAYERISCHES PORTLAND-ZEMENTWERK GEBR. WIESBOECK & CO.,580,Rohrdorf,Wholesale,http://www.rohrdorfer.eu
ROLAND BERGER HOLDING,631,Muenchen,Business Services,http://www.rolandberger.com
ROLAND MILLS UNITED,293,Bremen,Business Services,http://www.rolandmillsunited.de
ROLAND RECHTSSCHUTZ-VERSICHERUNGS-,477,Koeln,"Banking, Insurance & Financial Services",http://www.roland-rechtsschutz.de
ROLEX DEUTSCHLAND GESELLSCHAFT MIT BESCHRAENKTER,363,Koeln,Wholesale,http://www.rolex.de
ROLLS-ROYCE DEUTSCHLAND LTD,2133,Blankenfelde-Mahlow,Transport Manufacturing,http://www.rolls-royce.de
RUD. OTTO MEYER TECHNIK,413,Bremen,Construction,http://www.rom-technik.de
ROSENBAUM VERWALTUNGS,428,Koeln,Wholesale,http://www.rosenbaum-koeln.de
ROSENBERGER,1352,Tittmoning,Business Services,http://www.rosenberger.com
ROSIER HOLDING,413,Menden,Business Services,http://www.rosier.de
ROSSMANN,6210,Burgwedel,Business Services,http://www.rossmann.de
KARL ROSSNAGEL,498,Bruchsal,Wholesale,http://www.rossnagel-mineraloele.de
ROTH AGRARHANDEL,336,Kirchhain,Wholesale,http://www.roth-agrar.de
ROTHENBERGER,353,Kelkheim,Business Services,http://www.rothenberger.com
ROTHENBERGER 4 X S HOLDING,288,Frankfurt,Business Services,http://www.rothenberger-4xs.com
FRANZ-JOSEF ROTHKOETTER,1096,Meppen,Wholesale,http://www.rothkoetter.de
ROTKAEPPCHEN,772,Freyburg,Business Services,http://www.rotkaeppchen.de
ROTO FRANK HOLDING,700,Leinfelden-Echterdingen,Business Services,http://www.roto-frank.com
RPC PACKAGING HOLDINGS (DEUTSCHLAND) B.V.,554,Bremervoerde,Wholesale,http://www.rpc-group.com
ROLLS-ROYCE POWER SYSTEMS,126,Friedrichshafen,Business Services,http://www.rrpowersystems.com
R + S BETEILIGUNGS,389,Fulda,Business Services,http://www.rs-ag.net
RTL 2 FERNSEHEN,358,Gruenwald,Media & Broadcasting,http://www.rtl2.de
RTL TELEVISION,1839,Koeln,Media & Broadcasting,http://www.rtl-television.de
RUDOLPH FINANCE,352,Gudensberg,Business Services,http://www.rudolph-log.com
RUEGEN FISCH,134,Sassnitz,Retail,http://www.ruegenfisch.de
RUETGERS GERMANY,574,Castrop-Rauxel,"Chemicals, Petroleum, Rubber & Plastic",http://www.ruetgers-group.com
RUTRONIK ELEKTRONISCHE BAUELEMENTE,1121,Ispringen,Wholesale,http://www.rutronik.de
R+V GRUPPENPENSIONSFONDS,192,Munchen,"Banking, Insurance & Financial Services",http://www.ruvgpf.de
RAIFFEISEN VIEHVERMARKTUNG,462,Ennigerloh,Wholesale,http://www.rvg-net.de
RVV ROSTOCKER VERSORGUNGS- UND VERKEHRS-HOLDING,448,Rostock,Business Services,http://www.rvv-rostock.de
RWE POWER,3503,Koeln,Utilities,http://www.rwe.com
RWE,41753,Essen,Utilities,http://www.rwe.de
BINDEWALD UND GUTTING VERWALTUNGS-,372,Alsleben,Business Services,http://www.saalemuehle.de
SAARSTAHL,2077,Voelklingen,Metals & Metal Products,http://www.saarstahl.com
SABIC HOLDING DEUTSCHLAND,833,Gelsenkirchen,Business Services,http://www.sabic.com
VENATOR GERMANY,814,Duisburg,"Chemicals, Petroleum, Rubber & Plastic",http://www.sachtleben.de
SAFEROAD,5376,Weroth,Business Services,http://www.saferoad-rrs.com
SAF-HOLLAND,632,Bessenbach,Wholesale,http://www.safholland.com
SAG VERMOEGENSVERWALTUNG \N,1256,Langen,Business Services,http://www.sag.eu
SA SIEDLUNGS- HAMBURG,1033,Hamburg,Property Services,http://www.saga.hamburg
SAINT-GOBAIN ISOVER G+H,377,Ludwigshafen,"Industrial, Electric & Electronic Machinery",http://www.saint-gobain.de
S-KON NEW BUSINESS,148,Hamburg,Business Services,http://www.saleskontor.de
SALZGITTER,8707,Salzgitter,Metals & Metal Products,http://www.salzgitter-ag.de
SUDWESTDEUTSCHE SALZWERKE,292,Heilbronn,Mining & Extraction,http://www.salzwerke.de
SAMSON,323,Frankfurt,"Industrial, Electric & Electronic Machinery",http://www.samson.de
SAMSUNG ELECTRONICS,4927,Schwalbach,Wholesale,http://www.samsung.com/de
SAMSUNG SEMICONDUCTOR EUROPE,3197,Muenchen,Wholesale,http://www.samsung.com/eu/business/semiconductor/de
SAMSUNG ELECTRONICS HOLDING,8126,Schwalbach,Business Services,http://www.samsung.de
SAMSUNG C&T DEUTSCHLAND,562,Schwalbach,Wholesale,http://www.samsungdeutschland.de
SANA KLINIKEN,2885,Ismaning,Business Services,http://www.sana.de
SANACORP PHARMAHANDEL,4755,Planegg,Wholesale,http://www.sanacorp.de
SANDLER,331,Schwarzenbach,Textiles & Clothing Manufacturing,http://www.sandler.de
SANITAETSHAUS AKTUELL,328,Vettelschoss,Wholesale,http://www.sani-aktuell.de
SANITAER-HEINZE,336,Ainring,Wholesale,http://www.sanitaer-heinze.com
AVENTIS PHARMA DEUTSCHLAND,926,Frankfurt,Wholesale,http://www.sanofi.de
SANOFI-AVENTIS DEUTSCHLAND,5468,Frankfurt,"Chemicals, Petroleum, Rubber & Plastic",http://www.sanofi-aventis.de
SANTO HOLDING (DEUTSCHLAND),1381,Holzkirchen,Business Services,http://www.santoholding.ch
SAP,27566,Walldorf,"Industrial, Electric & Electronic Machinery",http://www.sap.com
SAPPI STOCKSTADT,356,Stockstadt,"Wood, Furniture & Paper Manufacturing",http://www.sappi.com
SARSTEDT,416,Nuembrecht,"Industrial, Electric & Electronic Machinery",http://www.sarstedt.com
SARTORIUS,1836,Gottingen,"Industrial, Electric & Electronic Machinery",http://www.sartorius.com
SARTORIUS STEDIM BIOTECH,632,Goettingen,Biotechnology and Life Sciences,http://www.sartorius-stedim.com
SAS AUTOSYSTEMTECHNIK,765,Karlsruhe,"Industrial, Electric & Electronic Machinery",http://www.sas-automotive.com/de
SASOL GERMANY,1565,Hamburg,"Chemicals, Petroleum, Rubber & Plastic",http://www.sasolgermany.de
DR. SAS,203,Muenchen,Business Services,http://www.sasse.de
SAT.1 SATELLITEN FERNSEHEN,771,Unterfoehring,Media & Broadcasting,http://www.sat1.de
SATURN ONLINE,511,Ingolstadt,Wholesale,http://www.saturn.de
SAUELS,190,Kempen,Business Services,http://www.sauels.de
DMB DR. DIETER MURMANN BETEILIGUNGSGESELLSCHAFT,329,Kiel,Business Services,http://www.sauercompressors.com
SAURER SPINNING SOLUTIONS,756,Uebach-Palenberg,,http://www.saurer.com
SAVENCIA FROMAGE & DAIRY DEUTSCHLAND,376,Wiesbaden,Wholesale,http://www.savencia-fd.de
SAXONIA HOLDING,524,Halsbruecke,Mining & Extraction,http://www.saxonia.de
KLIER HOLDING,322,Wolfsburg,Business Services,http://www.saxonia-holding.com
S-BAHN BERLIN,813,Berlin,"Transport, Freight & Storage",http://www.s-bahn-berlin.de
S-BAHN HAMBURG,384,Hamburg,"Transport, Freight & Storage",http://www.s-bahn-hamburg.de
SCHWARZWALD-BAAR KLINIKUM VILLINGEN-SCHWENNINGEN,287,Villingen-Schwenningen,"Public Administration, Education, Health Social Services",http://www.sbk-vs.de
SCANIA CV DEUTSCHLAND HOLDING,1195,Koblenz,Business Services,http://www.scania.de
TECINVEST HOLDING,155,Puchheim,Business Services,http://www.scanlab.de
"SCHAEFER WERKE , STAHL- UND KUNSTSTOFFTECHNIK",917,Neunkirchen,Business Services,http://www.schaefer-werke.de
SCHAEFFLER,14504,Herzogenaurach,Transport Manufacturing,http://www.schaeffler.com
SCHAEFLEIN,156,Roethlein,Business Services,http://www.schaeflein-ag.de
SCHALTBAU HOLDING,538,Munchen,Transport Manufacturing,http://www.schaltbau.com
RETIS HOLDING,800,Rohrdorf,Business Services,http://www.schattdecor.de
SCHAUENBURG TECHNOLOGY,142,Muelheim,Business Services,http://www.schauenburg.com
SCHAUINSLAND-REISEN,1404,Duisburg,"Travel, Personal & Leisure",http://www.schauinsland-reisen.de
HUELSENBERG HOLDING,500,Pinneberg,Business Services,http://www.schaumann.ch
SCHEIDT & BACHMANN,412,Moenchengladbach,Computer Hardware,http://www.scheidt-bachmann.de
SCHERDEL VERWALTUNGS-,759,Marktredwitz,Business Services,http://www.scherdel.com
SCHERDEL,498,Marktredwitz,Metals & Metal Products,http://www.scherdel.de
SCHERER HOLDING,722,Simmern,Business Services,http://www.scherer-gruppe.de
SCHIESR,183,Radolfzell,Textiles & Clothing Manufacturing,http://www.schiesserag.com
SCHINDLER DEUTSCHLAND,953,Berlin,Construction,http://www.schindler.de
MOON TOPCO,307,Aschheim,Business Services,http://www.schlemmer.com
CARL SCHLENK,167,Roth,Business Services,http://www.schlenk.de
SCHLOSS WACHENHEIM,344,Trier,Food & Tobacco Manufacturing,http://www.schloss-wachenheim.de
KARL SCHMIDT SPEDITION,363,Heilbronn,"Transport, Freight & Storage",http://www.schmidt-heilbronn.de
HEINRICH SCHMIDT HOLDING,494,Moenchengladbach,Business Services,http://www.schmidt-mg.de
BREMER FAHRZEUGHAUS SCHMIDT + KOCH,365,Bremen,Business Services,http://www.schmidt-und-koch.de
SCHNEIDER ELECTRIC,765,Ratingen,Wholesale,http://www.schneider-electric.de
SCHNELLECKE GROUP,1181,Wolfsburg,"Transport, Freight & Storage",http://www.schnellecke.com
SCHOECK,198,Baden-Baden,Property Services,http://www.schoeck.de
SCHOEN KLINIK,890,Prien,Business Services,http://www.schoen-klinik.de
SCHOEN KLINIK,773,Prien,Business Services,http://www.schoen-kliniken.com
SCHOLZ RECYCLING,1268,Essingen,Wholesale,http://www.scholz-recycling.de
SCHOTT,2220,Mainz,"Leather, Stone, Clay & Glass products",http://www.schott.com
SCHUETZ-WERKE,1955,Selters,Business Services,http://www.schuetz.net
SCHUFA HOLDING,194,Wiesbaden,Business Services,http://www.schufa.de
SCHULER PRESSEN,755,Weingarten,"Industrial, Electric & Electronic Machinery",http://www.schulergroup.com
RICHARD SCHULZ TIEFBAU,337,Neuburg,Construction,http://www.schulz-tiefbau.de
SCHUMACHER PACKAGING,445,Ebersdorf,"Wood, Furniture & Paper Manufacturing",http://www.schumacher-packaging.com
SCHUNK,1416,Heuchelheim,Business Services,http://www.schunk-group.com
SCHUSTERMANN & BORENSTEIN HOLDING,343,Aschheim,Wholesale,http://www.schustermann-borenstein.de
DR. SCHWABE HOLDING,386,Karlsruhe,Business Services,http://www.schwabe.de
"BAUSPARKAS SCHWABISCH HALL , BAUSPARKAS DER VOLKSBANKEN UND RAIFFEINBANKEN",360,Schwabisch Hall,"Banking, Insurance & Financial Services",http://www.schwaebisch-hall.de
SCHWALBCHEN MOLKEREI JAKOB BERZ,190,Bad Schwalbach,Food & Tobacco Manufacturing,http://www.schwaelbchen-molkerei.de
SCHWANHAEUSSER INDUSTRIE HOLDING,698,Heroldsberg,Business Services,http://www.schwan-stabilo.de
AOH NAHRUNGSMITTEL,1158,Bad Schwartau,Business Services,http://www.schwartauer-werke.de
SCHWENK DONAU,3632,Ulm,Business Services,http://www.schwenk.de
SCHWERMETALL HALBZEUGWERK GESELLSCHAFT MIT BESCHRAENKTER UND CO. KG,436,Stolberg,Metals & Metal Products,http://www.schwermetall.de
SCOUT24,626,Munchen,Property Services,http://www.scout24.com
SCHWEIZER ELECTRONIC,123,Schramberg,"Industrial, Electric & Electronic Machinery",http://www.seag.de
SEAT DEUTSCHLAND,2540,Weiterstadt,Wholesale,http://www.seat.de
SUMITOMO ELECTRIC BORDNETZE,566,Wolfsburg,"Industrial, Electric & Electronic Machinery",http://www.sebn.de
CUNET CURITY NETWORKS,226,Essen,"Industrial, Electric & Electronic Machinery",http://www.secunet.de
SECURITAS HOLDING,918,Duesseldorf,Business Services,http://www.securitas.com
DUS STOLL,218,Dogern,"Wood, Furniture & Paper Manufacturing",http://www.sedus.de
SEG AUTOMOTIVE GERMANY,1044,Stuttgart,"Industrial, Electric & Electronic Machinery",http://www.seg-automotive.com
HANS SEGMUELLER POLSTERMOEBELFABRIK,741,Friedberg,Retail,http://www.segmueller.de
SEISSENSCHMIDT,327,Plettenberg,Metals & Metal Products,http://www.seissenschmidt.com
O. & L. SELS & CO. KOMMANDITGESELLSCHAFT,431,Neuss,Food & Tobacco Manufacturing,http://www.sels.de
SEMIKRON INTERNATIONAL,551,Nuernberg,Business Services,http://www.semikron.com
NACOR TECHNOLOGIES .,134,Eschborn,Business Services,http://www.senacor.com
SENATA,473,Freising,Business Services,http://www.senata.de
SENATOR INTERNATIONAL SPEDITION,493,Hamburg,Business Services,http://www.senator-international.com
SENNEBOGEN ERICH HOLDING,448,Straubing,Business Services,http://www.sennebogen.de
SENNHEISER V + V,753,Wedemark,Property Services,http://www.sennheiser.com
SERAFIN,611,Muenchen,Business Services,http://www.serafin-gruppe.de
SERVICE-BUND,695,Luebeck,Wholesale,http://www.servicebund.de
RVICEPLAN GROUP INTERNATIONAL,183,Muenchen,Business Services,http://www.serviceplan.com
RVICEPLAN GROUP,1173,Muenchen,Business Services,http://www.serviceplan.de
BV BETEILIGUNG,3092,Bruchsal,Business Services,http://www.sew-eurodrive.de
SGB-SMIT BETEILIGUNG,767,Frankfurt,Business Services,http://www.sgb-smit.com
SGL CARBON,1096,Wiesbaden,"Industrial, Electric & Electronic Machinery",http://www.sglgroup.com
SHARP ELECTRONICS (EUROPE) G.M.B.H.,295,Hamburg,Wholesale,http://www.sharp.de
SHELL DEUTSCHLAND OIL,21101,Hamburg,"Chemicals, Petroleum, Rubber & Plastic",http://www.shell.com
SHELL ERDGAS MARKETING,2392,Hamburg,Mining & Extraction,http://www.shell.de/erdgas
SHIRE DEUTSCHLAND,568,Berlin,Wholesale,http://www.shire.de
SCHLESWIG-HOLSTEIN NETZ,2712,Quickborn,Utilities,http://www.sh-netz.com
SHOWA DENKO CARBON GERMANY,1133,Meitingen,"Chemicals, Petroleum, Rubber & Plastic",http://www.showadenkocarbon.com
POWWOW,528,Koeln,Communications,http://www.shtd.de
SHW,439,Aalen,Transport Manufacturing,http://www.shw.de
SICK,1793,Waldkirch,"Industrial, Electric & Electronic Machinery",http://www.sick.com
SIEGWERK,1154,Siegburg,Business Services,http://www.siegwerk.com
SIEMENS,84454,Munchen,"Industrial, Electric & Electronic Machinery",http://www.siemens.com
SIEMENS HEALTHINEERS,14132,Erlangen,"Public Administration, Education, Health Social Services",http://www.siemens-healthineers.com
SCHUHHAUS SIEMES EINKAUFS & BETEILIGUNGS,295,Moenchengladbach,Business Services,http://www.siemes-gruppe.de
G. SIEMPELKAMP,763,Krefeld,Business Services,http://www.siempelkamp.com
SIEVERT,392,Osnabrueck,Business Services,http://www.sievert-ag.de
SIEWERT & KAU COMPUTERTECHNIK,583,Bergheim,Computer Software,http://www.siewert-kau.de
SIG COMBIBLOC,682,Linnich,"Wood, Furniture & Paper Manufacturing",http://www.sig.biz
SIG GERMANY,498,Hanau,Business Services,http://www.sig-germany.de
SIGNAL IDUNA ALLGEMEINE VERSICHERUNG,1021,Dortmund,"Banking, Insurance & Financial Services",http://www.signal-iduna.de
SILTRONIC,1277,Munchen,"Industrial, Electric & Electronic Machinery",http://www.siltronic.com
SIMMEL,189,Chemnitz,Retail,http://www.simmel.de
SIMONA,435,Kirn,"Chemicals, Petroleum, Rubber & Plastic",http://www.simona.de
SINOPEC EUROPA,348,Frankfurt,Wholesale,http://www.sinopecgroup.com/group/en
SIRONA DENTAL SYSTEMS,719,Bensheim,Wholesale,http://www.sirona.de
SITECH SITZTECHNIK,1112,Wolfsburg,Transport Manufacturing,http://www.sitech-sitztechnik.de
SIXT,3398,Pullach,"Travel, Personal & Leisure",http://www.sixt.com
SIXT LEASING,832,Pullach,"Travel, Personal & Leisure",http://www.sixt-leasing.de
SKANDIA LEBENSVERSICHERUNG,302,Berlin,"Banking, Insurance & Financial Services",http://www.skandia.de
SKF,1887,Schweinfurt,Metals & Metal Products,http://www.skf.com
SK HYNIX DEUTSCHLAND,402,Frankfurt,Wholesale,http://www.skhynix.com
SKION,2870,Bad Homburg,Business Services,http://www.skion.de
SKW STICKSTOFFWERKE PIESTERITZ,568,Lutherstadt Wittenberg,"Chemicals, Petroleum, Rubber & Plastic",http://www.skwp.de
SKW STAHL-METALLURGIE HOLDING,259,Unterneukirchen,Metals & Metal Products,http://www.skw-steel.com
SLK-KLINIKEN HEILBRONN,447,Heilbronn,"Public Administration, Education, Health Social Services",http://www.slk-kliniken.de
SLOMAN NEPTUN SCHIFFAHRTS,134,Bremen,"Transport, Freight & Storage",http://www.sloman-neptun.com
SMA SOLAR TECHNOLOGY,940,Niestetal,"Industrial, Electric & Electronic Machinery",http://www.sma.de
SALZGITTER MASCHINENBAU,174,Salzgitter,Business Services,http://www.smag.de
SMITHS HEIMANN,335,Wiesbaden,"Industrial, Electric & Electronic Machinery",http://www.smithsdetection.com
SMP DEUTSCHLAND,1472,Boetzingen,"Chemicals, Petroleum, Rubber & Plastic",http://www.smp-automotive.com
SIEMAG WEISS,2907,Hilchenbach,Business Services,http://www.sms-group.com
SMS MEDIPOOL,120,Friedrichsthal,Wholesale,http://www.sms-medipool.de
SMURFIT KAPPA DEUTSCHLAND,2026,Hamburg,Business Services,http://www.smurfitkappa.de
SNIPES,341,Koeln,Wholesale,http://www.snipes.com
SNOP AUTOMOTIVE COLOGNE,397,Koeln,Wholesale,http://www.snopautomotive.com
SNP SCHNEIDER-NEUREITHER & PARTNER,148,Heidelberg,Business Services,http://www.snp.de
SOCIETE GENERALE EFFEKTEN,461,Frankfurt Am Main,"Banking, Insurance & Financial Services",http://www.societegenerale.com
SODEXO SERVICES,302,Ruesselsheim,"Travel, Personal & Leisure",http://www.sodexo.de
SOFTWARE AG,895,Darmstadt,"Industrial, Electric & Electronic Machinery",http://www.softwareag.com
SOFTWAREONE DEUTSCHLAND,357,Muenchen,Retail,http://www.softwareone.com
S.OLIVER BERND FREIER,1353,Rottendorf,Wholesale,http://www.soliver.com
SOLVADIS DEUTSCHLAND,552,Frankfurt,Business Services,http://www.solvadis.de
SOLVAY CHEMICALS,399,Hannover,"Chemicals, Petroleum, Rubber & Plastic",http://www.solvay.de
SONAE ARAUCO DEUTSCHLAND,383,Meppen,"Wood, Furniture & Paper Manufacturing",http://www.sonaearauco.com
SONEPAR DEUTSCHLAND,3433,Duesseldorf,Business Services,http://www.sonepar.de
SONIC HEALTHCARE GERMANY,972,Berlin,"Public Administration, Education, Health Social Services",http://www.sonichealthcare.com
SOPRA STERIA,351,Hamburg,Business Services,http://www.soprasteria.de
CARL SPAETER GESELLSCHAFT MIT BESCHRAENKTER,1454,Duisburg,Wholesale,http://www.spaeter.de
SPARKAS DORTMUND,241,Dortmund,"Banking, Insurance & Financial Services",http://www.sparkasse-dortmund.de
SPARKAS NEUSS,158,Neuss,"Banking, Insurance & Financial Services",http://www.sparkasse-neuss.de
SV SPARKASNVERSICHERUNG,3328,Stuttgart,"Banking, Insurance & Financial Services",http://www.sparkassenversicherung.de
S PENSIONSMANEMENT,303,Koln,"Banking, Insurance & Financial Services",http://www.s-pension.de
SPIE,564,Ratingen,Business Services,http://www.spie.de
SPIE SAG,756,Ratingen,Wholesale,http://www.spie-sag.de
SPITZKE,352,Grossbeeren,Construction,http://www.spitzke.de
SPORT GROUP TOPCO,577,Burgheim,Business Services,http://www.sportgroup-holding.com
UNION FAMILIEN UND BETEILIGUNGS,757,Cappeln,Business Services,http://www.sprehe.de
H&R REFINING,407,Salzbergen,Wholesale,http://www.srs-oil.de
STUTTGARTER STRASNBAHNEN,354,Stuttgart,"Transport, Freight & Storage",http://www.ssb-ag.de
"FRITZ SCHAEFER , EINRICHTUNGSSYSTEME",1800,Neunkirchen,Business Services,http://www.ssi-schaefer.de
SUELZLE STAHLPARTNER,318,Rosenfeld,Wholesale,http://www.ssk-gruppe.de
STABILUS,375,Koblenz,Wholesale,http://www.stabilus.de
STADA ARZNEIMITTEL,2648,Bad Vilbel,"Chemicals, Petroleum, Rubber & Plastic",http://www.stada.de
STADLER PANKOW,450,Berlin,Transport Manufacturing,http://www.stadlerrail.com
STADT UND LAND WOHNBAUTEN-GESELLSCHAFT MIT BESCHRAENKTER,316,Berlin,Property Services,http://www.stadtundland.de
STADTWERKE BIELEFELD GESELLSCHAFT MIT BESCHRAENKTER,676,Bielefeld,Utilities,http://www.stadtwerke-bielefeld.de
FUW,8386,Bochum,Utilities,http://www.stadtwerke-bochum.de
STADTWERKE BONN (SWB),533,Bonn,Utilities,http://www.stadtwerke-bonn.de
SWE STADTWERKE ERFURT,490,Erfurt,Business Services,http://www.stadtwerke-erfurt.de
STADTWERKE ESN,346,Essen,Utilities,http://www.stadtwerke-essen.de
STADTWERKE FLENSBURG,462,Flensburg,Utilities,http://www.stadtwerke-flensburg.de
STADTWERKE FRANKFURT AM MAIN HOLDING,2502,Frankfurt,Business Services,http://www.stadtwerke-frankfurt.de
STADTWERKE GIESN,425,Giessen,Utilities,http://www.stadtwerke-giessen.de
STADTWERKE SCHWAEBISCH HALL,470,Schwaebisch Hall,Utilities,http://www.stadtwerke-hall.de
STADTWERKE HAMM GESELLSCHAFT MIT BESCHRAENKTER,291,Hamm,"Transport, Freight & Storage",http://www.stadtwerke-hamm.de
STADTWERKE HEIDENHEIM,126,Heidenheim,Utilities,http://www.stadtwerke-heidenheim.de
STADTWERKE HERNE,165,Herne,Utilities,http://www.stadtwerke-herne.de
STADTWERKE HILDESHEIM,199,Hildesheim,Business Services,http://www.stadtwerke-hildesheim.de
STADTWERKE JENA,369,Jena,Business Services,http://www.stadtwerke-jena.de
STADTWERKE KIEL,465,Kiel,Utilities,http://www.stadtwerke-kiel.de
STADTWERKE MUENSTER,604,Muenster,Utilities,http://www.stadtwerke-muenster.de
SWN STADTWERKE NEUMUENSTER BETEILIGUNGEN,313,Neumuenster,Business Services,http://www.stadtwerke-neumuenster.de
SWP STADTWERKE PFORZHEIM,349,Pforzheim,Utilities,http://www.stadtwerke-pforzheim.de
STADTWERKE POTSDAM,353,Potsdam,Utilities,http://www.stadtwerke-potsdam.de
STADTWERKE REUTLINGEN,320,Reutlingen,"Industrial, Electric & Electronic Machinery",http://www.stadtwerke-reutlingen.de
STAEDTLER NORIS,336,Nuernberg,Business Services,http://www.staedtler.de
STAEUBLI HOLDING GERMANY,295,Bayreuth,Business Services,http://www.staeubli.com
STAFAG INTERNATIONAL,409,Muelheim,Business Services,http://www.stafag.com
STAGE ENTERTAINMENT GERMANY HOLDING,341,Hamburg,Business Services,http://www.stage-entertainment.de
R STAHL,279,Waldenburg,"Industrial, Electric & Electronic Machinery",http://www.stahl.de
STAHLGRUBER,1172,Poing,Retail,http://www.stahlgruber.de
STAHL,2727,Dillingen,Business Services,http://www.stahl-holding-saar.de
STAHLWERK THUERINGEN,506,Unterwellenborn,Metals & Metal Products,http://www.stahlwerk-thueringen.de
STATE STREET EUROPE HOLDINGS GERMANY S.A R.L.,797,Muenchen,Business Services,http://www.statestreet.com/about/office-locati
STATKRAFT MARKETS,26083,Duesseldorf,Utilities,http://www.statkraft.de
ST. AUGUSTINUS GELSENKIRCHEN,328,Gelsenkirchen,"Travel, Personal & Leisure",http://www.st-augustinus.eu
ST. AUGUSTINUS-KLINIKEN G,352,Neuss,"Public Administration, Education, Health Social Services",http://www.st-augustinus-kliniken.de
STADTWERKE AACHEN,399,Aachen,Utilities,http://www.stawag.de
STEAG,1742,Essen,Business Services,http://www.steag.com
STEELCA,280,Muenchen,"Wood, Furniture & Paper Manufacturing",http://www.steelcase.de
STEICO,283,Feldkirchen,"Wood, Furniture & Paper Manufacturing",http://www.steico.com
STEIGENBERGER HOTELS,508,Frankfurt,"Travel, Personal & Leisure",http://www.steigenberger.de
STEIL HOLDING,544,Trier,Business Services,http://www.steil.de
STEINHAUS HOLDING,120,Remscheid,Business Services,http://www.steinhaus.net
STEMAS,131,Muenchen,Business Services,http://www.stemas.de
STERN AUTO HOLDING,473,Leipzig,Business Services,http://www.sternauto.de
STERN-WYWIOL GRUPPE,530,Hamburg,Business Services,http://www.stern-wywiol-gruppe.de
STEULER HOLDING,450,Hoehr-Grenzhausen,Business Services,http://www.steuler.de
STHREE,346,Frankfurt,Business Services,http://www.sthreecareers.com
DR. THEODOR STIEBEL WERKE,588,Holzminden,Wholesale,http://www.stiebel-eltron.de
WILHELM + KRISTINA STABERNACK & CO. HANDELS- U. BETEILIGUNGS-KG,306,Lauterbach,Business Services,http://www.sti-group.com
STIHL HOLDING,3854,Waiblingen,Business Services,http://www.stihl.de
KATH. ST.-JOHANNES-GES. DORTMUND G (KRANKEN- UND PFLEGEEINRICHTUNGEN),392,Dortmund,"Public Administration, Education, Health Social Services",http://www.st-johannes.de
STO,1409,Stuhlingen,"Chemicals, Petroleum, Rubber & Plastic",http://www.sto.de
STOCKMEIER HOLDING,789,Bielefeld,Business Services,http://www.stockmeier.de
H. STOLL,202,Reutlingen,,http://www.stoll.com
STOLLWERCK,320,Norderstedt,Food & Tobacco Manufacturing,http://www.stollwerck.de
REICHENECKER HOLDING .,411,Metzingen,Business Services,http://www.storopack.de
STRABAG PROPERTY AND FACILITY SERVICES,865,Frankfurt,Property Services,http://www.strabag-pfs.de
STRATEC,222,Birkenfeld,"Industrial, Electric & Electronic Machinery",http://www.stratec.com
STRATEGIS,142,Berlin,Property Services,http://www.strategis.eu
GALLINGER BETEILIGUNGSGESELLSCHAFT,792,Zwiesel,Business Services,http://www.streicher.de
STROER,1628,Koln,Business Services,http://www.stroeer.com
LUMAX VERMOEGENSVERWALTUNG,576,Muenster,Business Services,http://www.stroetmann.de
STROMNETZ BERLIN,1121,Berlin,Utilities,http://www.stromnetz.berlin
STROMNETZ HAMBURG,830,Hamburg,Utilities,http://www.stromnetz-hamburg.de
STS GROUP,366,Freising,Wholesale,http://www.sts.group
STUDIOSUS REISEN MUENCHEN,287,Muenchen,"Travel, Personal & Leisure",http://www.studiosus-reisen.de
STUTE LOGISTICS ( ),271,Bremen,"Transport, Freight & Storage",http://www.stute.de
MARKUS STUTE HOLDING,366,Paderborn,Property Services,http://www.stute-fruits.de
STUTTGARTER VERSICHERUNG,122,Stuttgart,"Banking, Insurance & Financial Services",http://www.stuttgarter.de
STAEDTISCHE WERKE,365,Kassel,Utilities,http://www.stwks.de
TRINSEO DEUTSCHLAND ANLAGENGESELLSCHAFT,454,Stade,Wholesale,http://www.styron.com
SUEDDEUTSCHE BETEILIGUNG,417,Oedheim,Business Services,http://www.sueddeutsche-beteiligung.net
SUEDDEUTSCHE TRUTHAHN HANDELSGELLSCHAFT,194,Ampfing,Wholesale,http://www.sueddeutscher-truthahn.de
SUEDFLEISCH HOLDING,554,Muenchen,Business Services,http://www.suedfleisch.de
ECOFORM MULTIFOL VERPACKUNGSFOLIEN & CO. BETEILIGUNGS KG,427,Ochsenhausen,Business Services,http://www.suedpack.com
SUEDSTERN - BOELLE + CO,138,Donaueschingen,Business Services,http://www.suedstern-boelle.de
SUEDWESTDEUTSCHE STROMHANDELS,845,Tuebingen,Utilities,http://www.suedweststrom.de
SUDZUCKER,6953,Mannheim,Food & Tobacco Manufacturing,http://www.suedzucker.de
SUELZLE HOLDING,472,Rosenfeld,Business Services,http://www.suelzle-stahlhandel.de
F. SUEVERKRUEP UND SOEHNE GESELLSCHAFT MIT BESCHRAENKTER,295,Kiel,Business Services,http://www.sueverkruep.de
SUEW VERTRIEB,1321,Frankfurt,Utilities,http://www.suewag.de
SUEZ RECYCLING & RECOVERY DEUTSCHLAND,560,Wesseling,Business Services,http://www.suez-deutschland.de
S&G AUTOMOBIL,354,Karlsruhe,Wholesale,http://www.sug.de
SUN CHEMICAL,401,Osterode,"Banking, Insurance & Financial Services",http://www.sunchemical.com
SUNEXPRESS DEUTSCHLAND,386,Frankfurt,,http://www.sunexpress.com
SUPERIOR INDUSTRIES INTERNATIONAL GERMANY,636,Bad Duerkheim,Business Services,http://www.supind.com
SURTECO GROUP,679,Buttenwiesen,"Wood, Furniture & Paper Manufacturing",http://www.surteco-group.com
SUESS MICROTEC,215,Garching,"Industrial, Electric & Electronic Machinery",http://www.suss.com
SUZUKI DEUTSCHLAND,771,Bensheim,Wholesale,http://www.suzuki.de
SVA SYSTEM VERTRIEB ALEXANDER,731,Wiesbaden,Wholesale,http://www.sva.de
STADTWERKE AUGSBURG ENERGIE,407,Augsburg,Utilities,http://www.sw-augsburg.de
SWB,1523,Bremen,Business Services,http://www.swb-gruppe.de
STADTWERKE DUESLDORF,2034,Duesseldorf,"Transport, Freight & Storage",http://www.swd-ag.de
STADTWERKE DUISBURG,1228,Duisburg,Utilities,http://www.swdu.de
SWEG SUEDWESTDEUTSCHE LANDESVERKEHRS-,168,Lahr,"Transport, Freight & Storage",http://www.sweg.de
STADTWERKE HEIDELBERG,344,Heidelberg,Business Services,http://www.swhd.de
SWISS KRONO,444,Heiligengrabe,Business Services,http://www.swisskrono.de
SWISS LIFE DEUTSCHLAND HOLDING,426,Hannover,Business Services,http://www.swisslife.de
SWK STADTWERKE KREFELD,1126,Krefeld,Business Services,http://www.swk.de
SWK STADTWERKE KAISERSLAUTERN,294,Kaiserslautern,Utilities,http://www.swk-kl.de
STADTWERKE MUENCHEN,8686,Muenchen,Utilities,http://www.swm.de
STAEDTISCHE WERKE MAGDEBURG,477,Magdeburg,Utilities,http://www.sw-magdeburg.de
SUEDWESTDEUTSCHE MEDIEN HOLDING,993,Stuttgart,Business Services,http://www.swmh.de
SWM INFRASTRUKTUR,1012,Muenchen,Utilities,http://www.swm-infrastruktur.de
STADTWERKE ROSTOCK,294,Rostock,Utilities,http://www.swrag.de
STADTWERKE SAARBRUECKEN NETZ,176,Saarbruecken,"Travel, Personal & Leisure",http://www.sw-sb.de
SWT STADTWERKE TRIER VERSORGUNGS-,314,Trier,Utilities,http://www.swt.de
SWU STADTWERKE ULM/NEU-ULM,471,Ulm,Business Services,http://www.swu.de
SYMRISE,3452,Holzminden,"Chemicals, Petroleum, Rubber & Plastic",http://www.symrise.com
SYNA,897,Frankfurt,"Industrial, Electric & Electronic Machinery",http://www.syna.de
SYNECO TRADING,3840,Muenchen,Utilities,http://www.syneco.net
SYNTHOMER DEUTSCHLAND,540,Marl,"Chemicals, Petroleum, Rubber & Plastic",http://www.synthomer.com
SYSMEX EUROPE,361,Norderstedt,"Industrial, Electric & Electronic Machinery",http://www.sysmex-europe.com
SYSTEAM,320,Ebensfeld,Business Services,http://www.systeam.ag
TABACON OBERBAYERN DTV TABAKWAREN,411,Garching,Wholesale,http://www.tabacon.de
TADANO FAUN,330,Lauf,"Industrial, Electric & Electronic Machinery",http://www.tadanofaun.de
TAKEDA,1127,Konstanz,"Chemicals, Petroleum, Rubber & Plastic",http://www.takeda.de
TAKENAKA EUROPE,490,Duesseldorf,Business Services,http://www.takenaka.eu
TAKKO HOLDING,931,Telgte,Retail,http://www.takko.de
TAKKT,1219,Stuttgart,Retail,http://www.takkt.de
TALANX,38543,Hannover,"Banking, Insurance & Financial Services",http://www.talanx.com
DEUTSCHE TAMOIL,2470,Hamburg,Retail,http://www.tamoil.de
AUTOBAHN TANK & RAST GRUPPE,710,Bonn,Business Services,http://www.tank.rast.de
ALFA ROHSTOFFHANDEL MUENCHEN,515,Graefelfing,Wholesale,http://www.ta-recycling.de
TARGO DEUTSCHLAND,444,Duesseldorf,Business Services,http://www.targobank.de
TARGO LEBENSVERSICHERUNG,1174,Hilden,"Banking, Insurance & Financial Services",http://www.targoversicherung.de
TATA STEEL GERMANY,415,Duesseldorf,Business Services,http://www.tatasteeleurope.com
VIBRACOUSTIC,2215,Darmstadt,Transport Manufacturing,http://www.tbvc.com
TCB BETEILIGUNGSGESELLSCHAFT,368,Frankfurt,Business Services,http://www.tcb-beverages.com
TATA CONSULTANCY SERVICES DEUTSCHLAND,531,Frankfurt,Business Services,http://www.tcs.com
TD DEUTSCHE KLIMAKOMPRESSOR,433,Bernsdorf,Transport Manufacturing,http://www.tddk.de
TDK EUROPE,1215,Muenchen,Wholesale,http://www.tdk.eu
TDK ELECTRONICS,1757,Muenchen,"Industrial, Electric & Electronic Machinery",http://www.tdk-electronics.tdk.com
TE CONNECTIVITY GERMANY,1485,Bensheim,"Industrial, Electric & Electronic Machinery",http://www.te.com
TEAM,1962,Suederbrarup,Business Services,http://www.team.de
TEAM BEVERE,232,Bremen,Business Services,http://www.team-beverage.de
TECHNIROPA HOLDING,391,Daun,Business Services,http://www.technisat.de
TECHNOFORM CAPRANO + BRUNNHOFER,360,Kassel,Business Services,http://www.technoform.com
TECHNOTRANS,209,Sassenberg,"Industrial, Electric & Electronic Machinery",http://www.technotrans.de
TEDI,945,Dortmund,Retail,http://www.tedi.com
TEEKANNE BETEILIGUNGS,285,Duesseldorf,Business Services,http://www.teekanne.de
TELE COLUMBUS,506,Berlin,Media & Broadcasting,http://www.telecolumbus.com
TELEFONICA DEUTSCHLAND,7474,Munchen,Communications,http://www.telefonica.de
DEUTSCHE TELEKOM,81538,Bonn,Communications,http://www.telekom.com
TELEPART,343,Holzmaden,Business Services,http://www.telepart.com
TELIS FINANCIALRVICES HOLDING,125,Regensburg,Business Services,http://www.telis-finanz-holding.de
TENNET TSO,19552,Bayreuth,Utilities,http://www.tennettso.de
TER HELL & CO.,735,Hamburg,Wholesale,http://www.terchemicals.com
TESA,1020,Norderstedt,,http://www.tesa.com
TESTO,331,Titisee-Neustadt,"Industrial, Electric & Electronic Machinery",http://www.testo.de
MERCKLE,1189,Blaubeuren,"Chemicals, Petroleum, Rubber & Plastic",http://www.teva.de
TEVA,337,Ulm,Wholesale,http://www.teva-deutschland.de
HOFTEX GROUP,178,Hof,Textiles & Clothing Manufacturing,http://www.textilgruppehof.com
TFL INTERNATIONAL,299,Rheinfelden,Business Services,http://www.tfl.com
THALES DEUTSCHLAND,797,Stuttgart,Biotechnology and Life Sciences,http://www.thalesgroup.com/germany
THALIA BUECHER,483,Hagen,Business Services,http://www.thalia.de
THERMO ELECTRON LED,577,Langenselbold,Wholesale,http://www.thermofisher.com
THIMM HOLDING,666,Northeim,Business Services,http://www.thimm.de
THOMANN,827,Burgebrach,Wholesale,http://www.thomann.de
THOMAS COOK TOURISTIK,1717,Oberursel,"Travel, Personal & Leisure",http://www.thomascook.de
THUEGA,5647,Muenchen,Business Services,http://www.thuega.de
TE THUERINGER ENERGIE,1802,Erfurt,Utilities,http://www.thueringerenergie.de
TEN THUERINGER ENERGIENETZE,1089,Erfurt,Business Services,http://www.thueringer-energienetze.com
FAMILIE JULIUS THYSSEN VERWALTUNGSGESELLSCHAFT,580,Muelheim,Property Services,http://www.thyssenhandel.de
THYSNKRUPP,41034,Essen,Metals & Metal Products,http://www.thyssenkrupp.com
THYSNKRUPP INDUSTRIAL SOLUTIONS,5115,Essen,"Industrial, Electric & Electronic Machinery",http://www.thyssenkrupp-industrial-solutions.com
THYSSENKRUPP UHDE CHLORINE ENGINEERS,365,Dortmund,Business Services,http://www.thyssenkrupp-uhde-chlorine-engineers.com
THYSSEN & CO. GESELLSCHAFT MIT BESCHRAENKTER,313,Muelheim,Business Services,http://www.thyssen-schachtbau.de
TEXAS INSTRUMENTS EMEA SALES,2680,Freising,Wholesale,http://www.ti.com
TI AUTOMOTIVE HOLDINGS,640,Heidelberg,Business Services,http://www.tiautomotive.de
TIB CHEMICALS,190,Mannheim,,http://www.tib-chemicals.com
TIEMEYER,600,Bochum,Business Services,http://www.tiemeyer-ossmann.de
TIM,511,Wiesbaden,Computer Software,http://www.tim.de
TJX DEUTSCHLAND LTD.,1062,Duesseldorf,Wholesale,http://www.tkmaxx.de
TLG IMMOBILIEN,284,Berlin,Property Services,http://www.tlg.de
TNT EXPRESS,597,Troisdorf,"Transport, Freight & Storage",http://www.tnt.de
TOBACCOLAND AUTOMATENGESELLSCHAFT,664,Moenchengladbach,Wholesale,http://www.tobaccoland.de
TOCOS BETEILIGUNG,557,Hamburg,Business Services,http://www.tocos-beteiligung.de
TOENNIES INTERNATIONAL HOLDING,749,Rheda-Wiedenbrueck,"Banking, Insurance & Financial Services",http://www.toennies.de
PREZERO WERTSTOFFMANAGEMENT,449,Porta Westfalica,Business Services,http://www.toensmeier.de
TOKAI ERFTCARBON,302,Grevenbroich,"Chemicals, Petroleum, Rubber & Plastic",http://www.tokai-erftcarbon.com
TOLL COLLECT,899,Berlin,Business Services,http://www.toll-collect.de
TOM TAILOR HOLDING,878,Hamburg,Textiles & Clothing Manufacturing,http://www.tom-tailor-group.com
TOOM BAUMARKT,2468,Koeln,Wholesale,http://www.toom-baumarkt.de
"TORPEDO-GARAGE ANSORG, HERRMANN UND THOMAS U. CO. KG",346,Kaiserslautern,Wholesale,http://www.torpedo-garage.de
TOSHIBA ELECTRONICS EUROPE,708,Duesseldorf,Wholesale,http://www.toshiba-components.com
TOTAL MINERALOEL UND CHEMIE,16707,Berlin,Wholesale,http://www.total.de
WILLIS TOWERS WATSON PENSIONSFONDS,121,Wiesbaden,"Banking, Insurance & Financial Services",http://www.towerswatson.com
TOYOTA DEUTSCHLAND,1845,Koeln,Wholesale,http://www.toyota.de
TOYOTA MATERIAL HANDLING DEUTSCHLAND,302,Isernhagen,Wholesale,http://www.toyota-forklifts.de
SMYTHS TOYS,392,Koeln,Business Services,http://www.toysrus.de
TRAILSTONE,21531,Berlin,Utilities,http://www.trailstonegroup.com
TRANSGAS FLUESSIGGAS TRANSPORT UND LOGISTIK,325,Dortmund,Wholesale,http://www.transgas.de
TRANSGOURMET CENTRAL AND EASTERN EUROPE,5537,Riedstadt,Wholesale,http://www.transgourmet.de
TRANSNETBW,6978,Stuttgart,Utilities,http://www.transnetbw.de
TRANS-O-FLEX EXPRESS,503,Weinheim,"Transport, Freight & Storage",http://www.transoflex.de
TRATON,27225,Munich,Transport Manufacturing,http://www.traton.com
TRAUCON,251,Grossefehn,Business Services,http://www.trauco.de
TREFF DISCOUNT,304,Offenburg,Retail,http://www.treff-discount.de
TRIANEL,2786,Aachen,Utilities,http://www.trianel.com
TRICOR PACKING & LOGISTICS,186,Bad Woerishofen,"Wood, Furniture & Paper Manufacturing",http://www.tricor-verpackungen.de
TRILUX,644,Arnsberg,"Industrial, Electric & Electronic Machinery",http://www.trilux.de
TRIMET ALUMINIUM,1242,Essen,Metals & Metal Products,http://www.trimet.de
TRIMET,1558,Essen,Business Services,http://www.trimet.eu
TRINKS,1396,Goslar,Food & Tobacco Manufacturing,http://www.trinks.de
TRISMO VERWALTUNGS,570,Muenchen,Business Services,http://www.tristylegroup.com
TA TRIUMPH-ADLER,315,Nuernberg,Wholesale,http://www.triumph-adler.de
TROX,522,Neukirchen-Vluyn,"Industrial, Electric & Electronic Machinery",http://www.trox.de
TRUMPF,4025,Ditzingen,Business Services,http://www.trumpf.com
TRELLEBORG SEALING SOLUTIONS GERMANY,403,Stuttgart,"Chemicals, Petroleum, Rubber & Plastic",http://www.tss.trelleborg.com
TTS TOOLTECHNIC SYSTEMS HOLDING,704,Wendlingen,Business Services,http://www.tts-holding.com
TUBEX HOLDING,286,Rangendingen,Business Services,http://www.tubex.de
TUEV NORD,1292,Hannover,Business Services,http://www.tuev-nord.de
TUEV SUED,2635,Muenchen,Business Services,http://www.tuev-sued.de
TUI CRUISES,1315,Hamburg,"Travel, Personal & Leisure",http://www.tuicruises.com
TUI,18364,Hanover,"Travel, Personal & Leisure",http://www.tui-group.com
TUP-HOLDING-,132,Muehlhausen,Business Services,http://www.tupag.de
TURCK HOLDING,434,Halver,Business Services,http://www.turck.de
TECHNISCHE WERKE DRESDEN,2739,Dresden,Utilities,http://www.twd-dresden.de
TWE GROUP,329,Emsdetten,Business Services,http://www.twe-group.com
TECHNISCHE WERKE LUDWIGSHAFEN AM RHEIN,554,Ludwigshafen,Utilities,http://www.twl.de
TX LOGISTIK,254,Troisdorf,Business Services,http://www.txlogistik.eu
UCB PHARMA,716,Monheim,"Chemicals, Petroleum, Rubber & Plastic",http://www.ucb.de
UESTRA HANNOVERSCHE VERKEHRSBETRIEBE,229,Hannover,"Transport, Freight & Storage",http://www.uestra.de
UHLMANN GROUP HOLDING VERWALTUNGS,334,Laupheim,Business Services,http://www.uhlmann.de
UNIVERSITAETSKLINIKUM GIESSEN UND MARBURG,985,Giessen,"Public Administration, Education, Health Social Services",http://www.ukgm.de
POPKEN FASHION GROUP,369,Rastede,Business Services,http://www.ullapopken.info
ULMER FLEISCH,303,Ulm,Food & Tobacco Manufacturing,http://www.ulmerfleisch.de
UMICORE GALVANOTECHNIK,350,Schwaebisch Gmuend,"Chemicals, Petroleum, Rubber & Plastic",http://www.umicore-galvano.com
UMLAUT,434,Aachen,Business Services,http://www.umlaut.com
UNIVERSITAETSKLINIKUM MANNHEIM,404,Mannheim,"Public Administration, Education, Health Social Services",http://www.umm.de
UMS,291,Iserlohn,Business Services,http://www.ums-.de
MPER IDEM UNDERBERG,126,Rheinberg,Food & Tobacco Manufacturing,http://www.underberg.com
UNICREDIT RVICES S.C.P.A. BRANCH GERMANY,2327,Muenchen,Media & Broadcasting,http://www.unicredit-business-integrated-solutions.de
UNICREDIT LEASING,708,Hamburg,"Banking, Insurance & Financial Services",http://www.unicreditleasing.de
UNIDEVICE,323,Schoenefeld,Business Services,http://www.unidevice.de
UNILEVER DEUTSCHLAND,1539,Hamburg,Food & Tobacco Manufacturing,http://www.unilever.de
UNION AST MANEMENT HOLDING,1454,Frankfurt Am Main,Business Services,http://www.union-investment.de
UNIPER,66339,Duesseldorf,Utilities,http://www.uniper.energy
UNIPER ENERGY STORAGE,683,Duesseldorf,Mining & Extraction,http://www.uniper.energy/storage
UNITE NETWORK,203,Leipzig,Business Services,http://www.unite.eu
UNITED INITIATORS HOLDING,286,Pullach,Business Services,http://www.united-initiators.com
VODAFONE WEST,2852,Koeln,Business Services,http://www.unitymedia.de
UNIVERSAL MUSIC,357,Berlin,Business Services,http://www.universal-music.de
SUPERIOR INDUSTRIES EUROPE,620,Bad Burkheim,Metals & Metal Products,http://www.uniwheels.com
UPFIELD DEUTSCHLAND,324,Hamburg,Wholesale,http://www.upfield.com
NORDLAND PAPIER,798,Doerpen,"Wood, Furniture & Paper Manufacturing",http://www.upm.com
UPM,775,Augsburg,"Wood, Furniture & Paper Manufacturing",http://www.upm.de
RHEIN PAPIER,341,Plattling,"Wood, Furniture & Paper Manufacturing",http://www.upmpaper.com
UPONOR BETEILIGUNGS,465,Hassfurt,Business Services,http://www.uponor.de
URENCO DEUTSCHLAND,611,Gronau,"Chemicals, Petroleum, Rubber & Plastic",http://www.urenco.com
UNION REIVERSICHERUNG,218,Munchen,"Banking, Insurance & Financial Services",http://www.urv.de
UNION TANK ECKSTEIN,3354,Kleinostheim,Wholesale,http://www.uta.de
UVEX WINTER HOLDING,484,Fuerth,Business Services,http://www.uvex.de
UZIN UTZ,375,Ulm,"Chemicals, Petroleum, Rubber & Plastic",http://www.uzin-utz.com
VACUUMSCHMELZE,420,Hanau,"Industrial, Electric & Electronic Machinery",http://www.vacuumschmelze.de
V VERKEHRS-,194,Nuernberg,"Transport, Freight & Storage",http://www.vag.de
VAILLANT,2563,Remscheid,"Industrial, Electric & Electronic Machinery",http://www.vaillant.de
FTE VERWALTUNGS,518,Ebern,Business Services,http://www.valeo.de
VALLOUREC DEUTSCHLAND,1104,Duesseldorf,Metals & Metal Products,http://www.vallourec.com
VALORA HOLDING GERMANY,633,Hamburg,Business Services,http://www.valoraretail.de
VANDERLANDE INDUSTRIES,345,Moenchengladbach,"Industrial, Electric & Electronic Machinery",http://www.vanderlande.de
VAPIANO,386,Bonn,"Travel, Personal & Leisure",http://www.vapiano.com
VARTA,370,Ellwangen,"Industrial, Electric & Electronic Machinery",http://www.varta.com
VATTENFALL ENERGY TRADING,38815,Hamburg,Utilities,http://www.vattenfall.de
VBH HOLDING,488,Korntal-Muenchingen,Business Services,http://www.vbh.de
VDM METALS HOLDING,1155,Werdohl,Business Services,http://www.vdm-metals.com
VECTOR INFORMATIK,531,Stuttgart,Business Services,http://www.vector-informatik.com
VEDES,136,Nuernberg,Wholesale,http://www.vedes.de
VEJA MATE OFFSHORE PROJECT,376,Oststeinbek,Business Services,http://www.vejamate.de
VEKA,1151,Sendenhorst,"Chemicals, Petroleum, Rubber & Plastic",http://www.veka.de
VELUX DEUTSCHLAND,519,Hamburg,Retail,http://www.velux.de
TRANSDEV,949,Berlin,Transport Manufacturing,http://www.veolia-verkehr.de
VERBIO VEREINIGTE BIOENERGIE,802,Leipzig,"Chemicals, Petroleum, Rubber & Plastic",http://www.verbio.de
POPPE-VERITAS HOLDING,639,Gelnhausen,"Chemicals, Petroleum, Rubber & Plastic",http://www.veritas-ag.de
1&1 VERSATEL DEUTSCHLAND,492,Duesseldorf,Business Services,http://www.versatel.de
VESTAS DEUTSCHLAND,1341,Hamburg,"Industrial, Electric & Electronic Machinery",http://www.vestas.de
VESTOLIT,633,Marl,"Chemicals, Petroleum, Rubber & Plastic",http://www.vestolit.de
VESUVIUS,352,Borken,"Chemicals, Petroleum, Rubber & Plastic",http://www.vesuvius.com
BOEHRINGER INGELHEIM VETMEDICA GESELLSCHAFT MIT BESCHRAENKTER,1557,Ingelheim,"Chemicals, Petroleum, Rubber & Plastic",http://www.vetmedica.de
VETTER PHARMA-FERTIGUNG,606,Ravensburg,"Chemicals, Petroleum, Rubber & Plastic",http://www.vetter-pharma.com
VFB STUTTGART 1893,157,Stuttgart,"Travel, Personal & Leisure",http://www.vfb.de
VERLAGSGRUPPE PASSAU,286,Passau,Business Services,http://www.vgp.de
VHV HOLDING,217,Hannover,Business Services,http://www.vhv.de
VICTORIA LEBENSVERSICHERUNG,660,Dusseldorf,"Banking, Insurance & Financial Services",http://www.victoria.de
VICTOR'S BAU + WERT,506,Berlin,Business Services,http://www.victors-unternehmensgruppe.de
VINCENTIUS-DIAKONISN-KLINIKEN GEMEINNUETZIGE,287,Karlsruhe,"Public Administration, Education, Health Social Services",http://www.vidia-kliniken.de
VIEGA HOLDING,1388,Attendorn,Business Services,http://www.viega.de
VIER GAS TRANSPORT C/O OPEN GRID EUROPE,1143,Essen,Business Services,http://www.viergas.de
VIESSMANN WERKE,2532,Allendorf,Business Services,http://www.viessmann.de
VILLEROY & BOCH,842,Mettlach,"Leather, Stone, Clay & Glass products",http://www.villeroy-boch.com
VINNOLIT,1069,Ismaning,Business Services,http://www.vinnolit.de
A. MOKSEL,2240,Buchloe,Wholesale,http://www.vionfoodgroup.com
VIRIDIUM GROUP,1051,Neu-Isenburg,"Banking, Insurance & Financial Services",http://www.viridium-gruppe.com
VISHAY EUROPE SALES,991,Selb,Wholesale,http://www.vishay.com
P.F.I. VITAKRAFT,305,Bremen,Business Services,http://www.vitakraft.de
VITANAS AA,304,Berlin,"Public Administration, Education, Health Social Services",http://www.vitanas.de
VITOS,682,Kassel,Business Services,http://www.vitos.de
VITRA HOLDING,328,Weil Am Rhein,Business Services,http://www.vitra.com
VIVANTES - NETZWERK FUER GESUNDHEIT,1482,Berlin,"Public Administration, Education, Health Social Services",http://www.vivantes.de
VIVONIO HOLDING,320,Muenchen,Business Services,http://www.vivonio.com
BAYERN VERSICHERUNG LEBENSVERSICHERUNG,2789,Munchen,"Banking, Insurance & Financial Services",http://www.vkb.de
GEORG JOS. KAES,759,Mauerstetten,Retail,http://www.v-markt.de
VODAFONE,9136,Duesseldorf,Communications,http://www.vodafone.de
VOESTALPINE BOEHLER WELDING GROUP,624,Meerbusch,Metals & Metal Products,http://www.voestalpine.com/welding
VOETS AUTOMOBILHOLDING,321,Braunschweig,Business Services,http://www.voets.com
VOITH,4536,Heidenheim,Business Services,http://www.voith.de
VOITH HYDRO,1123,Heidenheim,"Industrial, Electric & Electronic Machinery",http://www.voithhydro.com
VOLKSWAGEN,259813,Wolfsburg,Automotive,http://www.volkswagen.de
VOLKSWAGENAUTOVERSICHERUNG,265,Braunschweig,"Banking, Insurance & Financial Services",http://www.volkswagen-autoversicherung.de
VOLVO CAR GERMANY,1541,Koeln,Wholesale,http://www.volvo.com
VOLVO CONSTRUCTION EQUIPMENT GERMANY,862,Konz,Business Services,http://www.volvoce.com
VOLVO GROUP TRUCKS VERTRIEBS,515,Ismaning,Business Services,http://www.volvotrucks.com
GAGFAH,529,Bochum,Business Services,http://www.vonovia.de
VON SCHAEWEN,134,Essen,Wholesale,http://www.von-schaewen.de
VORWERK & CO. INTERHOLDING GESELLSCHAFT MIT BESCHRAENKTER,2052,Wuppertal,Business Services,http://www.vorwerk.de
VORWERK & SOHN,444,Wuppertal,Business Services,http://www.vorwerk-sohn.de
VOSS HOLDING,668,Wipperfuerth,Business Services,http://www.voss.de
VOSSLOH,928,Werdohl,Transport Manufacturing,http://www.vossloh.com
VOX TELEVISION,706,Koeln,Media & Broadcasting,http://www.vox.de
VPV LEBENSVERSICHERUNGS-,389,Stuttgart,"Banking, Insurance & Financial Services",http://www.vpv.de
VR SMART FINANZ,504,Taunus,"Banking, Insurance & Financial Services",http://www.vr-smart-finanz.de
VSE,879,Saarbruecken,Utilities,http://www.vse.de
VSM . VEREINIGTE SCHMIRGEL- UND MASCHINEN-FABRIKEN,174,Hannover,"Leather, Stone, Clay & Glass products",http://www.vsmabrasives.com
VSMPO - TIRUS,318,Frankfurt,Wholesale,http://www.vsmpo.de
VTB BANK (EUROPE),247,Frankfurt Am Main,"Banking, Insurance & Financial Services",http://www.vtb.eu
VTC INDUSTRIEBETEILIGUNGEN,611,Muenchen,Business Services,http://www.vtc.de
VTG,1112,Hamburg,"Transport, Freight & Storage",http://www.vtg.com
VTOURS,346,Aschaffenburg,"Travel, Personal & Leisure",http://www.vtours.de
LOUIS VUITTON DEUTSCHLAND,287,Muenchen,Wholesale,http://www.vuitton.com
VERMOEGENSVERWALTUNG ERBEN DR. KARL GOLDSCHMIDT,508,Essen,Property Services,http://www.vvgoldschmidt.de
VOLKSWAGEN FINANCIAL SERVICES DIGITAL SOLUTIONS,739,Braunschweig,Business Services,http://www.vwfsag.com
VOLKSWAGEN BANK,1775,Braunschweig,"Banking, Insurance & Financial Services",http://www.vwfsag.de
VW KRAFTWERK,565,Wolfsburg,Utilities,http://www.vw-kraftwerk.de
VWR INTERNATIONAL,605,Darmstadt,Wholesale,http://www.vwr.com
VOLKSWAGENVERSICHERUNG,374,Braunschweig,"Banking, Insurance & Financial Services",http://www.vwsag.de
VIEHZENTRALE SUEDWEST GESELLSCHAFT MIT BESCHRAENKTER,410,Stuttgart,"Agriculture, Horticulture & Livestock",http://www.vz-.de
WABCO HOLDING,1387,Hannover,Business Services,http://www.wabco-auto.com
WACKER NEUSON,1916,Munchen,"Industrial, Electric & Electronic Machinery",http://www.wackergroup.com
WAERME HAMBURG,384,Hamburg,Utilities,http://www.waerme.hamburg
WAFIOS,213,Reutlingen,"Industrial, Electric & Electronic Machinery",http://www.wafios.de
WAGO HOLDING,976,Minden,Business Services,http://www.wago.com
FRITZ WAHR ENERGIE & CO.KG,1043,Nagold,Wholesale,http://www.wahr-mtb.de
WALBUSCH BETEILIGUNGSGESELLSCHAFT MIT BESCHRAENKTER,285,Solingen,Business Services,http://www.walbusch.de
WALTER RAU NEUSR OEL UND FETT,280,Neuss,Food & Tobacco Manufacturing,http://www.walterrauag.de
WALTER,311,Tuebingen,"Industrial, Electric & Electronic Machinery",http://www.walter-tools.com
WANZL AA,412,Leipheim,Metals & Metal Products,http://www.wanzl.com
WANZL & CO.HOLDING KG,749,Leipheim,Business Services,http://www.wanzl.de
WAREMA RENKHOFF,521,Marktheidenfeld,Construction,http://www.warema.de
WARNER BROS. ENTERTAINMENT,324,Hamburg,Media & Broadcasting,http://www.warnerbros.com
WASCO COATINGS GERMANY,333,Sassnitz,"Chemicals, Petroleum, Rubber & Plastic",http://www.wascoenergy.com
WASGAU PRODUKTIONS & HANDELS,548,Primasens,Retail,http://www.wasgau-ag.de
WCM BETEILIGUNGS- UND GRUNDBESITZ-,178,Frankfurt Am Main,Property Services,http://www.wcm.de
WESTFAELISCHE DRAHTINDUSTRIE,624,Hamm,Metals & Metal Products,http://www.wdi.de
WEBASTO,3596,Stockdorf,Business Services,http://www.webasto.de
WEBER-HYDRAULIK,307,Gueglingen,"Industrial, Electric & Electronic Machinery",http://www.weber-hydraulik.com
WEBER UNTERNEHMENSGRUPPE,317,Pulheim,Business Services,http://www.weber-unternehmensgruppe.com
WEGMANN UNTERNEHMENS-HOLDING,1601,Fuerstenfeldbruck,Business Services,http://www.wegmann.de
WEIDMUELLER HOLDING,853,Detmold,Business Services,http://www.weidmueller.de
WEINIG INTERNATIONAL,473,Tauberbischofsheim,Business Services,http://www.weinig.com
WEINMANN AACH,182,Dornstetten,Wholesale,http://www.weinmann-aach.de
WS GESCHAEFTSFUEHRUNGS,318,Balingen,Business Services,http://www.weinmann-schanz.de
WBV WEISENBURGER BAU+VERWALTUNG,316,Rastatt,Property Services,http://www.weisenburger.de
WEISHAUPT HOLDING,653,Schwendi,Business Services,http://www.weishaupt.de
WELLE HOLDING,538,Paderborn,Business Services,http://www.welle-holding.de
B&K AUTOVERMIETUNG,529,Osnabrueck,"Travel, Personal & Leisure",http://www.wellergruppe.de
WELSER PROFILE DEUTSCHLAND,299,Boenen,Wholesale,http://www.welser.com
WELTBILD,285,Augsburg,,http://www.weltbild.com
WEM,678,Schwerin,Utilities,http://www.wemag-ag.de
WEMAG NETZ,426,Schwerin,Utilities,http://www.wemag-netz.de
WEPA,1172,Arnsberg,Business Services,http://www.wepa.de
WERHAHN INDUSTRIEHOLDING,2243,Neuss,Business Services,http://www.werhahn.de
WERNER & MERTZ,294,Mainz,"Chemicals, Petroleum, Rubber & Plastic",http://www.werner-mertz.de
WERNSING FOOD FAMILY,1307,Essen,Business Services,http://www.wernsing-food-family.com
WESERNETZ BREMEN,401,Bremen,Utilities,http://www.wesernetz.de
WEST & GETALIT,237,Rheda-Wiedenbrueck,"Wood, Furniture & Paper Manufacturing",http://www.westag-getalit.com
WESTCON GROUP GERMANY,319,Berlin,Wholesale,http://www.westcongroup.com
WESTERN DIGITAL DEUTSCHLAND,537,Aschheim,Wholesale,http://www.westerndigital.de
WESTFALEN,1913,Muenster,Wholesale,http://www.westfalen.com
WESTMETALL,440,Wuppertal,Wholesale,http://www.westmetall.com
WESTPFALZ-KLINIKUM,359,Kaiserslautern,"Public Administration, Education, Health Social Services",http://www.westpfalz-klinikum.de
WEST PHARMACEUTICAL SERVICES DEUTSCHLAND,367,Eschweiler,"Chemicals, Petroleum, Rubber & Plastic",http://www.westpharma.com
WESTWING GROUP,268,Munich,Wholesale,http://www.westwing.com
WASHTEC,439,Augsburg,"Industrial, Electric & Electronic Machinery",http://www.wesumat.de
WEX EUROPE SERVICES,449,Berlin,Retail,http://www.wexeuropeservices.com
WAYSS & FREYT INGENIEURBAU,312,Frankfurt,Business Services,http://www.wf-ib.de
GEIGER,668,Oberstdorf,Business Services,http://www.w-geiger.de
WESTDEUTSCHER GETRAENKEHANDEL & EINKAUFSGESELLSCHAFT,425,Dortmund,Wholesale,http://www.w-gh.de
WUENSCHE,750,Hamburg,Business Services,http://www.whi.de
WICKEDER HOLDING,319,Wickede,Business Services,http://www.wickeder.de
WIEGAND-GLAS HOLDING,542,Steinbach,Business Services,http://www.wiegand-glas.de
WIELAND-WERKE,3242,Ulm,Metals & Metal Products,http://www.wieland.de
WIELAND HOLDING,339,Bamberg,Business Services,http://www.wieland-electric.com
WVV WIESBADEN HOLDING,751,Wiesbaden,Business Services,http://www.wiesbaden.de
WIKA ALEXANDER WIEGAND BETEILIGUNGS- UND VERWALTUNGS-,863,Klingenberg,"Travel, Personal & Leisure",http://www.wika.de
ADM WILD EUROPE,505,Eppelheim,Food & Tobacco Manufacturing,http://www.wild.de
WILKINSON SWORD,302,Solingen,Metals & Metal Products,http://www.wilkinson.de
WG ANLAGENBAU-BETEILIGUNGS,351,Menden,Business Services,http://www.wilms-.net
WILO,1506,Dortmund,"Industrial, Electric & Electronic Machinery",http://www.wilo.com
WIMEX AGRARPRODUKTE IMPORT UND EXPORT,395,Koethen,"Agriculture, Horticulture & Livestock",http://www.wimex-online.de
WINGAS,18551,Kassel,Utilities,http://www.wingas.de
WINKELS GETRAENKE LOGISTIK & CO. HOLDING KG,398,Sachsenheim,Business Services,http://www.winkels.de
AUG. WINKHAUS,295,Telgte,Metals & Metal Products,http://www.winkhaus.de
CHRISTIAN WINKLER,442,Stuttgart,Business Services,http://www.winkler.de
WINTERSHALL DEA,611,Celle,Mining & Extraction,http://www.wintershall.com
WIRTGEN INVEST,2524,Windhagen,Business Services,http://www.wirtgen.de
WIRTHWEIN,413,Creglingen,"Chemicals, Petroleum, Rubber & Plastic",http://www.wirthwein.de
WISAG FACILITY MANAGEMENT SUED-WEST,1804,Mannheim,,http://www.wisag.de
WITRON VERMOEGENSVERWALTUNGS,737,Parkstein,Business Services,http://www.witron.de
WITTE AUTOMOTIVE,680,Velbert,Business Services,http://www.witte-automotive.de
WITTENSTEIN,453,Igersheim,"Industrial, Electric & Electronic Machinery",http://www.wittenstein.de
WITZENMANN,661,Pforzheim,Metals & Metal Products,http://www.witzenmann.de
WALTER KLEIN,748,Wuppertal,"Chemicals, Petroleum, Rubber & Plastic",http://www.wkw.de
WMF GROUP,788,Geislingen,"Industrial, Electric & Electronic Machinery",http://www.wmf.com/de
WOCO,700,Bad Soden-Salmuenster,Business Services,http://www.wocogroup.com
RUDOLF WOEHRL,231,Reichenschwand,Wholesale,http://www.woehrl.de
WOLF,342,Mainburg,Metals & Metal Products,http://www.wolf.eu
WOLFF & MUELLER HOLDING,726,Stuttgart,Business Services,http://www.wolff-mueller.de
WOLF & CO. SYSTEMBAU KG,499,Osterhofen,Computer Software,http://www.wolfsystem.de
WOLTERS KLUWER GERMANY HOLDING,290,Koeln,Business Services,http://www.wolters-kluwer.de
WOOLWORTH,474,Unna,Retail,http://www.woolworth.de
E. H. WORLEE & CO. (. & CO.) KG,299,Hamburg,Wholesale,http://www.worlee.de
WORTMANN BETEILIGUNGS-,1023,Huellhorst,Business Services,http://www.wortmann.de
WPD,390,Bremen,Business Services,http://www.wpd.de
WPP DEUTSCHLAND HOLDING,1505,Frankfurt,Business Services,http://www.wpp.com
WREDE INDUSTRIEHOLDING & CO. KOMMANDITGESELLSCHAFT,382,Arnsberg,Property Services,http://www.wrede.de
WSW ENERGIE & WASR,773,Wuppertal,Utilities,http://www.wsw-online.de/energie
WSW WUPPERTALER STADTWERKE,1033,Wuppertal,Business Services,http://www.wsw-online.de/unternehmen
WTS GROUP STEUERBERATUNGSGELLSCHAFT,157,Muenchen,Business Services,http://www.wts.de
ADOLF WUERTH,14015,Kuenzelsau,Metals & Metal Products,http://www.wuerth.com
WURTTEMBERGISCHE LEBENSVERSICHERUNG,2026,Stuttgart,"Banking, Insurance & Financial Services",http://www.wuerttembergische.de
WUSTENROT BAUSPARKAS,360,"Ludwigsburg, Wurtt","Banking, Insurance & Financial Services",http://www.wuestenrot.de
WUPPERMANN,702,Leverkusen,Business Services,http://www.wuppermann.de
WV ENERGIE,205,Bad Vilbel,Wholesale,http://www.wvag.de
WUERZBURGER VERSORGUNGS- UND VERKEHRS-GESELLSCHAFT MIT BESCHRAENKTER,433,Wuerzburg,"Public Administration, Education, Health Social Services",http://www.wvv.de
WUSTENROT & WURTTEMBERGISCHE,1703,Stuttgart,Business Services,http://www.ww-ag.com
WESTFALEN WESER ENERGIE,951,Paderborn,"Travel, Personal & Leisure",http://www.ww-energie.com
XCMG EUROPE,763,Krefeld,Wholesale,http://www.xcmg-europe.de
XELLA DEUTSCHLAND,305,Duisburg,"Leather, Stone, Clay & Glass products",http://www.xella.de
YAMAHA MUSIC EUROPE,618,Rellingen,Wholesale,http://www.yamaha.com
YASKAWA EUROPE,301,Eschborn,Wholesale,http://www.yaskawa.eu.com
YAZAKI SYSTEMS TECHNOLOGIES,420,Regensburg,Business Services,http://www.yazaki-systems.com
YELLO STROM,652,Koeln,Utilities,http://www.yellostrom.de
YANFENG GERMANY AUTOMOTIVE INTERIOR SYSTEMS LIMITED,896,Neuss,"Chemicals, Petroleum, Rubber & Plastic",http://www.yfai.com
YUKATEL,622,Offenbach,Computer Software,http://www.yukatel.de
ZAHORANSKY,123,Todtnau,"Industrial, Electric & Electronic Machinery",http://www.zahoransky.com
ZAPP,443,Ratingen,Business Services,http://www.zapp.com
KOMMANDITGESELLSCHAFT ZARA DEUTSCHLAND B.V. & CO.,812,Hamburg,Wholesale,http://www.zara.de
CI CENTRAL IMMOBILIEN HOLDING,263,Erlangen,Business Services,http://www.zbi-ag.de
ZENTRALE BETEILIGUNGSGESELLSCHAFT DER STADT MAINZ MIT BESCHRAENKTER,520,Mainz,Business Services,http://www.zbm.mainz.de
ZHONGDING EUROPE,917,Lohr,Wholesale,http://www.zdeurope.com
ZE ENERGIE,191,Heilbronn,Utilities,http://www.zeag-energie.de
ZEAL NETWORK,121,Hamburg,Business Services,http://www.zeal-network.co.uk
ZECH BUILDING,655,Erkrath,Business Services,http://www.zech-building.de
ZECH GROUP,950,Bremen,Business Services,http://www.zech-group.com
CARL ZEISS,5998,Oberkochen,"Industrial, Electric & Electronic Machinery",http://www.zeiss.de
CARL ZEISS SMT,1559,Oberkochen,"Industrial, Electric & Electronic Machinery",http://www.zeiss.de/smt
ZELLSTOFF STENDAL,504,Arneburg,"Wood, Furniture & Paper Manufacturing",http://www.zellstoff-stendal.de
ZENTIS,683,Aachen,Food & Tobacco Manufacturing,http://www.zentis.de
ZKS ZENTRALKOKEREI SAAR,419,Dillingen,"Chemicals, Petroleum, Rubber & Plastic",http://www.zentralkokerei.de
ZEPPELIN,3003,Friedrichshafen,Business Services,http://www.zeppelin.de
ZUCKERRAFFINERIE TANGERMUENDE FR. MEYERS SOHN HOLDING,432,Hamburg,Business Services,http://www.zertus.de
ZF FRIEDRICHSHAFEN,12535,Friedrichshafen,Metals & Metal Products,http://www.zf-group.de
ZG RAIFFEISEN BIOFUELS,344,Karlsruhe,Wholesale,http://www.zg-biofuels.de
ZIEHL HOLDING,608,Schwaebisch Hall,Business Services,http://www.ziehl.de
ZIEHL-ABEGG,453,Kuenzelsau,"Industrial, Electric & Electronic Machinery",http://www.ziehl-abegg.de
KOPF HOLDING,359,Kirchheim,Business Services,http://www.zinkpower.com
FRIEDRICH BLICKLE & CO.,522,Winterlingen,Metals & Metal Products,http://www.zollern.de
ZOLLNER ELEKTRONIK,1778,Zandt,"Industrial, Electric & Electronic Machinery",http://www.zollner.de
ZOOPLUS,1528,Unterfohring,Retail,http://www.zooplus.de
ZOTT,1028,Mertingen,Food & Tobacco Manufacturing,http://www.zott.de
ZSCHIMMER & SCHWARZ HOLDING,638,Lahnstein,Business Services,http://www.zschimmer-schwarz.com
FRIEDRICH ZUFALL INTERNATIONALE SPEDITION,336,Goettingen,"Transport, Freight & Storage",http://www.zufall.de
DB ZUGBUS REGIONALVERKEHR ALB-BODENSEE (RAB),423,Ulm,"Transport, Freight & Storage",http://www.zugbus-rab.de
ZURICH DEUTSCHER HEROLD LEBENSVERSICHERUNG,3311,Bonn,"Banking, Insurance & Financial Services",http://www.zurich.de
ZWICKROELL,248,Muenchen,Business Services,http://www.zwick.de
ZYTOSERVICE DEUTSCHLAND,303,Hamburg,"Chemicals, Petroleum, Rubber & Plastic",http://www.zytoservice.de
