external_job_id,canonical_job_id,in_head
7965433,canonical_job_86bfd32aa8764257807f636dd0b41874,1
7989409,canonical_job_2a156dda2c5b43868de302bf236034de,1
7758692,canonical_job_0460d94a1b7144988984dcee81269270,1
7992781,canonical_job_3b859a07e34a4328ab218919257c0149,1
7996816,canonical_job_f0a718d36a934cd5856b9246c7873072,0
7925103,canonical_job_fdf4b0365a4f49c297f62e0dfefcde50,1
8020517,canonical_job_7817727bbbbc47dfb0d43b344ebe181f,1
8064019,canonical_job_554afd43fa894171bc04f22e18c9cd26,1
7899294,canonical_job_2a6f921372e946b8b1443b0a4f20aa50,1
7960138,canonical_job_50207ec9e6f24fe0a8d6f48a520761de,1
7784739,canonical_job_098342f21e324b689aa907cccdc9a971,1
8083090,canonical_job_80beeedf452c4af79a09503e4c39b4c7,1
7992958,canonical_job_95640904c7be4c9b9db714952f7f42e4,0
8076631,canonical_job_5d5b2ff560c246cab268e033320d2a4b,1
8077056,canonical_job_49dd4d8966ee469faf3176be598d7b21,1
8090480,canonical_job_adff5ed4422f45b7891b8d4c07dda572,1
8108366,canonical_job_60d5da70fe8e44ee9254fceb3f1c3bdd,1
8053205,canonical_job_51b0431b13d54a27b12a06c761578e1b,0
8025879,canonical_job_37b9c269dabd437890207723167830cd,0
7988511,canonical_job_f18a1cf90c7b43409789014fc07e2b9c,1
7845570,canonical_job_47cf7f301e0348f780e95f23ad83532d,1
8059505,canonical_job_57e9a24f52554c858d7da87f0d822dff,0
8009935,canonical_job_098b82b3901446fbabc939965414e914,1
8079658,canonical_job_f243700a1a3740e59e8fac92bbe1531e,1
8108374,canonical_job_e2aa3e047771437d8f0da30ff40d239a,1
7992499,canonical_job_1779333fab0749f2a8ec86fb5cf8c55b,1
7472435,canonical_job_4d683aacb5654088862bf6c067bedc5d,1
8020406,canonical_job_edc02435f76b45299f4342b74d0d31f6,1
8066517,canonical_job_477623c75aea4e97ab521067a49abf03,1
8018080,canonical_job_bbc664aea92047a2bf1ddb67be148ddd,1
7552415,canonical_job_523adc88c4ce41e8b257627d3d9fd0e6,1
7563017,canonical_job_2e9142bd45b24f63ba288b15a3e89818,1
7771701,canonical_job_16b16fa634864758950a76ea915d7e85,1
7981865,canonical_job_cd68bc1d13ea4342bf308bf79d33cf4c,1
8053548,canonical_job_84bc5d42c15e41e296920acd7bae98d3,1
8088746,canonical_job_2f21e0d6c5534fb398edd114fa3ee0e2,1
8074094,canonical_job_21231aae4d9b44a7bf2d56b641828537,1
7811482,canonical_job_56084503e0834fe8a627468d616a1d37,1
7992597,canonical_job_de0d15b9da644875abfa69b0bbdc94f8,1
7656920,canonical_job_d5a183c3078e47478a269bf4b161355f,1
7597686,canonical_job_ad49dc14ac924e79b9be71f9eb969a64,0
8063968,canonical_job_fe9d679abb904f8d90dc1f619c789d3e,1
8076441,canonical_job_85c2ecfb789e4996bf616ca95d11468f,1
7995198,canonical_job_bd86eac3bfaa4e719677d1f44375fc98,1
7981885,canonical_job_cd1a2120abb448ff8651240be298ccad,1
8034981,canonical_job_954373fd0cc94f6ea3796949bfd7fc0e,1
8108578,canonical_job_dc8f54f9cd864ab0b7d44eb333bd6233,0
8090711,canonical_job_141e17fa1c9b4353b4dce0da692e5400,1
8098982,canonical_job_afbce5ef8e5e490ab1266fb697931615,1
7849892,canonical_job_ae72257526a2435bbec511815721d6c0,1
7858080,canonical_job_3ee86438cba548938f9d8ec631505850,1
8105040,canonical_job_6af64ebcbe1441079843678925b3b4a9,1
8105047,canonical_job_1db3634651034bbb88d2b9301c696781,1
8108810,canonical_job_e2f5cecabfbc4f6486b485133b044ee4,1
8105374,canonical_job_e14bd5a5c8b741e2b9d67610a8f971a3,1
7704226,canonical_job_b68a0d90c34945fd8b9031907b467ab5,0
7668142,canonical_job_b397dda63eaa4b00958ddf06c3f29c32,0
7996650,canonical_job_30ce0130bb7644bb8c34c7cb34723734,1
7996996,canonical_job_853a6e5244be41638a4581338708b77f,1
7140089,canonical_job_0bc1c203b2fb4ceb90aa63b104f52c50,0
7140058,canonical_job_3113a5b27bd84545b72a261c9ee3a2d7,0
7646172,canonical_job_749de200898d4ef3b726ccde0e323ae7,1
8071431,canonical_job_124fbacd0a2341e187dac8e44252d2c3,1
7768035,canonical_job_f5be184413004e9c8c7e5c3e85cefe7e,1
7774526,canonical_job_444151b8ddc14d7da7f3d9efc4151dea,1
7797431,canonical_job_e91df016ffa94efe8b677faa738b8421,1
7796233,canonical_job_52582b877feb4327a4404c40934d9b87,1
8002486,canonical_job_64f8d83cc2dc4d8fb82072facf935176,1
8088356,canonical_job_a4e1751d9458485ebd6d24b1cb942c5e,1
7981883,canonical_job_d48d9e16b10c4f499809fe172b6689b0,1
8007338,canonical_job_3256334f036d438da240f8a1da72b0ab,1
7866308,canonical_job_b30ab2cec777493d88d5bd2fd7df2921,1
7866309,canonical_job_f8c3cfc7f09f4748afcef79811a36e97,1
7405138,canonical_job_a98d4e34a7c5446ca151f8cd066af85f,1
8053277,canonical_job_2c07497bd63544e69f89ed36073895b6,1
7981717,canonical_job_22846093cb144411b2c5c52dfbbb3811,0
7988525,canonical_job_6128ef0962704bd390ff233a56570a77,1
7921158,canonical_job_2b11f9d8ac79435d8a6824dce0bdf35b,0
7845376,canonical_job_c3449c2a3d8249d3ba4e10ef74197aff,1
0ab70c9e-e5c1-4ae5-b600-d17d422c0669,canonical_job_6afef3fcb9044d8eb0a84731989c59ae,0
8404b1e8-bc0f-4371-94db-2df0b7d73455,canonical_job_8fa196e3da924a619e103cb2a62fad7a,1
80e3ab3a-df96-4809-9a77-d07007375a8a,canonical_job_9b7ac1b42d464d08b0e3902c526be4dd,0
77849ae1-c686-4ce7-ac41-9242abb7b1ba,canonical_job_86b872ab56f041319248b3e53f48141f,1
a60f527c-5cf0-4592-a97d-a65f8e2bf83b,canonical_job_a4bc5f2e9cc4449cbd33c4f7f4fed501,1
7a6a8c90-fe33-4e5a-b1eb-9a4a1a5cb70b,canonical_job_e7e8c8c9c2224724b320a730a2c6140d,1
d068d705-9ffc-4e2f-a70d-e7d85522771f,canonical_job_4ec0861cef7948ca8798cb9f4551d377,1
bf3bf4ed-4907-4f7d-a09e-7fc575001270,canonical_job_29c30e6787594309bc807c828d711bd9,0
c618a6c4-9f7f-4dd1-ac2b-0464c9ce3c92,canonical_job_a1add65d0bdc4223aa4855e33f952bb0,1
07a32c31-a3b4-43f8-b1af-5b02c2768eef,canonical_job_0457a678408e4695b746091254505fba,1
c087ac46-54ac-4227-b9ef-5a377c35b9ab,canonical_job_033511d8f3f34380af24957828333c23,0
265b07c6-4844-4417-98fa-bc2e10d28c81,canonical_job_ccf55019a74d4b01b90d8aa3366eae22,1
6a23dfd1-d5c1-417d-a9bb-d26013c34f29,canonical_job_743e2501d2394f7eb1514b676395e97d,1
346f0018-817d-45f4-9b38-4dc7f5b1bff0,canonical_job_b834516890a6417f9fc8054f43707cfb,0
a993b8ed-d6ba-438f-937d-bbf92e8ce963,canonical_job_163b81a1c3564592b610d1c2a06e8c6d,0
9f973383-01ca-4ac0-a2a8-7891b08246b2,canonical_job_cd17f66bf4454a39b03d9fc0ed698999,0
ad179f23-b782-4956-aed1-8a0256ed0df2,canonical_job_2e91dde6eb4d405099b291e20a842bd7,1
27ff5617-d21b-439d-961e-02610d974690,canonical_job_d89600876cdd448a89009d5fd0752964,1
b241c1e7-ca54-40d4-adb9-cf35d7fbaf3b,canonical_job_39312329ddbb46748b2352bb20488d77,1
b6954588-bcb3-4c0b-9cae-db2164c520f5,canonical_job_546fa98f63ee4926b39c094dafb39c09,1
73b520ea-cca1-4b29-a9af-ddce38780c90,canonical_job_a6e32cf8520c4d0c81ee1b9009361305,1
88feecdd-c4dc-410b-9e8f-bd87953240a6,canonical_job_767e822cbc22413294bd2ef03fd60b1a,0
694b8f90-e783-4aa6-af36-ba7bfb3c974f,canonical_job_ed596e74a59940f3aa271d3d66f4d607,1
564e03fe-3419-40e7-8b4a-6e229b323ca6,canonical_job_9dabd9355d994ee38f28c2f02c8f13a5,1
c866041f-23c7-47b6-8f0f-de9ffb545146,canonical_job_11cb2d4ce3f243038b789ccca517810e,1
e974fc35-6b65-40ea-9704-3f0c5caeef78,canonical_job_4fa3b62128d84195979f5b739093ae91,1
5e14a22e-5ebb-485b-b148-1b9af971d418,canonical_job_1f38e88089704cae9a0197811008b150,0
043279bd-c543-4e54-bffa-094c77f4c97b,canonical_job_69710e8f6e4d4476b8255e503807ca02,0
522a932c-8009-4e1a-87b8-970b9d33066b,canonical_job_57438eb3ddb84b6b9153f765bd40e712,1
53f5103c-e7eb-4b7f-baa4-777968faf405,canonical_job_c35afd9493d2481f84719afa01eb6997,1
9eb1aac8-7f5e-4b62-b0dc-c5759256a793,canonical_job_a151b334e60042c68e2e96bf0248ba09,1
b6fe585e-008b-4eba-9f78-930ad268ef8a,canonical_job_a996298f05c94fecaf6d0d281eb89c74,1
8944a7f7-97c4-4323-983c-22d2a894ab77,canonical_job_181c9d1ee73e4235835c7bd8a86de337,1
a2a71652-40f6-4c1a-8ae1-90127e0ce1cf,canonical_job_f9eac48ebcde4d698454247c5f9a08a7,1
19404ce8-0ac7-4f1b-939a-b322f0c9eefb,canonical_job_dbf7184be6174e048d0beeb251cb4868,1
7c6908ae-fa05-49a2-8680-ca1aeb885460,canonical_job_9b7796def4674d23ad30903fd5b19cc2,1
c73e81ef-aeb0-4785-b0da-f0902f91272e,canonical_job_79eb156f33e34396bf675154349f7d23,1
093561cd-c106-4743-bf06-a2c08ae33088,canonical_job_c09fbb19489d4020bb33f07d2a55aade,1
0f7c86d3-c27e-4dd3-880e-c3f64a4c7d3b,canonical_job_b53994fd83cf47e0820ca6aa7d3538b4,1
e0ee4eec-bac4-4d92-87b6-8816a0c91580,canonical_job_7b187c8ea15d4cbfb63aa639e1347a9c,1
7962618,canonical_job_9eccf5db23684f2c8884fe4d1582d04e,0
7962721,canonical_job_7ec6d4ca52514fa382d47826159b3fba,0
8105089,canonical_job_c79debe232ce4e9f8f7328b99c25b4d0,1
8112497,canonical_job_52a4f87b7dd64625a03d9b8003515283,1
8025909,canonical_job_64dcca4fe6964a2bba5078d6b2f894c4,1
8108409,canonical_job_edf861ea5f4343529477c1ea8ea106e5,1
8111543,canonical_job_b385274653e74ef5ac651e35856a259a,1
8104950,canonical_job_8869b079c7434ae2963304ad327784f5,0
8104979,canonical_job_0fc9086b0ba848848a5d1e4d718f1633,1
8104894,canonical_job_106df65085bb42b2870e7a0bfa3570f5,1
8105087,canonical_job_71490d91d9fa4cb1b86cd8249d204b6c,0
8050888,canonical_job_9c19ed0f7ec5440a8db0201a5ba25cbb,0
8043854,canonical_job_7b1acbea5dfd4162acf0c129e9242dec,0
8054977,canonical_job_d391adcff96247a392aa60d7a9a174ef,0
8108866,canonical_job_52032d07751e459598d5dc3577b03cda,1
8113987,canonical_job_aab3140f6fbe4517ab7e49624c288f9b,1
8110812,canonical_job_af31b1382c4d4cb5bc90e68070de389a,1
8043584,canonical_job_2620b97eb09f4224a0ac4972112ffc5d,0
b125003e-67ad-4dcb-8a1d-c5a20bec709b,canonical_job_31659b6cd8964ac4aaad23d29806351d,0
11461d44-9c6b-45ca-b93b-983fad1b1b00,canonical_job_5e33eebbcc414d09a91da1d3a7e67877,1
a,canonical_job_53994e52758c43b3a28eb745807560fd,1
8111591,canonical_job_64e02d5c189e4e2e91b14868ee6ecd01,1
7668144,canonical_job_d4ae413adeaa401aad0fb74b3fd1d704,0
7673342,canonical_job_f2359769b9ed4f2cafadf220f5b98147,0
7672627,canonical_job_b1220a9400694b9cbef312fe7ee14a1d,1
babd387f-c042-40f7-9186-dd06eaca132c,canonical_job_26e2338f8d8c42aab9d84f59ad332783,1
2615352,canonical_job_bc9e2abb5856406599f0647ff959814e,1
2599281,canonical_job_4bf9479c6d59451385be5f0f78eeedb3,1
2574283,canonical_job_f7f24a8bd6a34659844c35ce4be2afb9,1
2573538,canonical_job_58815de073a644229b00f7c5f2a945b4,1
1912797,canonical_job_f3513266d8c04c4185421125cc9c6acc,1
1897733,canonical_job_7e21c5201c5743f29f310a9c29d41d56,1
1856469,canonical_job_ff5862da931d443d92b5b049d988b338,1
1856400,canonical_job_920b053ea84d4839a3c57ff8eed0b5a0,0
1853392,canonical_job_c0c7641c84dc42d081aecc4ca6a5942f,1
1825476,canonical_job_07a0e8d504bc4731b67726c422b00977,1
515264,canonical_job_046d170a27c941d2a73a8ee696df2815,1
workday:617d34f4e8b2cd951720291249f0624f,canonical_job_e5502c46f73747f1abaacc9291d2c57a,1
workday:e404db092339c09a33a556d557918588,canonical_job_1172cea32edb4c45b27258d32ee8d69f,1
workday:44a8b576f65b0dc7ee00ce28d2c6ae23,canonical_job_e25fa6dea09f4a9ab338b5a989cb163e,1
workday:1584c527b8fdee35ec6f7573d419aa22,canonical_job_27a2a1adc3f94364970e18b0ee6e1950,1
workday:5801ad339e78aa1789b47b6545fb1e2e,canonical_job_57e3bd799cff4474afa592fd5c800dca,1
workday:1b7698ede4a52bca3a0aca33471a9f21,canonical_job_12dfe821a56049908905fb7311936ad1,1
workday:6344ab28ef45ce5e2914037190e65dda,canonical_job_12dfe821a56049908905fb7311936ad1,1
workday:343f71b7fe50df1307aee7e2a1c4f8f5,canonical_job_c5a685b79c044a029453e6a2b8628b4c,1
workday:63929bd64627c3334c4cdfb0c9451be4,canonical_job_c5a685b79c044a029453e6a2b8628b4c,1
workday:32dc41d03ef1c1ed9e67ba24f885315b,canonical_job_5103e61452f34efeb67be3577ef1a3a9,1
2655939,canonical_job_27e7447ed46e41de9bae53e32201e0c9,1
2692746,canonical_job_411c9080218a4371854f282665e7d5a7,1
2710471,canonical_job_dc168fb89bca4526b46dd77c93932718,1
2716800,canonical_job_d0b03bca354d4c82aa45c63b3848328d,1
2505759,canonical_job_2afa70d289414f4ab000dd3e0ad8abc0,1
2700502,canonical_job_c6af7f45dcb54afb8a34e9707b50aa24,1
2505801,canonical_job_22620f35f21f43e7be0a3237fdf582e4,1
2716690,canonical_job_4cfbe4834bf8437e877e37a14b64f3c5,1
2722084,canonical_job_c7adb08738f547a6b6427379ed9096b6,1
2505703,canonical_job_ec2ceb48ec804990bfccc0e4302ab2e1,1
2505723,canonical_job_1546ce2e86ff4bf9897d6609c05b78c3,1
2716689,canonical_job_0e451816d4bf4c26868aa0990c2b34cc,1
1483731,canonical_job_d8ba1d1407b441f7ad432b66d1a29dcc,1
1532180,canonical_job_fab8d1426ebe4978a1509d7acb94a6e1,1
2735632,canonical_job_4e4af206880a4511874f6c7ccc6bc66c,1
2127506,canonical_job_03c5c9b3c4704bf0bfeedd3952afc39f,1
2645578,canonical_job_a327699c81f240f8a06ce277a05c5178,1
2717281,canonical_job_65378c7bb05a478c84830aaae594edde,1
2605004,canonical_job_76c8d2a7b6834f7b908d71c530801523,1
2731807,canonical_job_4b054cae4e5047fa9be467742cd2b41c,1
2715547,canonical_job_82c13897fe9b4637962ce00871c1cc15,1
2707470,canonical_job_46468aef52ab48259691678048aa331a,1
2734987,canonical_job_5f7b2c050e624c06a3b95e52d63b28fb,1
2731930,canonical_job_ab92fc2d0dab46b99794a3ec54127ee2,1
2734746,canonical_job_9426ba8d4cc14b08b115e142e50262a1,1
744000142576424,canonical_job_d66a3d314b2f493d8cf809acf31bbb1e,1
744000142147389,canonical_job_7b0546536eb440238cce042362594c48,1
744000142106759,canonical_job_5474e5dd35ef4da1b49da81a802a6577,1
744000141872331,canonical_job_33b6a92bc281492c90a955bc60696c90,1
744000141724093,canonical_job_02c4e18297614f4cb7a95f8338198a53,1
744000141655509,canonical_job_53f0cd8796914a0d8a21d37a8a024e7d,1
744000141442050,canonical_job_bab06cd663d249e79d15112d9a56ec9d,1
744000140630479,canonical_job_a48ae5c404ee4be2b2596ea488c5aec8,1
744000140630319,canonical_job_36db3232e54b467aae1194cf3a867e15,1
744000140628339,canonical_job_22954e00889141219b15eee73e7337b7,1
516070,canonical_job_0cc78e2ea338429b8f8eb3b84ff46277,1
516547,canonical_job_2b07db27b1e242f2a2f66fafb4f7fc25,1
517137,canonical_job_ed7f8fe338fc4321a6c74ea96b1af09f,1
517321,canonical_job_0d68fe8814104e41bdd2bbcc5e85318d,1
517494,canonical_job_bfe556f1dbed4500a2155ece5785f25f,1
517497,canonical_job_1a3fc7db3ed8493186d0f90f7bfd9cca,1
517510,canonical_job_091b1d417d0c4af0a00b87f854d0a998,1
https://www.siemens.com/en-us/company/jobs/disability-accommodation/,canonical_job_2d9c90255a534f4da3c3784d78984ee8,1
workday:6fbac795c8d52606d751e9533afdc227,canonical_job_79169350a7cf4ccd8c1ec107151ce13c,1
workday:c6f1133d40c9d73695ade12d0e6a90ab,canonical_job_a5cb1b42dff14311b91c1ac2d88ab234,1
workday:61650a027f1fc99eedc4c4b4c5b76383,canonical_job_a5176f50226d4fc1a49378282157249e,1
517272,canonical_job_84dba8a80cea4eeaa2783e3d753d2cba,1
517316,canonical_job_a3f446c69fa8408d85483def0ee3a0f7,1
fixture-0,canonical_job_88ca03b2a95542a3a58bff8d5d6005a5,1
fixture-1,canonical_job_060ea290028a45b38ee498314f8f13d7,1
fixture-2,canonical_job_fca5b6eface24bc59df7e2926e33ef87,1
7930011,canonical_job_652b3cff5441426ab04205d3034cf2f3,1
7981763,canonical_job_976db410e8df4878aa91266d9e818ab9,1
7992395,canonical_job_b3297fca2e9d4946b3e5f5f30102b076,1
7d7f7275-5b7d-4fe5-be33-3ba7d8adb84c,canonical_job_29de2650db7e4314a769ae50a9490a17,1
744000143119850,canonical_job_044f83a6e602468392889505f34ddb32,1
workday:0ad897b399d5f3eb56209a5c6a75abb8,canonical_job_35079a395362452bac663a03623cfced,1
workday:8c51f878ee4c80dc0c809b86bd06f2e4,canonical_job_1b22f79e398c4465abd288cb74c1f740,1
workday:f06fb2388e4fe737d5857ef7922c7c85,canonical_job_22fb839cf28a4acda3ba3cae22fe8f5d,1
workday:610404cb8cb9f033f34cf8b3f5dc54e1,canonical_job_29e13011c9474aeb869aea955876232c,1
workday:bc87b557a176c8702be3a4fc2f8d9832,canonical_job_e5991545f1e444a3aa56cc5d3789284b,1
workday:b9279305a0938537af109bafcc658a8f,canonical_job_2cbf8dcc6b144f1b8957067526a87766,1
workday:4cc7a4477e8619a3980ddf2e6f4c99a3,canonical_job_8eec3f5cba5a4f94869d521b906de9d7,1
workday:0ffca51279db15e0e1964562a0261fad,canonical_job_d46e9ce61f4a41ce973b05a42d4c4955,1
workday:f827279931a2a2c8a770606dc93f44dd,canonical_job_c84b4dd53c3e4b308b425966a37487b4,1
workday:e3af7a55c08f76a6a1d5cf5b8e0ecbc3,canonical_job_d9eee977497147ebbf5e0a6fea5938c2,1
7721298,canonical_job_709d4f4dc82c402ca29eaed5ff9e5436,1
4a0db718-8292-452f-8890-732b9cf4bb52,canonical_job_dcb17406ab93424ebc5d3a9892c59700,1
515974,canonical_job_8b020e5cfc43402f8a0d8f765653b86b,1
516592,canonical_job_0cd6532162524830aa65da8142c5ae0b,1
516956,canonical_job_c38c26cacde64c2bb37e5c037c9c7469,1
517289,canonical_job_3cfc16f751d240258d974cd98d5707a0,1
517794,canonical_job_5ccfdc6ef68447aa8ed95a81399481a6,1
517853,canonical_job_a380e6829d1d4163ad2babb62b007d86,1
workday:107ebc11a16d8d37a9e7e2c2adcaabc4,canonical_job_d1a20e524b304836b2d7c81064d78aab,1
517287,canonical_job_26b950c890214e9f9f3b7ec2966a651c,1
517305,canonical_job_f8ea1616ea4c4175bfc27fe8e074ce15,1
511337,canonical_job_6da1b604a9ba4fd1b2c2c2227731d5dd,1
8129812,canonical_job_7345f8521083430f83fafa1e366fe6ae,1
8127483,canonical_job_be6e9138948e460ab6abb72569973208,1
744000143492079,canonical_job_3056498274c843b58eccc7843b1d351a,1
744000143462781,canonical_job_235ae350531b4f8a97ee6e1c62bd6f81,1
8132219,canonical_job_c5112e1a0fbd480a9fe404089256d5e7,1
8132053,canonical_job_0fd84dceed2e48d8854acf458fb79900,1
1591d10c-c025-42ef-ab54-f9e1a3a93fa2,canonical_job_dbeac604d82b4d4a9e30372d0b371183,1
a0175b94-45b8-4305-82c2-9a77f59ce9a5,canonical_job_21445ad691574761b04876e119f17780,1
21bf0ae1-b5b1-428a-b1e6-2cdb9476987e,canonical_job_ecdbc7c297b841878aad36556bc49f67,1
d36db188-ab16-43b6-86a8-47ed9cdd29b1,canonical_job_11786b83d0694bfa9cde49ac28aba983,1
f84c6c54-b8da-4651-afc5-6b77a4fe34e8,canonical_job_7930da63600244808837d1035ee3e2b5,1
25b8124b-5075-4f25-b0c4-91e83e39227d,canonical_job_438afbe8b17c4798a4a244e76c4e923d,1
6cfcb8f4-ce95-4088-bbe6-6ecb5bb4c1ab,canonical_job_595b7e305026463c8ecc9c0d36f9e922,1
7d508564-98c1-4cca-8633-dc8e87b7fd79,canonical_job_ec12798194ec4138bc7a40277a2d27da,1
b749aee3-d560-43f6-98f4-201caa6aa17e,canonical_job_e8ea82e76f144fa1aa7887197a1e4475,1
1fb7a10a-9377-47d4-99f6-e826880c3a6b,canonical_job_95314ee477804d9ca75f74b36fdc0839,1
471e0021-d630-4cd1-81c3-2fb2e9dc253c,canonical_job_1b2dc039600e4b19b50cd2a2e12b4e7b,1
744000143786885,canonical_job_f88d87d3725c4f68ad0d30ddc2021f13,1
744000143784969,canonical_job_e1f6cb544eae434092388ee671fed15a,1
744000143784899,canonical_job_e1f6cb544eae434092388ee671fed15a,1
workday:6f7d00d0de10736caf2daf26edaf70b2,canonical_job_dc7e18800f8d4a58884acb407c3ddadd,1
workday:5fe822638018da7cfc91ea03ed3da058,canonical_job_47661cc1394c407b822265869943b887,1
2709208,canonical_job_4db2a3414b73402b9644537d86dfd018,1
ee6d81ef-6212-4c6f-b13c-b97fa8cff981,canonical_job_6a1db2c23f9d4b49a1cf75c15ae682b4,1
791217e8-e2d4-4819-850e-78032c5aec90,canonical_job_fa35efc43aa4468a9a4134d486f9f0ac,1
2759141,canonical_job_62e77fac35a241cfb67f8acd81709cfb,1
2713553,canonical_job_9d80ba28ee5d4119a113ca4253493258,1
744000144034069,canonical_job_0520d84cb4cb472a86f91348f1b6fe77,1
744000144032374,canonical_job_0520d84cb4cb472a86f91348f1b6fe77,1
744000144032309,canonical_job_ba75f568dc114a98a13d365bd8fb5e71,1
744000144029184,canonical_job_9488da1d4859434f84a1215b729d8b2b,1
744000144028390,canonical_job_2dc43c1ed1b14d4fb55e89b1ee299277,1
744000144021585,canonical_job_909b76423a58419786b8f2ec4c9a1c49,1
workday:3deb25678d8078b023a98004109085fb,canonical_job_c9cd790753324e7e8b1d29348d06a225,1
workday:e075316d97608ba3e1f39fd62ff6a4b8,canonical_job_20e48194afa043f5a32ac121a6a0064c,1
4443585525,canonical_job_f8f337767d1d495cb455273e76d580ae,1
4457012888,canonical_job_8a5c307e0086477cb0a72e493b649983,1
4447735348,canonical_job_d93a8122a59047da8a77e4dd265bbc1f,1
4452379781,canonical_job_8d78b09c38ee4bc7be7471088b55d349,1
4454250287,canonical_job_6c5621ca0f9143bfb139da98928e50c9,1
4454737938,canonical_job_90ceba45c44d4cd39ad1baff209c75c2,1
4455619886,canonical_job_bc113580f385402599a7c9e11f850933,1
4456224495,canonical_job_01a3ff90ef5949cf986d174555d596da,1
4456859611,canonical_job_aa0848be8fe244059748a6b5e63c91b5,1
4457959190,canonical_job_c25f47cd5f2e4ba8878f962555bb21e1,1
4460990068,canonical_job_bb1e7ac45e654b36999f04bf98b1e343,1
4461111898,canonical_job_d1e15ea828664f1da3adea7aefa0a1de,1
4000385693,canonical_job_8cded245223c4ef5816ef89bb3edc1ea,1
4324824765,canonical_job_a6d1bd8ec13f4355a1bbe2f49c344b11,1
4324844601,canonical_job_9bac5e95f63947d58f046c5c834f92d8,1
4371166273,canonical_job_560c438e00364d09b2d0ad5dfe00b1ed,1
4371169094,canonical_job_dba5da19032144118ea2519368aa9a19,1
4390716176,canonical_job_c28b15664e6e4349bb08608a5a0b1adf,1
4390730037,canonical_job_c388cda234994f9a8d0380ced4b4a34f,1
4392855779,canonical_job_601569a0c74f487693d88221a2184679,1
4406620887,canonical_job_efa2aac838f04452b4e8960d3032d6ff,1
4452388117,canonical_job_4c66dd2b0fe34a8dab5b8d5b962bc082,1
https://karriere.malzers.de,canonical_job_f95aaaa2102c4c36b8579a9f7fc3493a,1
4436461801,canonical_job_19ddee68b77c485bb74471f018b4e60a,1
4436504094,canonical_job_fed1bb15bc3549f8acfad81026e378d7,1
4445669448,canonical_job_1fdb64ad69aa4a7e824d4d87d91a71f4,1
4445671372,canonical_job_7244aef9039a4f939ad4814cffbcef11,1
4452251170,canonical_job_0a1d147661934311a9b856e76495eb24,1
4458022175,canonical_job_221fafbfe9bd44128ba69d84f8d0e326,1
4393414785,canonical_job_b27cbddc732b4d0790c327c55dc68eb9,1
4393420481,canonical_job_b6f2f730bb5444d8928c2617cd335c40,1
4394793564,canonical_job_567499ff82ba49d5bffeac9e02b483ed,1
4406625834,canonical_job_c0a40d05eed84bdc83d4402bda7c79ee,1
4413800171,canonical_job_c504681777b944f49e548ed86b2c3208,1
4417122765,canonical_job_5c2017273b9a46309e13c1c09c43d921,1
4417129710,canonical_job_66e38039e78a4f129b6dc31884de541b,1
4422029500,canonical_job_e7c2480474514936bb977afd62f3c7ff,1
4422032400,canonical_job_d84efc4c6d5542039b2e4e0af6d24260,1
4439431406,canonical_job_6e5aff6063f648ff9f7c2f8e77f1329e,1
4439442179,canonical_job_f12da2c587764f53bc2b4d367f609bb4,1
4439835743,canonical_job_a3ec82b3558f4201b3074a4b4a6d2b30,1
4439846428,canonical_job_f7df3b0d04074b5ea34c3cf3faf68b43,1
4442084866,canonical_job_ef2d793c31b7427cbdefd76816a01d72,1
4442085830,canonical_job_e89fd767c2ca41368b6e5850ffa2421d,1
4442086818,canonical_job_f5088a397ee4468eb9eafc3f5d598cba,1
4442093537,canonical_job_0092b1672c254ece88c12ff1a431f6d0,1
4449128927,canonical_job_74827f8efb5b4655b506601cd875d60d,1
4450092840,canonical_job_13ff145a05944da491f1bf8b83a7783a,1
4452388116,canonical_job_c264f94d3fbe4a799f6080ad2ed00637,1
4453584882,canonical_job_492ebdd41f534c8589c9651a34162d96,1
4453585585,canonical_job_536df64510b741508217573a9058b55e,1
4453585586,canonical_job_b613930e0de445f3b93691bb36a854ef,1
4453588529,canonical_job_ee85387862f84e7eb0e8fe07dcf1c2d0,1
4453588531,canonical_job_7fd1c5b1ea9c45d79ce9717d51121326,1
4453589510,canonical_job_9513cef342304aa89320798deca471fb,1
4453591561,canonical_job_52c6629cd31a40fab5f58df94d9df25d,1
4453591562,canonical_job_f3d0fb9e96e44eddb6fb65591b483f08,1
4453593562,canonical_job_d2286c7626ed41f08b4001494632551b,1
4453700497,canonical_job_4957805ba407417cb8ce896670c4c89b,1
4453701501,canonical_job_2775585f3f594a7c8af98514d92ed235,1
4453705493,canonical_job_92efc528c04b431ab738d3681f597642,1
4453705494,canonical_job_13f461d9fed64f59ab12398b28708814,1
4453706468,canonical_job_c422491d73a3457ea9bc9acc6f018891,1
4453706469,canonical_job_8c7285405ad64bf1b685170afc6472ea,1
4453707472,canonical_job_1916afed201f4dbeb0015fa03685ff59,1
4453895369,canonical_job_8495034f950a4c438550f7422a0c7725,1
4454629298,canonical_job_433d9d2fb38a437ba70820224ecb8492,1
4455874386,canonical_job_793c786465e644cf90b12b00f5f44992,1
4456537727,canonical_job_ea6e1b98135f4dd79722a7fcc1b1ef0e,1
4457252500,canonical_job_eff2cd15bbea4ec0920080dbf8db50d8,1
4457794053,canonical_job_f8d96e6125b64d4aa98230ab8fa9da9e,1
4403743865,canonical_job_0002249a82eb4ea0b03cb779bef5f410,1
4403752469,canonical_job_a03ad360ae9648d6a65c2f6e83ad5a71,1
4403760374,canonical_job_d97d47cb40854527a2165f53a7761ec9,1
4416810374,canonical_job_02b8fac8fbf54fb79c7a46119e2c04c6,1
4417247659,canonical_job_76cf73731e7b4e85afcd1daf356c2d4a,1
4417951217,canonical_job_756ce90d089f45ad94cb07cb51e8f6fb,1
4417954478,canonical_job_fdddad0398c94066bd6c8bfa7da4d6e0,1
4418771310,canonical_job_1fa8c3d0a49b4412b3b6e5495772e91b,1
4419209184,canonical_job_f91e3150a3ea4a9f848844f5d47fe896,1
4419221058,canonical_job_90ad4b1f06c14a2a9d67cb148adf4f5d,1
4419222048,canonical_job_700ff45595244ba5a5765d3739046ee2,1
4419235591,canonical_job_45533451536d44448cdbb8bb5c965f40,1
4419285146,canonical_job_47c8b3e6c07647d4ab473299ab478d4b,1
4419680036,canonical_job_7347b563df594a2e9b6c6731bc62c399,1
4419682130,canonical_job_dc17c08d7837470da55f2b28d6ec491c,1
4419691271,canonical_job_a1f889ae10184cc8b51ecc0074a367c8,1
4421950606,canonical_job_70855d59705c416d9c0deaf6c9636f6a,1
4423150144,canonical_job_971f38d6884c4fc7bb25b83d3c1466f4,1
4427345754,canonical_job_0c1153e03b344ce299ab06ffdbf9f782,1
4427347769,canonical_job_3bf609325f4c4b7aa4592926dc95ba6e,1
4429403124,canonical_job_71f1a273c3db4d43a14ec742657b843f,1
4434521372,canonical_job_1d314742c21e4a5bb4c2dd151bcba3f7,1
4434543340,canonical_job_08d61d30403f4f9e87f0b6cd8b755432,1
4434546943,canonical_job_4597438f2cf04f8d8cdccb075f563d16,1
4441021823,canonical_job_84c9a0df0abe4807abbcc95b698e5a59,1
4441034521,canonical_job_48983492f78143b1942b32b9a921c89c,1
4441040923,canonical_job_5515dd602bca41d6b6dbb20ee76b0dbc,1
4441042817,canonical_job_a685f7ecdba141fcae06755b76a02606,1
4441047369,canonical_job_41d1d932f5014d6ca0125bccb25c8356,1
4441097785,canonical_job_17f972337ffe49358d9981210f3fbb94,1
4442373753,canonical_job_33d798cd9d824c12b996f89f1c6cd959,1
4444122783,canonical_job_35315889c77b40e082b8b0058b36500f,1
4446667975,canonical_job_e61bb4cdc22d44638e86653de5740d4f,1
4446687243,canonical_job_4d5e1cdcbee54ba09643fd469d70a243,1
4447361720,canonical_job_0dbd98a023ff4e50a6f744bcbfdbb936,1
4447370243,canonical_job_c08c0b975a8c44e8abf5fd512276523b,1
4447382164,canonical_job_0e722c80cc704fe3a5e91c129d9c187f,1
4447389049,canonical_job_82d14f1370bd4bfeb59a5430f06625e2,1
4448016367,canonical_job_6eddfc0cfd16462182835a8622d4d2c6,1
4448429507,canonical_job_63ffc080f98d4a93b4a035d6df980428,1
4448724926,canonical_job_cf31e8cc0dbd4f47b9154667011e820c,1
4450458868,canonical_job_d53c825a9e07482391fac951cf15dd16,1
4454638041,canonical_job_03e485f03ec3498ba67ebbc1a842b43e,1
4454642123,canonical_job_9580f56c7dc64c019b78985cf7b2db63,1
4456933326,canonical_job_e83aade6147244ea8881e498c6c1ba40,1
4450734453,canonical_job_b6802eff243d41d09cf225c118c9506a,1
4454858469,canonical_job_45cbfc1a73fe450b9fc1b5e53f8ae815,1
4454859488,canonical_job_fd2da68bf7854db8aa6982b342f96c6d,1
4455158439,canonical_job_e02de40dc9914c0bbc75449870cb907b,1
4455177321,canonical_job_a79a230ce48d49d0831bad0b8965e51f,1
4455324985,canonical_job_12c284bfb7c74898852b0a907e57aac7,1
4455325947,canonical_job_d2d899c9c2cf490c984f3de2cbe45c6e,1
4457372731,canonical_job_34e2ba90735449bd9b3253d5f703dce2,1
4457578328,canonical_job_a182d9105e134205922f0bca1117a389,1
4457584253,canonical_job_6826613e19884ee288e5006dd76bad8b,1
4457586265,canonical_job_d170146a647a47d89b7c1ec7f27e88f9,1
4458232889,canonical_job_88ddd23b6ffb4af89050ef233f481b56,1
4458234807,canonical_job_5efb5f22cfbd41dea1922c652a792122,1
4458463514,canonical_job_3941df09a3234beda3d4ddc6518e99e9,1
4459331942,canonical_job_91e49b9952954e80bdfb66486dafd0c1,1
4459337153,canonical_job_1791f0e9645e41ae9ced6e5c047fcdf4,1
4392960775,canonical_job_aec4cff0ebea4559ac88bcc45a3fefe9,1
4448194124,canonical_job_c397f6611d784abfa5c8ed94e47f3eb5,1
4450618425,canonical_job_44407803a5ff4c54ad849b7ef0744e0f,1
4450624319,canonical_job_07fa8b5d39e04804bc84c71ed8342b73,1
4450705268,canonical_job_b5c311ce9ee04602b8c9c4ec8deab491,1
4450705316,canonical_job_4760806d8b854c54ae53031e45687de0,1
4454519937,canonical_job_7284791d96c64efe984c65d7cfae06fd,1
4460351034,canonical_job_4455a7613f2b4f10851859a1a950dee5,1
4438877386,canonical_job_6364f6c14cde46c6b506588c471534d2,1
4443591256,canonical_job_62f187ed1f404c24a8c4d0d2167f5341,1
4455987400,canonical_job_952e21232447465c9f46f9896dd2dfd7,1
4351229943,canonical_job_2b9258b715094499a2b02216bedd76b2,1
4351299827,canonical_job_34a7898084784ea68fbca4e6e7a998dd,1
4351390082,canonical_job_aabebb4338c44058a2ea2a8695efbc79,1
4352235756,canonical_job_bf31ef7a83bd4dbc9c86c1296337f11f,1
4363001135,canonical_job_f6aec589689a480bbbdfd6e571be10b1,1
4380256734,canonical_job_1bcda835cf96410b8a61b59ca61f9c7b,1
4382717745,canonical_job_61f635acc6774359a92cd194c77b0eb2,1
4382720725,canonical_job_174609f1ee1a405f944f63bcd462bca6,1
4382724486,canonical_job_d30328c35e50459c83779647c7af9331,1
4382726362,canonical_job_ad74c4053eff4921b2b320c9d2a06948,1
4382727346,canonical_job_f70d367e21334d999d0379abcb4dac3e,1
4382728321,canonical_job_311eaeff20944e21824bbf7070bfbfd7,1
4382728324,canonical_job_cad398a673364b2ab21545c093481d16,1
4382731139,canonical_job_4a75cb1d08e948e38893fe1905166441,1
4382733131,canonical_job_d0a4e59bd494422b8889f115f78eaa1c,1
4382734128,canonical_job_af5fc9a032584ee19ad7beb4045b1d61,1
4397547560,canonical_job_f6e05be24aeb4bf38a24cc84f4c7dcaa,1
4397548536,canonical_job_3f97be5f681d45dc891ec6ddcc738ecd,1
4397550302,canonical_job_7200bfe08d57462eac6659b91ac277aa,1
4426884433,canonical_job_55e742f4000d46faa2f026959090b9b6,1
4430205205,canonical_job_12788810b1724bb7814084c001c83616,1
4433057658,canonical_job_ab357a2a36a74040b5fd137b74be8e38,1
4434838506,canonical_job_cb0afb296e7f4ab994fcf6f15ea3ebe8,1
4436596998,canonical_job_d0b3c79f33ce41839b209cef2aa68ad2,1
4437056771,canonical_job_e819ed0805f342b6b840c86e82b1cd22,1
4437074251,canonical_job_7cc8df47480a4febad1321191bf6a396,1
4437095410,canonical_job_3e9366a41b654e4c8f7f62c46813fbe3,1
4437352728,canonical_job_1531a88dd52046de908494a59e4bac3f,1
4437354652,canonical_job_809eef14a46e4bbab4fea81beb98d2ee,1
4437356559,canonical_job_3e5d7754798e45b4ae1a7e6b5cc05e62,1
4437356580,canonical_job_5130ead577214696b136ada1cb1aea8d,1
4437356688,canonical_job_f195ef64de174371bd56345fbb7725cf,1
4437358610,canonical_job_2ba1e5babd8f4e1db084333eb9e5c449,1
4437358863,canonical_job_4bd3aefb59a445e080859368358e54b0,1
4437359478,canonical_job_f0f4a86963ef49c69071edc8d4267e8f,1
4437360493,canonical_job_951f923f0f4f44c7aab5047434e62d4e,1
4437360532,canonical_job_a2588f16ba664bdab3fed0e9d62aacde,1
4437360533,canonical_job_c81f8192bd7c4a4ca6084328fc85281f,1
4437360537,canonical_job_d52c9126e448439f9779d93f3fb611f5,1
4437360844,canonical_job_62e4b5bde4c94196bcd32e5527cb30e2,1
4437362434,canonical_job_d7c0e0965af248879b477e9212b418a2,1
4437362440,canonical_job_e1bc8b39ed98450ebe68b909acdf7610,1
4437363693,canonical_job_b30ea64ac8bd4e058f1a5c7898d9865f,1
4437364408,canonical_job_ff90131f3c0a420882099e1f33e11b66,1
4437364436,canonical_job_ab06de4cff4b447c96ddb03db583bdbd,1
4437364446,canonical_job_c6894755500040758bbedee52e47c2cc,1
4437364460,canonical_job_2859d763a52d4919ba61c2fe486e6c6e,1
4437368241,canonical_job_33d6016a760e470cb5fa0ea42c18c5a4,1
4437368252,canonical_job_55b07f4d0f8b4686ad6aa0c0c90ee7b4,1
4437368267,canonical_job_8b608ea2bca84e05b58405cb61113124,1
4437369231,canonical_job_f25d0ed76a004740bc357e642eaa486a,1
4437369259,canonical_job_72628951c8ed4c5ea78527b786a8f0e8,1
4437369265,canonical_job_263f6934d19d4425bd6f24e450d73320,1
4437369277,canonical_job_3c16162400b4472493945ac660c06497,1
4437369288,canonical_job_4eb691e61e9d49a2aa854d13f3b8e1bf,1
4437369339,canonical_job_0e36ce04f14e408792dc56b3d8225f27,1
4437370274,canonical_job_25fd6ce02e9b4cafb3d1be1506306fce,1
4437371275,canonical_job_aae380eabbab4f2fbd47925c47cda41c,1
4437372163,canonical_job_c9ea33faef8e4770829d8b14b95eb892,1
4437372183,canonical_job_6d15cb51869b495f88785625750782d0,1
4437373192,canonical_job_68550594c793483a972dd203938f3159,1
4437374008,canonical_job_2980c870de20471eb4c3bcf53e638217,1
4437375243,canonical_job_49b54b3e69894a98b96a557d3f242770,1
4437563475,canonical_job_b30f06bdb0fc4c7ea7ab59a6bf1117d0,1
4437567347,canonical_job_76332b72f8c045e19934edc4bb232b60,1
4437573150,canonical_job_4a32b7f8f9c34e53a2d8757e8dd9a482,1
4439413576,canonical_job_fbaa37df5a334a278fa4c77e60e8518a,1
4439830755,canonical_job_b1f871d586e54c1dbec35c519fbdcc27,1
4442620598,canonical_job_2cdc8269edcd47d1b37aaab048f47d57,1
4447309277,canonical_job_5a1c5e7976c84b638a3ef0b7becfc0f8,1
4452252169,canonical_job_d38423d132b74f68a056f1f129736117,1
4452916807,canonical_job_c015de4cb7bf454b920afbe003d4b541,1
4452923793,canonical_job_a09b6f301895406ba91727369512b405,1
4452937119,canonical_job_121dc640dfc041c581d04ac4a094a239,1
4454269759,canonical_job_232ed0c99de74786ba57fd2c821f0e19,1
4454291093,canonical_job_89311bf983e449608a7b10b28078f599,1
4454732778,canonical_job_047a12c3d76e460881ba98e12a93a396,1
4454974846,canonical_job_bb3280baa6a248ca86c020d0a04a3157,1
4454993258,canonical_job_a4fe355815d54507acd3556160841d6e,1
4456201632,canonical_job_610f9af98dfe4bef8b52e7c66150835d,1
4456205852,canonical_job_7f29e35a0bfc466d94e0b96f557b8475,1
4456206757,canonical_job_4c3aa3563af648ca9febc952c92be94b,1
4456206760,canonical_job_cdb8cc7127fa4efbb0ab5ba7eb2b78f7,1
4456214644,canonical_job_722a01b42bb6454a83e833f1467db5eb,1
4456215641,canonical_job_3281cca2f4334c2fbb9bb628279a3d5e,1
4456215734,canonical_job_367d5d8915b1400f8291949e4c0773b4,1
4456223395,canonical_job_6f025cab8041418c838f179af3ee8bc4,1
4457107360,canonical_job_ddc795b362544c68b61c29428f3bbe3a,1
4457476055,canonical_job_9db7321917ce4462995b2272c0aa3f17,1
4457602274,canonical_job_7b8363496203470db6b53f5091f29182,1
4457710855,canonical_job_798acede3c144c6385aeab2a831a058b,1
4458323347,canonical_job_d2ebdecc1d7c45e68500d7c0e07c778e,1
4458327426,canonical_job_4fa9fd8017fc4c07a4460b81063925e6,1
4458333627,canonical_job_0356bc1dd67f44f693063dfe666a0a46,1
4458622684,canonical_job_2e6e2b49a005407cb6cfb213a4f23a83,1
4458625745,canonical_job_1fbff164a5844aef93e4fd13651066a1,1
4458627584,canonical_job_8494879ad54b4ef38a132d1e3930b2d8,1
4458627852,canonical_job_07c357fb8e564ff7be3e4a3b78c76b42,1
4458632897,canonical_job_801322f7699e4e50aeb23e0412bca042,1
4458636862,canonical_job_798d810110fc441caa4305c03c2f441f,1
4458638557,canonical_job_17a51573f4d5481fb2c1dd3f023ec9c3,1
4458638588,canonical_job_59eca521a30d4ea7b5f0c07009c498a5,1
4458640532,canonical_job_e92cab69ee5c465ea677e32dcdfe5223,1
4458640822,canonical_job_a78fa967fd45470396900550cfdacec7,1
4458642553,canonical_job_5bce5bb02ef14937bea221758b481065,1
4458649139,canonical_job_ca843dbfff1f474ca64c7142bf693321,1
4458650053,canonical_job_927a3c5ac3e8457699b2aa676b84aa73,1
4458652091,canonical_job_404a2eac67a74af7a3c1e969f6802cdf,1
4458973633,canonical_job_0be3d949bc7345c08fc8152f3c76d5da,1
4458976602,canonical_job_0feffc50a45b48a7a068807c4bedc72a,1
4458980297,canonical_job_6c7d2db2f220444a895e008593052c7e,1
4458990367,canonical_job_af94901989034547a45e88f837cfc407,1
4458992198,canonical_job_aed8a1dfead844459d12c991063b1629,1
4458995113,canonical_job_b07706beebdf4b779f00284e7bc78b45,1
4459426761,canonical_job_6f8c158982cc4a68abef597dba218c60,1
4455713187,canonical_job_08c169107de141b8acfc9ec59aa89bc2,1
4069299957,canonical_job_1615d87833df4ed2a41aa9680fb9dab9,1
4280766342,canonical_job_a375b3d51fb14271b33eb6c17257dd05,1
4322410817,canonical_job_15d99c6153054eb78c30ad778c1b0561,1
4438360683,canonical_job_41e38c2b38cc480093079e7e53a82abf,1
4438369377,canonical_job_664271004d1744cc85cca9aab49b5cd1,1
4438369378,canonical_job_c617f51d34b14e03817d71517f04fb5f,1
4438369380,canonical_job_ac1d2a80e0f84c92ad2ccfdbc7b3c835,1
4438373297,canonical_job_2e127d08202a45baa9972b4f9ea74d55,1
4438970702,canonical_job_bfc4363f269c4277afcdc4702bf9662c,1
4439830540,canonical_job_385e665e8ae94350bac1551613431ddb,1
4403755551,canonical_job_6699aa3687df4e8684ebb955cf88074a,1
4403755554,canonical_job_1928e02630e1462dac8046739d623619,1
4403757474,canonical_job_158677f7b2c04dd7a92e77bdc3abfcc5,1
4403758477,canonical_job_e8cfd5d37d7d4989898ef5ba4e37263a,1
4403765306,canonical_job_d918dcc243914a7eafd055930a3698f4,1
4403765308,canonical_job_cc0e3392f09548c4b3005f009d79c95f,1
4407795347,canonical_job_ea06f8a4441d487fa0be34894cffac2b,1
4413054712,canonical_job_cfb5bb3cf361430db9d622013dd50ac6,1
4413056669,canonical_job_6142cdcf50fb48c59b754d68eff17892,1
4413063230,canonical_job_304938ebe94a4b758c4c5f72a2730dfa,1
4413324817,canonical_job_646d0de26c924849aeac6201ddfa5d8e,1
4414022478,canonical_job_9dbc477162144305965eb2eeed442b86,1
4414336375,canonical_job_ba9b3a08703643798cac84c487d128d5,1
4417228675,canonical_job_96cef828f2d648f1b41663adba341baa,1
4417230568,canonical_job_5bd62eb8b728446e89ec6ab40cf385d5,1
4423127916,canonical_job_b1b759d3ec5347abb19e3cb6c92bd02d,1
4426863055,canonical_job_003a48811a7844508ab92e63d07b974f,1
4429466273,canonical_job_96796658ba074184abd16a04e4bc3d48,1
4430222801,canonical_job_e8b795cccf7743008c961e2b022f9afc,1
4431090886,canonical_job_4e35e17a56a240de99c099b58b2c8a60,1
4431099829,canonical_job_0c3eebed0c6e439886648d333b6bd027,1
4432394574,canonical_job_7645fbb3aeee47fa9e8d74531e03e7c7,1
4432704438,canonical_job_89718f57ee41445fa346560badc0b56a,1
4432710245,canonical_job_b5bd7591e17f47c784604266ca9145de,1
4433703031,canonical_job_e21340ddc8fe40eda02e3f15ecc8d714,1
4434534909,canonical_job_a0459b3a37a1424aabe47590d6078eb0,1
4434544641,canonical_job_3983d7fa026e4bf489b7e0dfe31699a2,1
4434551095,canonical_job_2b7cd3df32274e9f9a83df05d08a270b,1
4434829212,canonical_job_273e5351653248e8b4d595d6fad74b84,1
4434856322,canonical_job_8d8569aca8e74b629fbc82c241d1b7a6,1
4438094011,canonical_job_5875b5a430df4a0db33dbe6c60c64742,1
4438710892,canonical_job_4f6b259fb491498aa1234d0857f319c6,1
4438712795,canonical_job_9cf4d3e7bd174a0db91485abb231d38d,1
4438725120,canonical_job_21e301a8eb9b4ad98480e8f7827af6be,1
4438732014,canonical_job_fd476c36610c409fbb3b9879bda87286,1
4439239098,canonical_job_fb01d56e8ac64959937308563d79cf08,1
4440150477,canonical_job_cccd74382d7e439086d43bf9ff3810e4,1
4441038732,canonical_job_0d47a910b7324914b01ca5c4775657f9,1
4441519774,canonical_job_3ff959eefb2b499698a768ec57010f63,1
4441527506,canonical_job_f2e1a59266654adba3226acb46167c7b,1
4441801928,canonical_job_a8ba407f486d419d978fd9b817499c7a,1
4442815625,canonical_job_f3030ef1759641fd9bb9b10bcb85c36a,1
4442821603,canonical_job_b9077a2e23ed4c96add577e991006b25,1
4443289829,canonical_job_ef2b5a0d4aed4e61aea96b0c50b1694d,1
4443294726,canonical_job_332632f643544566875e0acc54c2b81d,1
4445020130,canonical_job_999ba478a6d245bdb095bea43f88551f,1
4445033121,canonical_job_8f4e07cc07e341ed8bddcf7ce7828974,1
4445552396,canonical_job_207f20b33aaa409fb70a3ea929bf48e6,1
4445560295,canonical_job_cf949790918e4770a2479cb681dbf40f,1
4446614726,canonical_job_295e77fb5e9b42afa69a203aca767c8f,1
4446620193,canonical_job_0bba3ea66b0244b086634447f104d803,1
4447379905,canonical_job_42a7bba638db4d4faa9f8802feebc2e1,1
4448087536,canonical_job_8b869468a24740d1a1e636de121a7dd6,1
4449556729,canonical_job_1202ed60fe9c4055bd0299e686ea8d92,1
4449842677,canonical_job_7b65d8b759754618b254f85c2b7388f9,1
4450126366,canonical_job_4f9548edd73d4f1b8f274fa76de2f313,1
4450143464,canonical_job_2a2e833178a845cba4641c9171c8c732,1
4450146464,canonical_job_adc61abff0184415aaae682f095b9c28,1
4450453761,canonical_job_c5bc24cba45644e9872d3badad9c8303,1
4450478735,canonical_job_e2ef893580fa4de68466fe1c7700d86c,1
4450497505,canonical_job_af199d284f9847f68859907b11728271,1
4452267835,canonical_job_e4d5487ccbdb4bd384c2d6899e22f9df,1
4452270815,canonical_job_07c0ba0d0df64663943c00ce8250ad5d,1
4452270820,canonical_job_f2d8b9c9f5224a61a2f73d1a09877c64,1
4452281013,canonical_job_ebd43b8586a44bb49a425e27e5f3f059,1
4453458957,canonical_job_cdfd79b87fe745049b08d27f260dd345,1
4453468057,canonical_job_00db12d1194c4f8f8733dc5e2da4d654,1
4453475022,canonical_job_e1157235075c4cce895020ac3b2bb29b,1
4453476019,canonical_job_25532f95c9414b77812aa1f7f0b8b1f3,1
4454107390,canonical_job_507221f8144c4a788ec5cc374a5cdb01,1
4454108307,canonical_job_edcaa1baf3d34ffc8772a1df81fab851,1
4454125209,canonical_job_b6c6c1242a544a3f885941b56ffd1a4d,1
4456907124,canonical_job_7d3118927a4d4809a16d3af996dcbc0e,1
4456920685,canonical_job_b22b81aa78c34c548d9ba668a9448bea,1
4456921745,canonical_job_71900363d1244483b4c0f86da5c1671e,1
4456923707,canonical_job_f6627659ff544635b9ece0a1603a337e,1
4456931694,canonical_job_dc2e9b124cd247edb4d88876c412ab6f,1
4456937592,canonical_job_5b9fc73dfa7e4dcb90dd17988761a71c,1
4456942571,canonical_job_19f0a74f06904fbaab61ccb391e47a05,1
4458166699,canonical_job_6a20b65e0c95409e944fcd1c945d77ab,1
4459170698,canonical_job_c8166858d0554998bb83e39a0c2d8097,1
4206100310,canonical_job_5195040bcfd84b4f8d3a242b9b18494a,1
4342460699,canonical_job_3ab88b2fa02e411b82f4d525ac5d6812,1
4368364802,canonical_job_4914b6bde4d04f1ebd88d996828f9f98,1
4390392028,canonical_job_54e8483969c94132a3ee8caa60bf85af,1
4391720705,canonical_job_4dcf4ef7948c4f06b4b6cd53f74d2d2c,1
4394930057,canonical_job_b15833f93a7f48ca9ed5f8afac040af1,1
4405838359,canonical_job_86466fa6264841c3b11da2ae190ab314,1
4405846172,canonical_job_fa88aaf53ea2483f8eca47745ee072ea,1
4408008754,canonical_job_a719abcb2a164ae29eef1dfafa83bbb8,1
4411226830,canonical_job_3afceca1687d40bb9ad08716b4b159ea,1
4411235324,canonical_job_4927499fe29b400f9073cc2d12c87775,1
4417788177,canonical_job_907870063d574397bde60b7470b20a01,1
4418192513,canonical_job_2ad5b8018e0b4faea8a76ca25e542e20,1
4419482208,canonical_job_dbcd7209777c4b2b89a0c8cd615294f8,1
4421883589,canonical_job_dcb4c049dfcd472db08edb1d8898b2e6,1
4422453725,canonical_job_357a0082c4c64005885305bb3e4d8873,1
4425658668,canonical_job_a20867f1de3045208977baedc024771f,1
4427607211,canonical_job_1dbf6ca7331c4ff5947ce98efcd2ad34,1
4435185931,canonical_job_ab882a2127c24b47bc63bc53e429cefe,1
4435199092,canonical_job_6d2014b025a34999ae659ca171e5f194,1
4437855420,canonical_job_47b7297a38604b9b9d2d586ed0570b35,1
4437858297,canonical_job_c883320b244b4730ba11424b5f180225,1
4438695736,canonical_job_5f2e2e3cb10b4428b56a45ef9a0c57b6,1
4440594947,canonical_job_bf3eec60e7ae4eac8f445f2388177166,1
4440597882,canonical_job_2e017a776b8844cbb3302bfbf232ba33,1
4440811451,canonical_job_aa712aa98bac48ebbb2bfa9d1b605ee0,1
4441624958,canonical_job_8f8237366ed94c8ab6ad1c77c6c90819,1
4441636518,canonical_job_da9747b3e622409c882f78b6b8652956,1
4441644317,canonical_job_9c1b40bb4aa04fc6a5357f50cde2f70e,1
4441646191,canonical_job_afe764d3693a4dd09862318447a1b7df,1
4441647076,canonical_job_cf026c3b91b44ab9a9772b2f993b0a52,1
4442148296,canonical_job_7fb91a152bf04447a73b1bb5423cad62,1
4442479425,canonical_job_8e1c9b6e918d4f01bbb64dc63bb5067e,1
4443521997,canonical_job_77ca6da34859484285027427944666d8,1
4443525940,canonical_job_d0e83ed91e40496e8cfcfda4cefd460f,1
4443531840,canonical_job_0868be77cfb348a1808c538ce52c4f1f,1
4443536409,canonical_job_609abca8035f4c9cb8c5a20b91540bb2,1
4443539262,canonical_job_c54eb9e62d104361a0b133d4b6d62eef,1
4444710346,canonical_job_7b1b35f8ba634ab2941471f07fe577c0,1
4445229054,canonical_job_a6456afa64674bbbbbf1719a9e137a41,1
4446355498,canonical_job_397ee985adf140cfb62cc83c5a4fd229,1
4446840482,canonical_job_2a70bb1f330647478355f863dc206954,1
4446851046,canonical_job_836f437727504c12b20653175d7079f8,1
4446853010,canonical_job_02bc73afd8e34ed196428860503074ec,1
4447077201,canonical_job_0f7f5ad3079649689bfff0a4a303ac0c,1
4447557679,canonical_job_3e9fa879b8c1430a9e808babc4f0af55,1
4447577351,canonical_job_2c3adbeb63db4b618cae23a56cd4ced0,1
4447835150,canonical_job_80c531f50ea0471892528b55bb17f0f0,1
4448395338,canonical_job_94301a01f3204b28ba038ee6b7b60179,1
4448395346,canonical_job_e1bb087f63384909ad62bb243d975ce0,1
4449029258,canonical_job_121ff592e62f47fab29d2c12f2a82d2b,1
4449670774,canonical_job_aae9e162121643099c6309c9e4554f13,1
4449687620,canonical_job_696409cf6ee5446fa4247867844ec34d,1
4450606890,canonical_job_b3aaa850fccd42038296433f75c690ca,1
4450615272,canonical_job_c376e0a91c1c4a6b9e119459f7bbfd42,1
4450738818,canonical_job_94321fde32844caf9fa06aadddc99ac7,1
4450746674,canonical_job_a50d0b2da63b41e1aadc5137bf177c10,1
4450749626,canonical_job_7dde9b037a244503a81fa66450f6b07e,1
4450754402,canonical_job_15735867e8f44438860b21c306b86a4d,1
4451816901,canonical_job_c8b19ff090c84f32a44757751a28a9dc,1
4451839104,canonical_job_02e11a96555f4122b7d66b1b971cf9f2,1
4451844008,canonical_job_c2412d9cda1e4ea7ac57493f53f54abc,1
4452616543,canonical_job_973e98fa933e4ef6b130181679f5e115,1
4453320991,canonical_job_16f2879c834e4f27833d3ef91fdad04f,1
4453335664,canonical_job_5000352afcb6426299944357e1f51480,1
4453336620,canonical_job_9e35506e41ad4e22b7424927cfca1010,1
4453341504,canonical_job_932fc315f07445de9fda2b9fc7c9ccca,1
4454557900,canonical_job_27a1ecc77b0e46229303401276b63b97,1
4455348712,canonical_job_422ecc9653c944dbb1b7faaf3d6a068a,1
4455925463,canonical_job_291308153dc642b2b6c70ab2e1b9bc45,1
4455930323,canonical_job_7e703677efd148e396c147179820ff71,1
4455930377,canonical_job_4565e91dc15441e48e1707652cb50251,1
4455933293,canonical_job_2bf4b8835bfe4069804ab56befd0b3ea,1
4455938864,canonical_job_e5d8d3867b414c29b9216646a693d6ab,1
4456761970,canonical_job_2faf8356f6c845db95533c84e3be2c81,1
4456764895,canonical_job_717fb1209d24494da9502ec330593a6f,1
4456767906,canonical_job_b1ed2993bea5490788158c17c889ae48,1
4457388354,canonical_job_72bc4e1448a349ceaeb28a982858e7d7,1
4457395269,canonical_job_9a45d418f9d04a48847672ce762f24fd,1
4457397264,canonical_job_82d5e447c20848529048aa1eb3f7d84f,1
4458265601,canonical_job_618e29b939e04d21bc6be371092554a2,1
4458272568,canonical_job_30991802f6da4f429db43d8b22533489,1
4459343678,canonical_job_47b72dd4a4d84149abd894b8c81b2dcb,1
4459881307,canonical_job_7e1ab5ec0ed14122a9104bcd848ae861,1
4460390763,canonical_job_8cac6969b6764a86be069f4d1307fb7f,1
3599827626,canonical_job_e269a31766a14652b7e190b9be167e8d,1
3599830430,canonical_job_dd5ada9cdb114b10b7378e88b07af18c,1
3658388383,canonical_job_0d5f66abb7af41b089a5e23286edab36,1
4453448634,canonical_job_eb452389ca24401580e9bfda745a3683,1
4458834978,canonical_job_47064df6bcbc403f9d0cf381cb68e256,1
4458885423,canonical_job_8fffd60ad5f54c49a60ff709ccd06fda,1
4458885424,canonical_job_53ef19fb80414e00a75dea24c2513aee,1
4458886403,canonical_job_a9d74b818bc942ff8a27f2e25afc35e0,1
4458886404,canonical_job_059f9634c49f4e44bcf83b6b76238b43,1
4420943706,canonical_job_db01c5da7cc942b195ac113509f69590,1
4420950574,canonical_job_7330347dafa64bdbbeacdbf62cd40045,1
4420956378,canonical_job_ea2f9e528155420fb46d06cad43dd309,1
4427540056,canonical_job_39fd071196a5431a887b92e691db06a2,1
4447229957,canonical_job_029f7ab6508e404b873f1583ea9e7b6f,1
4451338944,canonical_job_a88b9457a3f24c65abb4a8296422a4f8,1
4452470176,canonical_job_ce9eca4b498a4b9cbab38f42c1e674cc,1
4453102904,canonical_job_f437fa91648d4b4eb3974fdfc46056dc,1
4453108921,canonical_job_d667f20c0e474de5ab7a936196567e32,1
4454082903,canonical_job_713b943ae745474dabb4444c38be6d79,1
4454090138,canonical_job_3b8a123116d04d5a8b4fa9b497e0242b,1
4457042762,canonical_job_4787c710a468462699f807e713a4f8fc,1
4458750347,canonical_job_89186979f35d4d01b734ff9e92ea8336,1
4459345876,canonical_job_5d14e5ef172646278b2e08ac90bc1fef,1
4459347850,canonical_job_ebe00c4a7506428182e2bb1ff4fa2419,1
4459818103,canonical_job_887b789588a54789ae80cd79e9b52b8b,1
4459819166,canonical_job_451c4090121d4b0da307350819d8ccab,1
4459826090,canonical_job_d4ddcd1fb4444eb3836f0acbf09f05f2,1
4459881523,canonical_job_8bf95c18dcbc4bbd99fe528c14be5ee3,1
4261492670,canonical_job_2916b6d2f16246e78cd420ad968f8cf1,1
4261493565,canonical_job_a506e259e9924457b3474190e722d81c,1
4261497274,canonical_job_761b600d76554c1692f60afb66b431a1,1
4279176986,canonical_job_911b4d0213db406fb97c8521f5fb1ce0,1
4343530920,canonical_job_5a80294535b049af96046a89d7eb7fb2,1
4388733142,canonical_job_4b7be46009664cddb6d6d4bf35281612,1
4399880515,canonical_job_4bd588d0e4644123a1f7a0833d5588c7,1
4441618376,canonical_job_e37e9c4b1f334873a1ed6f37acb16b87,1
4447225114,canonical_job_7a9f61ba1b0245d78a3fc40e9e946c75,1
4447232051,canonical_job_10d8d63b40534d57ab382948b12ebab3,1
4448762509,canonical_job_a5fd9ea7ae384be69141cca10cd641b9,1
4449077781,canonical_job_618bb58a1e704c7a98b60576d9611007,1
4451157157,canonical_job_f595e43baa354c1d877aa97535e264ba,1
4452484789,canonical_job_ca6295cd3ea34736a2d2dd4069252246,1
4454254600,canonical_job_c3eb6f435e534ad7b2eaa4533c0513d1,1
4454391952,canonical_job_7bf6577eba244c3e95aae840bb47eeb8,1
4458518793,canonical_job_009ba338a8ca4773af81ad6fd215a35e,1
4458934864,canonical_job_cbc978c0701546b6bb81d7c2d85f00f4,1
4458948072,canonical_job_1747fb30157348a7851a38474ff3d8ee,1
4460109991,canonical_job_204cf7ca910743f692d9c638c5ebf78e,1
4460112941,canonical_job_661c0ad21ebb4baeac484b9c01d44773,1
4460116925,canonical_job_941771db1802419cbc96f619d1f7c152,1
4335644069,canonical_job_c5dc6cad086a403198bdc12949701c56,1
4335783818,canonical_job_4962fb893cd741d1a3c4573e06128846,1
4335813788,canonical_job_06e26e8cd78e4a69a3f72c910bf9c59f,1
4336640901,canonical_job_1ca4fadb9e13460c8e136717c08e489a,1
4336720549,canonical_job_9c63dabb3bf241159c35227c0f0409ea,1
4340160420,canonical_job_6e48767fcd4441598628a5f08c44c5b1,1
4368310563,canonical_job_db2a911314ed40449a65536db6dc88ff,1
4368322315,canonical_job_18174fc080624aa69fd38057f0b132de,1
4374758569,canonical_job_0f77695339ba428ebf589cbc5472f7a4,1
4374760359,canonical_job_7ebecff6e021440ba902dfc6a00d040d,1
4401313219,canonical_job_9e85e8c45fba4c24b19fbd860b3b351b,1
4402976242,canonical_job_973735fee6584e0b8f20096793e5d414,1
4402994004,canonical_job_e1589a34bde74df8b7119996cb352687,1
4405367117,canonical_job_6ab9aff18cba4c55b7e1a840477fe246,1
4429917518,canonical_job_9946bb2233f24b06b19b9b0362a96b0f,1
4457769472,canonical_job_63d964b2492f4b188dd09d2ed335f926,1
4458088436,canonical_job_952b6174daa34487b46e9fd68a953c8d,1
4161256135,canonical_job_0f356ee05bd444318ca49b758231f7ce,1
4161259058,canonical_job_8f073abdc31448af9db598d2b30729ac,1
4397267557,canonical_job_7cb097b5a6ec4876995d257f8b107230,1
4426943938,canonical_job_d5da446527654cec9676db991cd2edba,1
4429094973,canonical_job_2113631491e64cfc8f4d6e2ccd5d94f5,1
4436088967,canonical_job_cecbaf752d7040bc857457c5bde06040,1
4444339930,canonical_job_25b8952e224140d0839a2860c9df65e7,1
4452387454,canonical_job_8f9de096c77f4c0ca9110b56da4b792d,1
4452388426,canonical_job_c3fa014b5e9f436dac9434e7ab8a9f1b,1
4452395559,canonical_job_395767835a7449d498b286dc391dbd08,1
4458587997,canonical_job_cdee9ae860664d99b03e5431fcfbcb13,1
4450045883,canonical_job_366c11ad6bc14645a11fb29b47f7c971,1
4450045885,canonical_job_2ec07889db904bf2bc3ffb6e9c0610f6,1
4450045903,canonical_job_d651c566ada549498f74bdb93848ad61,1
4450046867,canonical_job_aa9a900d160f433d90ba50fd5c3e09a6,1
4450046868,canonical_job_ea6bf0631a0a48b08441e969521f604e,1
4450055647,canonical_job_b513dd5004b24700921e08e2e1acbfa7,1
4450063018,canonical_job_58f16fe1cbe74f8a9b3f2595c32203ac,1
4450817419,canonical_job_d7c0e6ca95b744838b3744b57d7c6520,1
4455891788,canonical_job_94f491e5ffda4b33ae6bb49ddabe4bc4,1
4456594562,canonical_job_83adbfb179f74708a2d55b2c3ebb5640,1
4456941909,canonical_job_1544c5d7a24b47df863f7d5b4e2ab898,1
4457751930,canonical_job_6bd794f816b048aaa888ccc92b8cd193,1
4457760842,canonical_job_83acecf920cc404490924d310c791620,1
4457797857,canonical_job_b24b44df5f7841439b583a31ef66e2aa,1
4444431468,canonical_job_be41791a04e141e786c56f9388290966,1
4456486347,canonical_job_4188e9189a0b4d95b3a91f859e166013,1
3754933573,canonical_job_09bcaf32dd664d7eba2fd0ae2e3c13e1,1
3893179166,canonical_job_49bf73aaa5d24bc28ba58b700b5a48b1,1
3894082807,canonical_job_d949111a50bd4af49cc7b17f88d79af1,1
4385250280,canonical_job_44b1f6f56dfa4365882bad260128e3d6,1
4385264536,canonical_job_a7f3a601a1cd45b585ed680f91b1357b,1
4385676626,canonical_job_c4ad414222a14f07ace2fe5f5907b9a3,1
4389575604,canonical_job_9551ce63b793462792ead088027a4feb,1
4389576620,canonical_job_b52847ae53784217bcfbc01407c05125,1
4389577543,canonical_job_6128d20b4d9f4260a6e6b1077c15b536,1
4391869395,canonical_job_5d45210222ca4dfabbbe80ae578a52ba,1
4407398183,canonical_job_1b5534253249454ba174509b993edeef,1
4412754776,canonical_job_b997c8e194e6467ba702aeac72052c23,1
4418598526,canonical_job_f6d8766ab12b4abdaa62245fe1d431ae,1
4419052865,canonical_job_5601115e15044213bc7730afaa421c94,1
4423613602,canonical_job_93c8c6cce46a4121b9537344f709cc44,1
4423615530,canonical_job_683d00a195414cc8b75534d04b8118ee,1
4423619129,canonical_job_3d0e1b87798c479a81f21a6a4038ad01,1
4423625017,canonical_job_64d44221909845e7983a72c99a75516b,1
4424553009,canonical_job_d4e2ab02eec84cb08318ff117fd376a9,1
4432380171,canonical_job_94767a8ff76146b6903e01459c25b77a,1
4433603897,canonical_job_ec31a050eb8d463ea665ea56fbd79ead,1
4433605797,canonical_job_84942aaa26234a2ab303fe499929b7df,1
4433609493,canonical_job_eb1754dc257d480ca132c7e820f0ebfe,1
4435044431,canonical_job_af19af8f652b4178949ca7a698700170,1
4436097402,canonical_job_44c4b9beac7e4c61b6f1c1b303bd44a5,1
4436099224,canonical_job_f322a47839c64d02bb9a3c001c3b4573,1
4436205306,canonical_job_5832b8892a3a4bbfbc6eccdc9519f182,1
4436238279,canonical_job_3b82ebb3b781485f93c242e7822c6b53,1
4436303347,canonical_job_febf93cd60c24f16af89c4a8152df113,1
4437010974,canonical_job_ea72c07e02904344a1327beada454222,1
4437062577,canonical_job_cd8412862f51465ebe3a12776c64c9c2,1
4437063570,canonical_job_1ee18948cf484ba391d9bf0b1061ac77,1
4437383319,canonical_job_ba5325df5d904a2f939c36c11083a246,1
4439141921,canonical_job_715e8d4ff9db46d1b4d743bef9bbabc8,1
4439158204,canonical_job_e6df7f98bb1d45e5b9e96e6f4d3c49a7,1
4439885102,canonical_job_486422c0252644a591933d9b074cd418,1
4440665404,canonical_job_01fcedb036e34a63a9bb396dab4d909f,1
4440684769,canonical_job_b95aa82088574cff87e6d1f1b885a4cf,1
4443233104,canonical_job_929fa5899a3f400bada46286a930fa56,1
4443237923,canonical_job_349318af22d04c4a96c49805f517da78,1
4444541537,canonical_job_4085c1852f534c5fa7ffe4c2346702c7,1
4446767820,canonical_job_c06104a5b1dd4460b59e2b91524a649c,1
4446977446,canonical_job_a8cb11c424bb4d3389f28b7c766f1171,1
4447127347,canonical_job_d477895e31eb4ca3a2ae87a18ec3406a,1
4447136172,canonical_job_70ed9a655cf5421ebd9cb40af21871b6,1
4447137145,canonical_job_a78353594fc346f49a84663ca632cab4,1
4450318823,canonical_job_1fc3dbb380e74cb3a57decfdd61afd92,1
4450945479,canonical_job_da783d07bef94a47ae237b31695732fd,1
4450946442,canonical_job_344b0da8826a4528b0e547277a4d12bb,1
4451130404,canonical_job_70f41cbe9b3e44a59823561b46c4dd61,1
4451138393,canonical_job_8374eb50ecdd4546bc9a51582ab4b600,1
4451671529,canonical_job_6c67aaa911f149a0a23a5899463cd24d,1
4454236542,canonical_job_5d0ab91664b849bb99f2f1d8edd2a006,1
4454284212,canonical_job_70691b00a356451c8632aa8e5a2369ee,1
4454701872,canonical_job_fbd1431ae49a4fdfb500e64d8f8409d2,1
4457469058,canonical_job_a0c8743e1141498b935d756be288d320,1
4457488736,canonical_job_fcb297a8aa724b01aa6392a5f62cacde,1
4459796214,canonical_job_f905cb9f614b43fc9aed4db1f799208e,1
4459797172,canonical_job_daf36094dcca40cc91a94694085c184d,1
4459797173,canonical_job_1fd15c089448445aa072424819177ace,1
4460000097,canonical_job_ad2a23a1bd1043f6aa38cfc757d2e094,1
4362426148,canonical_job_5c2f800aec1a4ab68d475156ca30a937,1
4380583527,canonical_job_06befaa961904382964f815b391fdd26,1
4430141535,canonical_job_2ed8b38411f8475bbf59d8a4405e1864,1
4434047571,canonical_job_35a8b32b34ac4069939edcb9c6388f62,1
4436438489,canonical_job_65edea4cbead48fbbf8d61bfe0d6ca55,1
4439376584,canonical_job_6b7ec52482714fc2b2043a39323de14d,1
4448690679,canonical_job_daace94cb0e3414a91a80de2a283a861,1
4451095924,canonical_job_2482af92b2134e9c84b46bd3a7d54fb1,1
4453002321,canonical_job_6bc0d6d7658742e6a5f8a7d516ef7583,1
4453025252,canonical_job_0f6a367b054a4dfca3e8e7cba14045d1,1
4453025254,canonical_job_8be1020465eb4e839a111f339f6255eb,1
4457542066,canonical_job_0575645c0d82451a916660edd4edde1c,1
4459065749,canonical_job_86e678a4f7cb43efa946226586ea6427,1
4459614073,canonical_job_7074e69d2e184691bce5bf6928cd95dc,1
4459620011,canonical_job_549825a3b96241409887ee4915853ae4,1
4459621000,canonical_job_12884591d4684e9bba0d1a44d3c3c94c,1
4460147020,canonical_job_0df7562a0ecc457dbc30432c471bb924,1
4460860376,canonical_job_cb8f8292610c4980b40c2b6d11b06250,1
4391469977,canonical_job_3a0f64cfa6b34f558daa2560ec2cb437,1
4391479432,canonical_job_5ac904667cc54a45a4f34d72940ee18c,1
4406462981,canonical_job_11e1409d1cca4464a4d033d191bda9ea,1
4426805724,canonical_job_d2a4dd23d8ba49ef880e3e644fd3c691,1
4426816670,canonical_job_d35a030abe514c118d3aee774d0d37d8,1
4434833939,canonical_job_9ee1011e62354a2597bc7e17ae4c48d4,1
4434842764,canonical_job_21263b7a1c8744869f0fc0008bc6145b,1
4434844737,canonical_job_04cc673b168f446d9a81bc36275b4c19,1
4434846349,canonical_job_5768e97e90904094ba3df908c3243396,1
4434852119,canonical_job_c5ee71db3bda48e49d920b002a9670b6,1
4434854034,canonical_job_35e74cfafd6d463b9e7665e66d3ebe91,1
4453895138,canonical_job_71bea2b869084693b4e7bc57ba08b488,1
4457700639,canonical_job_4ed108643f464dd6a090d618ca23783d,1
4161397604,canonical_job_e8e64caf1ad842359db743ee8135ba04,1
4161399540,canonical_job_0df6d9e105c649229610a925de102427,1
4252744558,canonical_job_40e343fa04e74f1d989a468cc538b6c9,1
4265010050,canonical_job_7c4e26fc87cb406f9bfb464b34beece6,1
4277357415,canonical_job_5c19d6f5601f4b04b48cb4272fa9d7a1,1
4278208181,canonical_job_2404b01c508440648281cf7a947c9eff,1
4331458460,canonical_job_10a801912e6c4c11a72ec342c42c7c91,1
4385429875,canonical_job_6d78a9f017a1473f803a6d2226a65f9b,1
4389570095,canonical_job_eb8e9dca756f49c4a0524beb7d3c68ba,1
4397073031,canonical_job_8c3435df1dc14517ba4d4e222181c74b,1
4403269393,canonical_job_06a52b7b51f44b55a8d8d0d9a16177d0,1
4406096303,canonical_job_18d62485e7724048b03796b246735bef,1
4424881298,canonical_job_d704d2a327bc4315bbdd56efe485907f,1
4433171568,canonical_job_6f296c58efd346cf9d0387a107b92618,1
4433700562,canonical_job_55c94fe94a634418baf2d27bd8965626,1
4435656730,canonical_job_ef609905471142a78ee940e983911268,1
4439202976,canonical_job_c7d4d23c3916496c8fa941886032a0b0,1
4443470527,canonical_job_abb647785c2b4210b5914a9e2769b51f,1
4452576898,canonical_job_fada392583494f7594405211c13de9aa,1
4453469181,canonical_job_75b13cdab02244cfbbbddd4c09bb1ff5,1
4205449823,canonical_job_eb97f720a30648879a6b144c42a20821,1
4205449836,canonical_job_aa9e965a17f34dd8a27333a46215c722,1
4205450679,canonical_job_e9112cf444c247c1a10ad8ec3825ea6b,1
4205450682,canonical_job_eccbba77bdcb4b4886fa2e5fddd93115,1
4205451517,canonical_job_9bbc6afa1a014722bfbcb7c4518bf131,1
4205451522,canonical_job_2d1eb4830ba54c6f8fe49345c51c3360,1
4205451543,canonical_job_48f87cd511de4cedbcb49feb8bd5aa5a,1
4205452504,canonical_job_ee38f16e3edd4fd093e56658dee77ac3,1
4205452517,canonical_job_2ca1d62d351648b7b3c3364d78b1d771,1
4205453476,canonical_job_b22512d8a6b848fc86075ae9c5bd3f27,1
4205455319,canonical_job_36ea22673fa94ae59dbe7737846ff248,1
4205456114,canonical_job_ff23427a8c4441c39ee7e1ff5b8f4d33,1
4205457075,canonical_job_50fb1f0c32c640ad9e891a13f7ae18cd,1
4205457076,canonical_job_3970e93907844115912ad2b8840997d5,1
4227263412,canonical_job_e566f7c94bf74d8aa41a4c7fbd8beeb9,1
4288827827,canonical_job_7cc43d3fba9a4e559eeeb5add23bb377,1
4291732732,canonical_job_7d7490ce8de24e11af15d3e6d5dd1954,1
4291738658,canonical_job_7bbf60a4828e46a98b7a3f79f4a1b236,1
4293194588,canonical_job_f2bdbdde0cb54b4bac11deaa571a6f84,1
4314989987,canonical_job_95d12bf1335f46c1b473e7371227846e,1
4314997308,canonical_job_33cef23eb9424479bf2c9abe553a4d31,1
4314998284,canonical_job_8cd5e0f4149d41628c871e67585db698,1
4315401211,canonical_job_8e21d1570cc84bb894901d990ba27b6d,1
4315401214,canonical_job_9d55ac96b6d64e9abd82481db50ec784,1
4315403151,canonical_job_036b195b5d394db8ad65c35f30dcc16f,1
4315408119,canonical_job_75d61c9679ae47879aefbfef7264f739,1
4315411093,canonical_job_c73c4ce92e1941098a14713be7f68f5a,1
4315412026,canonical_job_3382d9ca49d148068204e44edf029ddb,1
4315419800,canonical_job_63ef0abb354a41bd9de39bb28334f886,1
4315904244,canonical_job_f22d0e870f7b4b2eb0836d9f65d5a534,1
4345005536,canonical_job_d2a150e3bd724748b3d26c9936d4e168,1
4348198077,canonical_job_c0fb20e0e6f94be5a9253f1196932edd,1
4352150488,canonical_job_61fded4b5aca45ae9855293281678233,1
4373455340,canonical_job_df0da58928ca4dce84d0d48d2b9a7ffb,1
4373463185,canonical_job_131227ff031e457da122841cf3d7b7b2,1
4373472147,canonical_job_96fdb3244c784b86b0610d2b4a124f48,1
4373474133,canonical_job_5c6d3ab797fd4b3c8bcb666b05a30440,1
4381749787,canonical_job_17ebbabcd7264a4fac61a76eb5b52cf6,1
4381757455,canonical_job_15493670b1194e249c373f5aee972cd9,1
4384408430,canonical_job_53fa97f3b1024967ab467c09cbaa785e,1
4384415023,canonical_job_b5df822fd4a24d798499eb365c471e50,1
4388326293,canonical_job_950430e328594f54aefe806b6cda7439,1
4397989135,canonical_job_25903a472bd746e295d161fce3a710fd,1
4399581759,canonical_job_d62e1d3390e54815a72fd57971d47d6c,1
4400823449,canonical_job_862bcf29eec3466fa46c36df3be4d7a1,1
4400826293,canonical_job_514b0759ddcf462391877a54ca258bee,1
4400833190,canonical_job_2a4a4da42df34ae7becbd1dfe2eb40b3,1
4400835172,canonical_job_07d9251d6b1a4d9b9df2b122c16e737a,1
4400836165,canonical_job_f649919cb8b0423591cfcd6fa5d02019,1
4400843043,canonical_job_b6aed323776e496e8dd7fa7f188cd8d2,1
4401274939,canonical_job_3b1e9a392da14d8c89bcf56f7876d1e9,1
4404657143,canonical_job_cf7331dd738148b8979399121f9766f1,1
4406420787,canonical_job_4936094333f34bcdaabaec6e2a5ac3b2,1
4408143045,canonical_job_481220ea10e04937a79f76e9290e2fbc,1
4409603883,canonical_job_0a923ff6818349b58f8982288ad4b124,1
4409605814,canonical_job_617ff29c1dc74dde9b5b0790e2878385,1
4409616476,canonical_job_ddd2b36f949749a18e1c5dffa58eb973,1
4410600271,canonical_job_d1ca749fbe4b4796928eaee2eb7deb26,1
4412847377,canonical_job_12aa916668994d0582957c0ca90f921b,1
4413325471,canonical_job_b57a902661384aa283e069f6e080cd79,1
4414004259,canonical_job_dac3aaceccd9489381664a87a1f5b83e,1
4422790059,canonical_job_e72ad567069343c3b5ab65de0e53db4c,1
4423664015,canonical_job_68c6b3b55acf4c259167dca3fab05f9d,1
4424817592,canonical_job_9af12b85a0c54815be8949395c244a0d,1
4427393761,canonical_job_8b85bb3f290945b1b443a88b5bff4d56,1
4427812594,canonical_job_fdafc5fe236544c7b50affd05e5cf194,1
4427813486,canonical_job_509663f422f44789bf64de4362504f73,1
4428253513,canonical_job_b5b034b8f3214c7d95e6c5b669ef4b84,1
4431936736,canonical_job_12e72137cc414f909a27393b680a03f5,1
4431944521,canonical_job_128ad469da1d4f26ab3cdcce4e015fa0,1
4431988661,canonical_job_80599dbd9d6b4e798e65678b4923a705,1
4435675539,canonical_job_16997f0d892b40178f03c899d5de7aa2,1
4435923402,canonical_job_5fe717eed7e04e0db487002da224ba79,1
4437237849,canonical_job_bc9b5191ab844d3ebf46ffd2f6c383b8,1
4437242665,canonical_job_bd21225997354140a1c051d52d597e6c,1
4437648014,canonical_job_d43d7ee4e83b49c98868e6ecb06c30cf,1
4438761777,canonical_job_bcbb19f290434c2e960d7a8fe1a4d130,1
4440100395,canonical_job_77bc2f0723024c2a8ab9e2118a544a2d,1
4441567861,canonical_job_679a5cd7691741c2a700dde99111c7c1,1
4444127464,canonical_job_9b7655ca11294b118d3bb843bdd1317b,1
4444519974,canonical_job_b74c83502f0a40de8b098734b51dd63e,1
4445506676,canonical_job_a13940ca73b543bf973ed4d3f775a3e9,1
4445850972,canonical_job_59e11f1d14dd44ccb3192fdc7e275256,1
4446280187,canonical_job_885afc6cd2c347fdb72599b24820b82d,1
4447305950,canonical_job_741b2ef024b04a588411fd850e1eef13,1
4447327064,canonical_job_54b723b98b634ca28db89d80f41d2676,1
4448062867,canonical_job_bb8ef386b18e49fca987ac537e607e6f,1
4448075764,canonical_job_b357c268b7044597a725cd2467d8c357,1
4448084192,canonical_job_c115a28be46e4b2695fb0767ac518bff,1
4448704072,canonical_job_6261cbc706d94ff5a7a39a756391108d,1
4449512895,canonical_job_2ea17f6920984e1aa656ac24b13d5c8f,1
4450130789,canonical_job_30726f733f3644e29d63100a16088d4b,1
4450131784,canonical_job_4a3e6fa9fcbf428c950c56f646039251,1
4450132757,canonical_job_f610a982be814c178e8d59b7eeaadefe,1
4450133818,canonical_job_11446de7902b4b23afbe8112a07a3fb0,1
4450134743,canonical_job_111d980213254afc90d51ab512e3af4d,1
4450138736,canonical_job_d4f12b0ab2cf40348423d33c3019366a,1
4450142688,canonical_job_fa815e2d1ffa4755b1677ede636a5627,1
4450143697,canonical_job_3f9726042ad54781985aaee123109818,1
4450145679,canonical_job_f15a6e97d2dc4e9b8fbe1753d3762d29,1
4450152109,canonical_job_290262205df54c8888582894c81a00aa,1
4450400570,canonical_job_4cd3f90a5a46425cac86280cfb1e7144,1
4450448810,canonical_job_19ed49434dd642de8f957aed762dbe9c,1
4450450728,canonical_job_3467d63b26fe4cc0a036142629053ba5,1
4452519566,canonical_job_0ab772815c9241089aa195c48892f5fa,1
4453483951,canonical_job_f9b5f6ff0c504a44be025b51cb0791d5,1
4454136175,canonical_job_c9940af96ace40c1860bbc050f327d9c,1
4456554112,canonical_job_467aef80f56a44259c55ac647e455ac8,1
4458055203,canonical_job_450fab0b2d84412bb7c24f957a7b363a,1
4422263171,canonical_job_1ef208247a7941a281625a48315bc2de,1
4423951976,canonical_job_9b9bcc60a79044358966570ea8562cfe,1
4423951977,canonical_job_86cac7019b0f45d9bbe7f5659f857cdc,1
4423951979,canonical_job_097e161444cb4b41bf4d99e12f70aa28,1
4423953942,canonical_job_b718fa97c94b4fbe86eee3a96642ee14,1
4423954981,canonical_job_b6de6c89c9974bf5aaf1218a3ba3b3a8,1
4423954983,canonical_job_ad93d2152356426ab31e9485c3b24ac6,1
4423957884,canonical_job_00620622a6164e33a36e76bd7dcebf6a,1
4423959909,canonical_job_b89ce9207b8143d7b464cea3083b7be5,1
4423959911,canonical_job_0df0a90f6ef44e2f8e1ead7b7dd16027,1
4423960893,canonical_job_748df9c70d7e462faf10efd6db4319c3,1
4423962901,canonical_job_19cbec945a864830b847c5e7ba7d6bbc,1
4423962904,canonical_job_206e680dcef144b1a16c1be00ec8bf47,1
4423963856,canonical_job_294cd5b92ff749c9b8fd9327b55ebe8c,1
4423966580,canonical_job_074829bd341f4fe7842a25aaaf3ca6ec,1
4423966581,canonical_job_bf49b70dafd34da19c391c3d2246e42d,1
4423966583,canonical_job_79e3f8721bec4e2bb2f5cf4340fb5e8b,1
4423967581,canonical_job_417766c1db674d9896841f423f8a7956,1
4423968394,canonical_job_faf447e02b4b4ce8ac3a2a48f54a9633,1
4423970332,canonical_job_49cccc7467ca4dbc93b423dab3a8ff3b,1
4423970335,canonical_job_8c663846fd61489e9d7c16d0230da213,1
4423972137,canonical_job_a5633f40b23440bbace0e9308d7143a3,1
4423973155,canonical_job_1464fc99cc334cd982d5402c8d84fd30,1
4423974083,canonical_job_1941470f8db74b3b930225a719a70c4e,1
4423974084,canonical_job_a6a8feda53c744bfb26873746ce0c5be,1
4423974085,canonical_job_0ed6acd87eae421cbc4c7cec77547d3d,1
4423975015,canonical_job_2f46ea237a1b402697f6b741d4bbe2f9,1
4424045834,canonical_job_1712b1e7b2384338975835672a861c98,1
4424046759,canonical_job_f9eb54de7cf4452596fb1c34abcdd64b,1
4424046764,canonical_job_32d1a893acdd489dbd7a2d74fe8ed88d,1
4424047824,canonical_job_191a8142201447649c9f1ee8d8b46642,1
4424048679,canonical_job_1da85a66c34f4b0c96fabc6984bd0a36,1
4424048681,canonical_job_10c7157a4e024ae6bd78afea23ff6d7f,1
4424049625,canonical_job_cc18492321304a9e9b8feeef294b8dfa,1
4424050550,canonical_job_7d103978fd1b44ce8e4527d606638257,1
4424050551,canonical_job_1934aa4ebebc4bbca01661b4635dddca,1
4424050552,canonical_job_0b4f9635c4174428b44eb8cce597d0b3,1
4424051487,canonical_job_3daf943273fe4d3aad9f0efa610fed1f,1
4424052476,canonical_job_f11d0a6710a14fec990009083863ba88,1
4424053483,canonical_job_34407a29907d406cb0be37dce330a7a1,1
4424053484,canonical_job_60d20a0bae854abe8c3e724714b7eb42,1
4424054481,canonical_job_50f91f18d8864127928cb5c14f6e70ae,1
4424054483,canonical_job_878d242d6e764f2dadcc5fb1243386b4,1
4424054484,canonical_job_49312f88c04e4f0e986882e27c574ca3,1
4424054485,canonical_job_df167d248b124f67adcbbd7fabf009c0,1
4424054487,canonical_job_879eb7463801422d8824ba7cf5b88517,1
4424055438,canonical_job_d8c627ae0e41432c8c1ddcb3a9160564,1
4424055439,canonical_job_f163408688364a9cb017fbdf2a2dac66,1
4424055441,canonical_job_a1f6e482562344e580d1e4b3c6400406,1
4424055442,canonical_job_490c3d8d5d704a80a314110b7bf24fa0,1
4424055443,canonical_job_f4b6479a3754419389c21cc544262663,1
4424055444,canonical_job_6105477f8f5d49ff8a4753506c56501d,1
4424055445,canonical_job_40edf0de964943fe8e7b8c27bf1021fb,1
4424056436,canonical_job_1152cf30e1ba4a3297778eb2e5b7ec8b,1
4424056438,canonical_job_b118bd7a7d8241c2a92b500c210e2b1a,1
4424056440,canonical_job_1e51da91635843e4b04efa8aabaa094a,1
4424057400,canonical_job_6a7b8564497147ff9452e907e63f3dd6,1
4424057401,canonical_job_013e5e1434f24a70be22dd2909892f3e,1
4424059383,canonical_job_7d7fb9e55c824695ac52c0690ad3ae37,1
4424059385,canonical_job_94257d545b0b4376a8fde7aa81ebd68b,1
4424060359,canonical_job_44b0f8543a054018bda7ebd8ffa9a903,1
4424060360,canonical_job_5a29849b04654d39a6b120f830983031,1
4424060638,canonical_job_a253a7e06f01401b804b86af630ad47c,1
4424061384,canonical_job_99c330c998d74b83ae435d2b61156933,1
4424061385,canonical_job_d6f5397ff89a4351abdf5046d666cab0,1
4424061387,canonical_job_6575bde84ba6415d903df5075c95ba0a,1
4424061389,canonical_job_12a8644cf1a941db9c3acafa5eda4463,1
4424062318,canonical_job_74604d2783f14440b4df07b62dbc65f4,1
4424063305,canonical_job_720d300490614037b429ca7dfc2229ee,1
4424063306,canonical_job_03ca5f10ed594bc685ed53b6c9dff05d,1
4424064217,canonical_job_4e453b4144af471493fe1217b5cd0b40,1
4424064218,canonical_job_989190764d3c44ab95be21a95b11f477,1
4424065203,canonical_job_814d71a4b65c415eb05203743e6a910f,1
4424065204,canonical_job_60c8107f88fb41bbb36a4def555d2273,1
4424066172,canonical_job_0f4ea2a98df4470a80e268cb64233754,1
4424066173,canonical_job_fc94d230c9ed434e992680f6a4776dd5,1
4424066174,canonical_job_c73d4df4240f4d7995c7b3dad201060e,1
4424067127,canonical_job_a5341a166554463183b9cf5907e50397,1
4424067128,canonical_job_2eeebc2a4ad3487ead44b6020ebfa47d,1
4424067129,canonical_job_a076ab653629433e9c758f33c150760c,1
4424067130,canonical_job_a367d794546949d28a7b3b81b2586f36,1
4424068097,canonical_job_1e530138f3a14b5fb32725922dda8721,1
4424068099,canonical_job_47d0b8da241647bcb217870d5b6bca99,1
4424068103,canonical_job_a87f36b854cc490396743563bb759d2d,1
4424069026,canonical_job_e70b1f4bbab14c079d4eaf10589711db,1
4426939868,canonical_job_eaac1cbe7c5c4d38934a5dfef248268f,1
4428734812,canonical_job_1fe39df3b9d9490084d77d84280f055f,1
4429308726,canonical_job_be02b78a87e34f5ebce2e693ca4521e6,1
4429343800,canonical_job_6c95c553523c4ef6a873a439ff42a0ae,1
4431280915,canonical_job_16ae547c21fd4d00932319ec0f4313ea,1
4431830694,canonical_job_9e090ffd24474245a73e9f2eeb173568,1
4431835238,canonical_job_e5ac7ff3b81746a28dc4be9fd11d8c21,1
4431835239,canonical_job_edd2f848394145e9b1d5e4932911789f,1
4431838212,canonical_job_d1fb9f217bcb4ce6b352dbfb41f2cf85,1
4431840175,canonical_job_bc89b42875e1432fb0ed8ef112eb86dc,1
4432632761,canonical_job_bd26ce5a13be45ee9b76f2a5a977d780,1
4432640317,canonical_job_14475c34ccaf45378e59473492fed925,1
4432653060,canonical_job_5b63587b0cd84ec39c36102ff17d1872,1
4436092822,canonical_job_d867aaa896e7486db76ca9a1f60dae8a,1
4436097740,canonical_job_dbc2ba8f131d4d4bb68a14ddbeb75f72,1
4436205265,canonical_job_77626aceb55b477c8b6575927bf3a754,1
4436206177,canonical_job_af18d13b2309413daab37bf11da8fc9c,1
4436246386,canonical_job_378c3a298c494bac9702240b970f098f,1
4436589693,canonical_job_eb27f53dba3d4d00b5877197a6f63b50,1
4437556014,canonical_job_ad76b601c1064480bdc999a4698e899b,1
4439406355,canonical_job_a3a7f2e6ad2b4deaad06f55be6b48555,1
4440211738,canonical_job_541f3d1dd38b470fa8b98fb6d01af1f0,1
4440745558,canonical_job_e96ccd88881d45b7a50a718028a5cf01,1
4440780657,canonical_job_c71c0b8a21db4b29992df9ea2b1ab572,1
4440797143,canonical_job_a79bc382e8214a4890763f89dc73a95f,1
4441305040,canonical_job_a7d469bc4fd64871b111b3f2be33b326,1
4442073451,canonical_job_897cd988c314472fb0164043ade4665d,1
4443137594,canonical_job_d1dfd0d6b9f74aea9f13b06312ae4b96,1
4443862928,canonical_job_816b94f928244a6ba6a0431d22f23f22,1
4446907556,canonical_job_8d9bd05ed7f541df94827afa81f9c862,1
4446921330,canonical_job_e3999c574da74f889ca13afb26efd908,1
4447183186,canonical_job_b1294a1e2f9a4f408a259c5a6c068be8,1
4447193011,canonical_job_b3d7a87ec1cb466db2a8d637b95396f0,1
4447985181,canonical_job_fa2a7689cf1846b3902e7da5377ab60a,1
4448523318,canonical_job_b359f33bebfb45839885265dcabca236,1
4449742445,canonical_job_0ff5f79da7294ee8a4422fdd1bc07183,1
4449747389,canonical_job_cae0d9e4f19f488e9bffe40093cd19af,1
4452737320,canonical_job_f90537472cbb4aaba03fed75c2f5bf79,1
4452932153,canonical_job_3ee42c5509444393ab609c20495cf89d,1
4455406234,canonical_job_e3f6d839549849999868851002ba99eb,1
4455686603,canonical_job_ae9efd08cbf045afba6f035a7ae24481,1
4457469539,canonical_job_f9e47ca172d64a50945a4b73f649178b,1
4457488442,canonical_job_180f19e091f344fdb73f06edbf665acb,1
4458623195,canonical_job_478115c030cb4d31adc4a6501bc5560a,1
4458962689,canonical_job_65ba074a742e4157b7a848154dc5b0e7,1
4458970383,canonical_job_b9c1d854c25440cbb71080d95e8ecd98,1
4456508676,canonical_job_8ab3f2189d03483ba5238b152ca48f76,1
3599825920,canonical_job_275e52ae4401430b8d77639062e099cd,1
3599827615,canonical_job_1073687314794af2ab7ef8d8d4419e47,1
3629000425,canonical_job_ca5fbcd13e87438db70ebb93476372d7,1
3686998431,canonical_job_5d3cf599ca4b4d66989bcf876374b36b,1
4442113067,canonical_job_f348e6f7627d4e3d8c4cd41114b38379,1
4442720777,canonical_job_8e9144cee1c64184a4688ec61578c183,1
4450695971,canonical_job_cc63a476bc444af9b93a74d4a054f7b0,1
4454556261,canonical_job_859c866d347a4f7d8d6045d622bb5863,1
4456749030,canonical_job_df0a9eafa50d4c479c7ba304011fab30,1
4460830264,canonical_job_ce610bbb0531405e92f16402dace0172,1
4293819496,canonical_job_50a5ff4b3e944d498173ace87d1d053c,1
4302420295,canonical_job_e85dc29e2f6c4409beff26b72f7b662f,1
4344687806,canonical_job_3f3df8d5ac17416cb701c5635fda7370,1
4345338723,canonical_job_c0bca158289b48e6bcd6fbc9475cacfe,1
4398106436,canonical_job_dc5b3add87e44e31bb48f979223fe7eb,1
4398109402,canonical_job_9b914355ac874ed29e68a1948a066fe5,1
4398109403,canonical_job_b5dc4ac105714741b2300688c3754274,1
4398112381,canonical_job_fd293e14d8bb40f78e3f63c9da6f065b,1
4398112382,canonical_job_112173be895f47319b991e7ef1a90631,1
4398113392,canonical_job_f2552afedbc14ec4ae1af793094abce1,1
4398113393,canonical_job_9be30580b59647289a433a91d4a8ada9,1
4398115403,canonical_job_8434f2d093f04400b221ce955f58d2dc,1
4398116393,canonical_job_4aeeb98434944b78b815411355ece4c6,1
4398117338,canonical_job_3281ee2721834bceb40f6a65fd783e29,1
4398119352,canonical_job_db2d7e06752d4cfea12027cbccbfd268,1
4398122375,canonical_job_de83f01d0a1b41c6968554737257cd1f,1
4398125322,canonical_job_82edb1973e804026bf5d6e2b7f0db380,1
4403953512,canonical_job_cebca510c97c4869ab6317e86145bd47,1
4404407046,canonical_job_ccf4eb72178c4149b87bbcd53ddc9540,1
4404408037,canonical_job_78a504c519844aa8b9abbc7edfcdeb1a,1
4407030807,canonical_job_a1bf00258a5841808c3ff230283e0319,1
4408690904,canonical_job_0676c3ee1ee84035826f4c08d5bede95,1
4409912864,canonical_job_e183c8d94836435eb24fd29e5024044a,1
4411384145,canonical_job_ea9980d3db944ad59b5b4034a73bf6f4,1
4411386124,canonical_job_f0f61c2eb4a746a28057b43ecebf2e8e,1
4413021999,canonical_job_7464b0da39514d4b846394af60623e91,1
4413027783,canonical_job_e09205e4ecec4ff182ba798c59bb67f4,1
4413032605,canonical_job_a2e58de236344bcbb2562fa0be8161c5,1
4413043012,canonical_job_523a069a1100442aa325c6a61164354d,1
4413110988,canonical_job_e595bad59e14411b8466ffbddf64ccc2,1
4413116888,canonical_job_40b165047cac434db9ba33aa282557d8,1
4413119776,canonical_job_5ebb05ced5114705adb8a3817fdcfc58,1
4415064709,canonical_job_2754f841c995458ab557aa190328b007,1
4415664556,canonical_job_d623b4f3c45d4f00b2248d5a81950376,1
4415796753,canonical_job_ec7813aca5de4d1390d80ba1e2d1d141,1
4416307472,canonical_job_7f3c625d47e84e3a96f4f36d94cdbad9,1
4418573245,canonical_job_edbf3f3bfb2e414eb550227a7615a8bb,1
4422872460,canonical_job_abbfb641da7446c595402db0d4e4d414,1
4422882394,canonical_job_c86a05eee3d04c33afb465b63edd38bc,1
4425589437,canonical_job_23d1fcd06cdc4aceb15dc2b812901a5b,1
4425592424,canonical_job_f752a86d4f8d4b8bbff62416e403f0a9,1
4425810957,canonical_job_5632c5e3bc774a49899df160385b8f92,1
4425827078,canonical_job_8ca005ac94c14d1f8b2331dcfc708332,1
4426035577,canonical_job_be58d7c3315a4af5a89e54669e0b17a6,1
4426145536,canonical_job_ff508298964b47c78c941af4b6a3d4b9,1
4426292992,canonical_job_2a4c3ac6b7b3429e96e9438bf4f43c79,1
4427430721,canonical_job_33366bf165fb498bb755798d9cfbf52e,1
4427494654,canonical_job_887c57cc5bb4468f894d5d003640de5a,1
4427709392,canonical_job_8d85f9e133ec43daa5ffac44fd506ecd,1
4428026453,canonical_job_0623ed75b3cd48f8809e3c60522f2c1a,1
4428027443,canonical_job_5595dee7c81f43f1a69a6da30bf41abb,1
4428087469,canonical_job_f3c275632dc24dfdba32ce1f296f0a9b,1
4428464685,canonical_job_79e134cbf7a54ae187753123ad686e7a,1
4428474004,canonical_job_79cd409e0de84b5a8236a35f93aa7df5,1
4429314594,canonical_job_15479f1dc54241be87d2f2c1328b6abb,1
4431406139,canonical_job_be47c268d24146e8b90da243b12890cb,1
4431849124,canonical_job_f44f100033f6447e9705af4853e0e9e4,1
4433653602,canonical_job_102fbbced9a64d6991c7d9b9cee2b69b,1
4434612062,canonical_job_509efe16094246ce8be2f22fd8d5aed6,1
4435445571,canonical_job_ce1329074ed54bd7aab73a453cc2563e,1
4435457077,canonical_job_12f8d0a39eab443290e11e1d3a5e8775,1
4436091908,canonical_job_bde11d11f88141f38bc624cba2b69a7c,1
4436091910,canonical_job_69380f12807c43e9b239af4e008bb702,1
4436204342,canonical_job_5222b8c09b47409bbb742fd5227712fd,1
4437364826,canonical_job_660879c39bef4f62989507c8d030ee15,1
4437373455,canonical_job_6cb15a9b8eeb4a51931490b0ca678b39,1
4439862252,canonical_job_c17b208ee69e44a6af838c49327d667d,1
4439867125,canonical_job_84611fa26d56418f8bcfdaf7bd63042c,1
4440203966,canonical_job_6075551625934af8b70a30dd6449b434,1
4440730948,canonical_job_04adf4bb462c4a55a819294f44fef4a6,1
4440739707,canonical_job_a56e1794ddc641dcad7c19fdad91a108,1
4440752108,canonical_job_8d707deefcf04e8c87d86cf3f08db70e,1
4440790310,canonical_job_daf14a3e3bcd483ab5ae4ba0623f8ff6,1
4441302096,canonical_job_bed2214a1cfb458ca8a7330ddb679fe4,1
4442627712,canonical_job_bbdd0bbfae3d47ea810688d43c5108ae,1
4442627713,canonical_job_5e6bc20e629b4e15b613ca567d5e1458,1
4442631565,canonical_job_699eca176a6746c8b12fb2275f5f568c,1
4442638205,canonical_job_52f69094c2bf43b8b6db96f626c5ecf2,1
4442642077,canonical_job_f124accb65b641c98e161d65bd79d4da,1
4442643063,canonical_job_3c5345f245714e6984dad25ab7745070,1
4442691029,canonical_job_d67cbb69d79b42e784c1db50cba3be25,1
4443128910,canonical_job_75f52d70b84d4d4bb1c5e6e5ea78fdf0,1
4443132789,canonical_job_eb4279b12b43469faa4541a7b80ef993,1
4443141456,canonical_job_4e66dd3bb05942988d6bad273c21d996,1
4443146312,canonical_job_63eef309690b455187d6a6ba6249dc91,1
4443150097,canonical_job_5b99aec2ab584dd4a276850a6a930f7e,1
4443197182,canonical_job_2f85142d53d242789ef408a34ad09ddf,1
4444334908,canonical_job_eab3eedb759547daa01527aea35af383,1
4444337897,canonical_job_23ece658ff8b41c08fa06578ac5aa691,1
4444338904,canonical_job_55d1ffbe4eee419cb8f109f32c0a426b,1
4444349078,canonical_job_ede2a1b3f9e44159b0d5c38c26117e9e,1
4445127555,canonical_job_07d44fe4261d4e3b9d207b69322c0def,1
4445177174,canonical_job_f6c83f07672745e2ba4374aa9f03011c,1
4445187093,canonical_job_1b65057c896647988fe4fcf080ea67e7,1
4446022973,canonical_job_fd67df23c9cb4083ab2aa052ad9c1d0b,1
4446432315,canonical_job_7aa729b8771d446583faff37f92551f7,1
4446439300,canonical_job_506587fa2c694467ae22e3ba60d2ecdf,1
4446441291,canonical_job_48015543e3b44621a28cad953ddbb7ec,1
4446720722,canonical_job_b23a0b316e9e406fac4493280ab70a0e,1
4446762585,canonical_job_83ed8e406b0b4841a390f1c96a1dcbaf,1
4446798769,canonical_job_1a36046fdfa84258a2fef57284d05504,1
4446973979,canonical_job_03e59c7d07d04f95afb3d870b17f8e15,1
4446988255,canonical_job_6694a64b196042b98a7f7197c44559cd,1
4446993122,canonical_job_36b425c8e5134614b3e585149cb84c3b,1
4447128483,canonical_job_c36b8318f92946a797509e0468958f37,1
4447133328,canonical_job_bd4c5b3f579946ceb2914b132d9f993b,1
4447135295,canonical_job_4f120dc50f6e4bda9df3761862411861,1
4447142219,canonical_job_4e21d203996944a8aa6dac7299dfd0eb,1
4447142221,canonical_job_f73416d3a187430681822001447be35b,1
4447144178,canonical_job_5339712ef5fb42959b47392402b4a890,1
4447147068,canonical_job_ef6a7890224843ffa6898ab880245237,1
4447148041,canonical_job_3d0cc5983b6a4080927cb843eddb199f,1
4447969951,canonical_job_734862e8bd114feca82bbc4470912c56,1
4447980260,canonical_job_dfb8ab150ed64eaba06a0eaaea928919,1
4448543980,canonical_job_e0f62b9c99294bc196672f7c14483aa2,1
4448547967,canonical_job_c861bcd1bf334570b4602ceb9caab333,1
4448552944,canonical_job_8b4af96ce0c347f1ab29c26d819f1b94,1
4448557200,canonical_job_c21e0299a1d34771b9d83ddd22830728,1
4449794258,canonical_job_41efdcdfa8fa4c91a8d38f14785a8e01,1
4450323607,canonical_job_828ac3ee04d54721899d5a489c9fa476,1
4452392589,canonical_job_a60b69aba69b410e83767e142ce055c0,1
4452701509,canonical_job_14acaf538e4e4ef397462846c229305f,1
4453717052,canonical_job_a03c63a00be74c588a113dd459f3ec37,1
4454266146,canonical_job_2659a0780888404e8f975bc57cadca5f,1
4455440902,canonical_job_c02bdeea02d64fd09cbfabd99ac24113,1
4456091830,canonical_job_c67f9f1db4bc4a2aa56e1de4ca2b97cd,1
4456094736,canonical_job_eb228b1026a348ca86f568feb11c7516,1
4456095797,canonical_job_5b94317e22004793a8a37e86d8356f65,1
4456200345,canonical_job_c3133dee060a4951838f6ec84331c436,1
4457467589,canonical_job_6b3e0e088cc64f79962c3533fda3cc81,1
4457482436,canonical_job_99788a6a4c004e63bf4e158ca4093646,1
4457951104,canonical_job_11106cdfd6964adbbcbb01abd013d782,1
4458949887,canonical_job_5108180bb81a441380251ab396c10e1f,1
4458952826,canonical_job_742143f215e2493691b5be0392bd7767,1
4458955704,canonical_job_f34efaac30524431a48216f8e9f3eade,1
4458959690,canonical_job_0e87309fd1d6455889ccbd04d9b6b587,1
4458971214,canonical_job_f300e2930f7342678111a438fe624000,1
4234863355,canonical_job_4fb90ccf98094f02a61dacd246cd0fdb,1
4389707162,canonical_job_b734de84bd104dc5b3a1d0ed9506e3ef,1
4444935825,canonical_job_5a56e919a20147c2b43d09a98f2f9df5,1
4444943448,canonical_job_70f58ef2fd72411a9e8f2578e5fa79d2,1
4444997526,canonical_job_070ec78637e842d3a6482dac6a267726,1
4445699933,canonical_job_8f29b84199a647efab2a2480216d5945,1
4445912910,canonical_job_dc3878babd61406eab6f000279da2731,1
4446741881,canonical_job_ba992dc4e84b4c15b4616086ee98b6d0,1
4448165785,canonical_job_b4109770dc1f4939aa20953fd7800088,1
4451561987,canonical_job_4fa800461e0d4f66a77bb03510081ddb,1
4453691592,canonical_job_6a3915d5dbee4abea388628488df41d6,1
4458725500,canonical_job_fd8f582812534303ae4a19775a822faa,1
4458732391,canonical_job_16a13aaf7b1c462ab5a66fe01925238d,1
4458737402,canonical_job_83d14dbb5538467495091afc17350b67,1
4458735579,canonical_job_dceb2ca8ff164abe9855f93e81b5ff2d,1
4451317871,canonical_job_f0670b96baea4fcfa4d23744c630233a,1
4451319713,canonical_job_cee3249e73974be094e8c0ae0bf6e613,1
4451325522,canonical_job_94db62d088524331a10761014aa975a6,1
4451326355,canonical_job_341bdf0abdfb4b8b99799eeb76793878,1
4451331102,canonical_job_b2b362c4416f4229b6cc50c021c571c3,1
4451332055,canonical_job_58c2fb4d0a2c4971a8ea42ffd749a930,1
4456351280,canonical_job_6328d8fc52e048c4946ffad9d8798ae1,1
4458763642,canonical_job_dcffaec9a0ff4aa7a0b0f1072950c060,1
4449411848,canonical_job_66ba1f35da4d4fb2bda71ed47f9fcf01,1
4449415853,canonical_job_7d2df9733d3249e89459f720b05b9a6e,1
4449424445,canonical_job_39b930989eba486a8c4745c68092294e,1
4449428074,canonical_job_29e362894cbe4116bffcc6e941957f7a,1
4448658269,canonical_job_d3fa8e431d1748029a730d0cd4c1e600,1
4449488549,canonical_job_9c537688f7d5452ba4109a7e1549519f,1
4449491515,canonical_job_179c3baf98dc4207be4d5afe06521391,1
4451101641,canonical_job_1765ffc840e04f9fb2053234e04285a7,1
4454237127,canonical_job_80487eed1ba1425989a67adae46e3a07,1
4455980700,canonical_job_763bc597c2d641178bfa195cfcd8bf57,1
4458615944,canonical_job_92e93d362f7f4e078146846ffa66dd57,1
4459632125,canonical_job_ceb718fa483f42bab04cc9ca44e5f0c7,1
4459758553,canonical_job_e86f60e7c6e14b4aa7add8aa623bf8a5,1
4461036442,canonical_job_957349319d4644cab54aee10868f41c0,1
4419018920,canonical_job_75fc82dc6cc943c99b271d59f914c46f,1
4419020810,canonical_job_662a78c645c145ae8cb3de91389865f6,1
4419023613,canonical_job_df8608eeba6e473d9ce9183e4cc9ba97,1
4419033404,canonical_job_99b38c8f38eb4230b605403c95212a90,1
4419038148,canonical_job_2db68932b1d6460aacd04d80be8f6601,1
4419038157,canonical_job_69be1f9fc1364613b90539060dc68923,1
4424260825,canonical_job_d61d2c0a8a4f49b8b04ba5d81a29e981,1
4424263769,canonical_job_4a7cd9cc7e6d4f19814b0f7ea28e2813,1
4424349852,canonical_job_1463716234124614b868a0c7d2428bee,1
4424352794,canonical_job_85f5951e3dd74fcfaa191f38b4a63e04,1
4424367779,canonical_job_7648baa044dd4ad7a6912986e5eb356f,1
4426241551,canonical_job_fd0ea49208be4a02bf827f2ee9427a72,1
4426671445,canonical_job_c1b0c9c5788a45eabfd2c8716ccc3b40,1
4426933881,canonical_job_9981f75fb599417a8f75f8e6d8893979,1
4429253415,canonical_job_8187034173744cc5a553bf685ee35782,1
4429266230,canonical_job_66e4b2499e8c46e28ca3f4f1b75e02dc,1
4431428590,canonical_job_4b2d65ba21bd429991759abceb682771,1
4431433618,canonical_job_5134e6c4d09b416a87f15f18bce312a6,1
4431434571,canonical_job_b46b660738104877bfd2d7715205efb9,1
4431436564,canonical_job_ced5859fec8a482885c4e41ce9222449,1
4431436565,canonical_job_4f1dc194b24945c99a328059fc5b3e85,1
4431439594,canonical_job_4c3445a29295412bb4bcb6b8392a5571,1
4431439604,canonical_job_41cdd1ca780c40fcbf20c1ab264accd3,1
4431440534,canonical_job_c3ae334109f64fa5883a59a4d464fb3a,1
4431440535,canonical_job_4adb3d67a74c42989cada6198053b78a,1
4431441525,canonical_job_83f4100fa2b447c3a584e59d169fdb8d,1
4431442538,canonical_job_8d404d8f58604bf6b6fbfe1d5ef645b0,1
4431445509,canonical_job_0d8507c8c2ca4c82bbc4f51c95828d82,1
4431447537,canonical_job_93f1b86b06394fca93d216ee822ad9f7,1
4431451548,canonical_job_420de3fdb2944f5db3f3f1eb8467492a,1
4431452531,canonical_job_18aa9eba95f34d648aede733af720ac9,1
4431481736,canonical_job_848c5f9045d3432f8d48c4b794139411,1
4432108571,canonical_job_4ddc9d46b8324a8fafd738e0b23fab4b,1
4432120358,canonical_job_34086e6461c3468390f505704b29746d,1
4433209990,canonical_job_b9be61c8f55945b7b5c30cdca7c61c49,1
4433226511,canonical_job_885e72e70b39497e833ab09cff41d754,1
4435205944,canonical_job_edcfb900cb104f389eda435cfa3399be,1
4435221452,canonical_job_8a5300b0d7ff411e82c9d1ca01539c4f,1
4435222402,canonical_job_95d0ba21c4284835bf00c980f19d2547,1
4435227271,canonical_job_18638c77d82c4c60afdfa9086b084128,1
4436264342,canonical_job_21209871dbef477ba4a1772306ce678e,1
4437992597,canonical_job_d2166dd9effe4c1391a9e4599eb72a74,1
4439121139,canonical_job_e5ba42fee1174675884e4bea155a2108,1
4439954111,canonical_job_9a3972d21f924badaaaf751df9c93504,1
4440286909,canonical_job_f2c6a3c280f045fdb9f3a4f47048e3fe,1
4446751449,canonical_job_6183e3daf36a43b382afe4b8286347b0,1
4446756379,canonical_job_1a8eea97b8764376a53b800edf060574,1
4446764304,canonical_job_73ddb4ae2ca1421aadad31899719d6f4,1
4450324609,canonical_job_7cb1bd7dfc2e4364a0833239d5288bb8,1
4450390772,canonical_job_e41b42c2e5d845a7b17bcb78b690d049,1
4450391673,canonical_job_0bdddb17ba2b44618fe6a891f949b614,1
4450391686,canonical_job_29302422c7a741ada9682f476026f627,1
4450500533,canonical_job_e41a3a7042f24e35be9d395c33532e14,1
4452386329,canonical_job_9bff44d05f68401b9e1a97196b3c45bc,1
4454250918,canonical_job_9ea4424eff2e415bbf5e845654f883b4,1
4454259803,canonical_job_cff0f67d5fba47478a355949cef01705,1
4454454301,canonical_job_ec4f33b6e3f34776bde56db494fc1ab7,1
4454985998,canonical_job_578d354f882d41cb8deb8599f3eadcd8,1
4456048995,canonical_job_7da19d781c6541a88e942b6c70fd467c,1
4456213773,canonical_job_a0a147d3e49c4efc85a3cc31f91599ca,1
4456601232,canonical_job_ce3eb4dcc89d4829b9a6930b26599d39,1
4457477295,canonical_job_a016ed603b7e4bb3bbbe952939be6f15,1
4457644714,canonical_job_9c22f41bf532418f997025b9be617612,1
4457644716,canonical_job_7e3e984f5aaf4a17a58f9060f8544047,1
4457650582,canonical_job_66bf6e40d6064006a0e79362d3f6025a,1
4457652592,canonical_job_5ec06cd91e3d445cac5c3bcae832092b,1
4457655607,canonical_job_c22fdd869376403b91c53dc72a8b2154,1
4457659505,canonical_job_52168cc84cbd47fd8ac206125da597b6,1
4457661489,canonical_job_81d0f97f6a5e4338bb1b60da2cb73a34,1
4457663452,canonical_job_c07ff1c75bd947c2a3d1ed7ff621d596,1
4457663455,canonical_job_ae5f074b2b7f430bb81e9a6fa66a611e,1
4457665402,canonical_job_76f65561bb36423498480aa12c1142a3,1
4458696719,canonical_job_b733ea79193a475aa5e3d5185f6b035c,1
4459431625,canonical_job_77e8feeaad80478dacce0ef13d095b83,1
4459450421,canonical_job_5061a77905704f87bbe7b2b1f75d595e,1
4444659358,canonical_job_341d81740243426f8608e8e46a9699a1,1
4442828326,canonical_job_f7bf6bd9de2644539ab467b0ee6b393e,1
4442833218,canonical_job_56daf6eb06c345f98f1bbdee39da28b3,1
4442835200,canonical_job_56d4bddd1b484e97a6656bb0e7725a5c,1
4442835202,canonical_job_55e8b2ef7f6a42eaa6f45e1627edf3c7,1
4442840189,canonical_job_6c6938f4e3344be99c772b7ca4a55176,1
4442843189,canonical_job_9b6025d2d28a4eada77300d20ea65719,1
4442845172,canonical_job_7990e9351a804150ae219c8ac738f7fa,1
4442847159,canonical_job_5977d1158a8d4c9399557ec8ed380d8b,1
4445888238,canonical_job_e69643adac8346acb8865aa618e8c9d0,1
4342791722,canonical_job_698c9724fc2446eba65365770f4c8d69,1
4342791748,canonical_job_710373ed228d471694f9c39e7df755ef,1
4342791752,canonical_job_cd59cd82e1b246fa8d6129c643ba52ac,1
4342801733,canonical_job_3fbae3ebe3894b08824226ffd1c033bb,1
4342801762,canonical_job_4a40a77ab7114e558c8ef9f09e80426e,1
4342811600,canonical_job_72dd41049c4549a585af3b5ef822a9c0,1
4342811601,canonical_job_685591f7d4d24922b55265d6f2944383,1
4342811602,canonical_job_d1c103cdbf2040d6a5dce19a37fb6c0c,1
4342821450,canonical_job_6015c378da9b4604a4b50ac393bfcfe8,1
4342821451,canonical_job_6cd7713e719e4ad79de0519702c957ba,1
4342821483,canonical_job_9ace4bf5205a4861bd1c760429820f9f,1
4342831499,canonical_job_f532aedae0a54b7e9e1b635425f1c674,1
4342831528,canonical_job_cb5bbac9d35940b0af98f1d1c9050c79,1
4342841565,canonical_job_da5eab5bf4844984b8300c10cfa34746,1
4342841569,canonical_job_b1ad126fb5ff4e3b9861ab4d79d7ce7b,1
4342841595,canonical_job_19975e8b5fdd4cbd88c9468b012b615f,1
4342841596,canonical_job_1ac04ec2e5b747c3a6e477ca4c5582f9,1
4342851466,canonical_job_b5bf0e9660d142579a7da60a3a3c274f,1
4342851483,canonical_job_a231c5b449684d07a56d68fcb3f9dd78,1
4342851485,canonical_job_cde97f91f80b4e22be7d310e80c480c0,1
4342851486,canonical_job_5938f4492a574399848a800762369fd7,1
4342861350,canonical_job_82f7c2569d79480a8953db02fb0c7584,1
4342861351,canonical_job_a7720696e4dd4780a1ef3cc3e7bf5166,1
4342861353,canonical_job_b54ffbd694774276ac63e60920519b1f,1
4342861354,canonical_job_58977ddcd1684c73917fbd4478a0e3f4,1
4342871245,canonical_job_acc7441524994da39dd63312725be11e,1
4342871246,canonical_job_d5251a5ea1184e2d93b42d2141c1c667,1
4342881305,canonical_job_7b81aa74db32433685b9745ed5b4ccd5,1
4342881337,canonical_job_f61c2006b83341f6a0456443a5aafcc4,1
4342891242,canonical_job_83b4c03ce54b453aa5192f45f43531d6,1
4342901257,canonical_job_15c1513cfcde481cb60b7fe9b431e25e,1
4342911263,canonical_job_a800720c178341a89adfc662e290666c,1
4342921100,canonical_job_7bbfe33999594a36af3ec6b7d07b78bd,1
4342921101,canonical_job_f00bc757ba4e476ab5d5cf839cfe0de1,1
4342931087,canonical_job_bf698aead43c48d1ba36882f39baa00f,1
4342931090,canonical_job_258899a4502b4114823d6d2596f8fb30,1
4342941052,canonical_job_97dd25769f1b4f5687d44c3396da4353,1
4342941079,canonical_job_77f5ef4ea6ab4359a8e77be1f0da194d,1
4342961071,canonical_job_4606688d83a74f509047c512f67b077b,1
4342970960,canonical_job_7952c5cbb60043528207b3150d0c869e,1
4342970961,canonical_job_f57463005dd14b26b50d50a06effa717,1
4342970992,canonical_job_ba2074c341524b5d880ed8c541fb17be,1
4342980880,canonical_job_2f75ad3179034ecd9ea8d480c4c0fcca,1
4342980883,canonical_job_199bb39bc2fc4b58944080d38df429d1,1
4342980884,canonical_job_a2db51fc69b54f83b8f6d420df3cef0a,1
4342980885,canonical_job_622081ecbb9e453f94fe81dea9cdda69,1
4342990781,canonical_job_f9f29bc4cb5749b5a50c3001c5a52dbc,1
4342990808,canonical_job_33d8f78b541a43808b92fb01c882ae57,1
4342990809,canonical_job_6882f01ba2cd42a0a7da1954604f2bab,1
4342990811,canonical_job_792ea185a97845e29f34ec775091d168,1
4342990813,canonical_job_cf1f81e1d2134a0ea2f8e830961813c1,1
4343000747,canonical_job_8f813097fab7494dba92f64a00e2dcfe,1
4343000748,canonical_job_9a3914f044894391a61548f4b496ed65,1
4343000749,canonical_job_ac5b3f23e58940c9a3843fb3758711df,1
4343000750,canonical_job_33e3e783a1db4a56b0d6c855c7bff60f,1
4343010675,canonical_job_e8698c103eaa420d85becb3158adc5a6,1
4343010677,canonical_job_482d6191adf04d77af93592767a1a2d9,1
4343010679,canonical_job_a8feb76e747144f0b4b8f9653f2c5aa4,1
4343020392,canonical_job_5c2816a50f204c81a45bb6bb90fa9768,1
4343020393,canonical_job_1d338bfd99c34a56a6ff7a91213d15e0,1
4343020394,canonical_job_7d69d312eb3442e4ae518eb236c857b0,1
4345272444,canonical_job_f4f2dd9cc7744e14b2ffb8da52105b9b,1
4360732129,canonical_job_a4eaa9c44f8b4ba28cfae593a0bf3a10,1
4361232037,canonical_job_76cdfe47198a4416aebdeaa00a8de4f9,1
4362391436,canonical_job_9241044d0e204205bd9be74c9f716f6c,1
4365329962,canonical_job_4565826c4ad04a48babbf0699e66d52a,1
4367121908,canonical_job_4cc7b1797b1b4034bece0005ee68c6d0,1
4374739095,canonical_job_0006f36181534dde907bb9580369885c,1
4374789684,canonical_job_bbd40c2877aa48cb9360343b30cddb95,1
4380977333,canonical_job_8f262f3a390b4ec296e65153c88faee0,1
4390372666,canonical_job_8e1b445889e34407a3b04e3e47e52414,1
4395310442,canonical_job_b92556244b8a492c91bbe1e622456710,1
4407830967,canonical_job_dd847aed292b4ef38e0d268d3fcd967e,1
4426392321,canonical_job_33b1b7005be4409182e4785102aa1d56,1
4440541861,canonical_job_cf1d898189f045da8e2209a991da9748,1
4453673238,canonical_job_bb15f41caec045a29419af1131576787,1
4454526526,canonical_job_f9c1e2ba407c4bc08cca83da4157b78d,1
4455286172,canonical_job_e0970cd953ab4d68b6b31ced4668ff27,1
4461054696,canonical_job_d7075c031a984a38b55ac54959e9ca32,1
4389182965,canonical_job_7d81bc8bdce24a1f87ab2e3c03145c1f,1
4389182966,canonical_job_4e6325e75aa943deb8082f1a409dbe5c,1
4389185932,canonical_job_9d1a81f590314db19c35733d5a1259c2,1
4389189725,canonical_job_78ab7a5187df4cdeb07e814517718e4b,1
4389603165,canonical_job_97b9be748e8b4377b32db9c54bcb1989,1
4389604090,canonical_job_850073b0d3034299936fcf6a1a940bdb,1
4392273763,canonical_job_a838871fa1df46a0b76a1c66662b8a13,1
4392287040,canonical_job_63ed3aeb31c74e34b80da8d95f5063af,1
4392287041,canonical_job_62245eca6b4c41a895f1529810741aa3,1
4406708406,canonical_job_8c61c678beaa47ac90f8b94c16312763,1
4428935447,canonical_job_f2eb9114df834661b937f0afaa21b735,1
4430240357,canonical_job_f5fb03d7103643a5b3adbe04701f4f7d,1
4433824649,canonical_job_0d0c61a9903b46baba255e2353b91a7a,1
4434810718,canonical_job_16e05f35c5104db58d57bb5dee3840b4,1
4437605249,canonical_job_7488590793cd42ffad3d4363293b5847,1
4439224285,canonical_job_26659939f3f24cdbbdbfac69492a78da,1
4441035415,canonical_job_fc5279f675bf480da6e6f1213238b246,1
4441067251,canonical_job_1870e75b18e6424e9817a3208459c64f,1
4441506866,canonical_job_47c3d8ee7aa14536bcb8e15ced27ce4c,1
4441508723,canonical_job_23cbd592e0fa426fa3781ecd34bd561a,1
4441511681,canonical_job_51f31c19c9d7430893e5db3f784e2ec3,1
4441518252,canonical_job_f13023fee46d481ab7b48872d1db422f,1
4441519208,canonical_job_ef2a44cd13b342a89ebac746da92fed9,1
4441521147,canonical_job_437d5f29068c494b95743d33ec815d4e,1
4448411262,canonical_job_4ca0175134a649539b1fc9c31634d82d,1
4448436576,canonical_job_f480e65c3f804db4b358a90ab73f80b3,1
4450150062,canonical_job_8bab1ae5adf748bf8b06c60dd0b7dd50,1
4450497298,canonical_job_ee22404874a143929fc23f0f94de7b1b,1
4452280452,canonical_job_576541fe5f5c48bda8c3255467563ed9,1
4452286364,canonical_job_092c5ac131cb4ea8a24e745156122e03,1
4457264132,canonical_job_c8285afa2f8240fd9e4b014ab82e74b7,1
3980367401,canonical_job_9af5ee224dc745c2bbac713c9a748896,1
4169583260,canonical_job_109bdf4ffd26472bb335966e182734e1,1
4208649818,canonical_job_e6592789e2f24e1ca7ee0ebb14fd6498,1
4353827215,canonical_job_e9596e5439784e6188ca3068e2be6396,1
4398387168,canonical_job_e7d6a73408eb472e85a9d5eb2a14490e,1
4398896844,canonical_job_b1587cab5b1d4635b79b078d679baf6b,1
4413036732,canonical_job_eca40c94e31643c38799907454328597,1
4421160162,canonical_job_52a27ee03175475781993c46793fcc26,1
4421163146,canonical_job_ad6cb6026f4f476790390ed44662940b,1
4421957580,canonical_job_6417dfae04a1418f8d2529ed36ead329,1
4421967437,canonical_job_a6440eb8edb141088aec42dbdc0db6ff,1
4421967438,canonical_job_e7f18b89676541f78048cbe25b7fc06e,1
4422755313,canonical_job_066bf089edda493a90625b9fc84d9f75,1
4424890308,canonical_job_2f70d73db59d4a7e98f96e0a8940f632,1
4429827998,canonical_job_29454a3e5ab84a6a9a58ba66ccbfcd8b,1
4429866461,canonical_job_f5c80c0a8e7d49eeba2c7701a6d90e1a,1
4429888074,canonical_job_2739ab0bdcaa41a0ab2ae490a03647ef,1
4434578604,canonical_job_d3fc5dd483064c44947cdbbf434c281d,1
4434583337,canonical_job_a7b7294617224b3c994c7d21d5a9d74d,1
4434588278,canonical_job_4034c67141d84ac5b1656a3a25cdae3c,1
4434591141,canonical_job_908358b43ac948d18de5387cd9760bac,1
4434832289,canonical_job_6ae3718776e14e2bafb7c489ffbde85e,1
4450088214,canonical_job_b542ddbe3cbf488facb92a7a1e9c6f93,1
4457262832,canonical_job_aab8547aa10c485f9a87253188e52f84,1
4313249940,canonical_job_1adc986f28b441b5a44a775a56ee6f96,1
4431089834,canonical_job_5f081b13cfe84aada634477bc9d4df1f,1
4435982604,canonical_job_8fe5d85b77ac4b1694d8b613a22aa71b,1
4441036745,canonical_job_aa0d9f10da6c4920877c46a4252caa6e,1
4441517662,canonical_job_2326b5c5de54473ca199b889bd857ba5,1
4442813314,canonical_job_4782a253ebf0499fa4181c776ffd0d3a,1
4442823254,canonical_job_76984e429bae4f668144ab9bd3e11666,1
4443290488,canonical_job_495f4dcc44f0423d9926a50904d8a042,1
4446624657,canonical_job_c91c209b3ad14cdc9d6809ec0be403fd,1
4448413666,canonical_job_d8630ba616a641949adc46c302cbe652,1
4450143512,canonical_job_a934f040ffc148a881302e1f109d11eb,1
4451231521,canonical_job_62bd0003b9cf43da95e00270e271557d,1
4452250591,canonical_job_97558fff772f4dbbb96d10b980f51d81,1
4452255466,canonical_job_76426a62641447548b9d3a5a885277ee,1
4452266392,canonical_job_85f548c8e2da44ea8a5c1e56610972ab,1
4452266409,canonical_job_5321e47cae9f4567841cd769d788772e,1
4452270290,canonical_job_f6e80b3f7ac448e4872b460ab812c1a9,1
4452270374,canonical_job_1b4fbffb465946bb8f67ea6c0dca73f0,1
4453867664,canonical_job_b6d2ad964fc2419e820e19962936d50e,1
4453873566,canonical_job_ae4cb01995d741d595db4d3785bac472,1
4454601120,canonical_job_5916c03586de41c68c1eaf256f2b0d02,1
4455827964,canonical_job_f8681efbb052434f86029c0a35406f29,1
4456930164,canonical_job_334f325954754bfb869a46d9d9c49ec0,1
4457235793,canonical_job_867cfda35d404cd68bebfafe88cc5e9d,1
4457265413,canonical_job_5a817efa776f4a969eb977d7e1ef2f61,1
4457764155,canonical_job_c010a992cf874af28f75884d9bfb631b,1
4458007251,canonical_job_78f47963f87d4c80bba8665697b0a1ae,1
4451202228,canonical_job_7d8f0346b9e0464b9c25825a03217239,1
4458080709,canonical_job_009b66b298c84a3a9df6273a04c510d1,1
4407541682,canonical_job_4e337a5ec989460aaf7cc0b03dbd0371,1
4409630461,canonical_job_8694a4009b3b400b8435df98ce2bf534,1
4409639090,canonical_job_a4b55cd9e7af434d9294fbb2f2881dde,1
4411283383,canonical_job_fe10ac2832ff4c9f89129235f2955d85,1
4411287027,canonical_job_924a6f53755e45bdbcde3b528c9a6f8d,1
4412982833,canonical_job_fd1d29ba4e6048488c64721da4fd268e,1
4420637551,canonical_job_44e372bc38a849bea3aab4a9b2298b73,1
4437487410,canonical_job_8686278ab0864d04a2e3f2d85db8a05c,1
4442186660,canonical_job_e5b66384e7b745328737d42db38c9624,1
4445271080,canonical_job_340c859c9e854df5838d6e126bd44940,1
4457537104,canonical_job_5ee403213bb644cca2c8a4e910d3302c,1
4447374701,canonical_job_a71ad4aae80342fea6271f62ab47fb91,1
4449553021,canonical_job_a4a6caefc2f34a5fb3394b68789d10bd,1
4450117382,canonical_job_a31fe9df52c946aea8f6746878a43ac7,1
4450123658,canonical_job_ae00c84c9edc40b8b94fac50737e6c05,1
4452997521,canonical_job_553453e6fc7b481aab32ca08973ab081,1
4453859728,canonical_job_5c94efa61015498c97de754ff0efbab8,1
4455877442,canonical_job_65066b5d26d74225939204518b3edfe0,1
4455888276,canonical_job_6891104d69284e7392efb8e496f9344f,1
4455888373,canonical_job_ef0ee91954574e01bf9c1d379f4aa64f,1
4458067181,canonical_job_476f7700543c4b21b435a3705a9c5cda,1
4449336715,canonical_job_3d90c4dfe4574a7084c090a7cde75b28,1
4449340735,canonical_job_98228376d503405194c86ce52f00e9e5,1
4449931664,canonical_job_13bec11f748648b3b9877ed890054c35,1
4450333237,canonical_job_ea029860d1ee481c88df5326bda1ffd4,1
4453013308,canonical_job_30c43e9a4da842868261c879f7af0de0,1
4453077478,canonical_job_bffd51cf703a4c028d83b539bc97f6d9,1
4454248643,canonical_job_cc2e114ed86047a58fa714a1ec627583,1
4455553816,canonical_job_ccab11fed4a348da95150c5e83d80b9e,1
4457071369,canonical_job_6dcf16b469f1465bbaf67f7e9ffde43b,1
4459755048,canonical_job_ca921f39784f4fdbb383e417a1edd999,1
4460853369,canonical_job_bf2ef0c5e84143c78643878ffc8f01a9,1
4428832246,canonical_job_b8631bb8ca3347b9965715ca2b309592,1
4432034298,canonical_job_3c9b902daf9742a4a95e09a0dbc4775d,1
4432035307,canonical_job_5678b750d19145d78d4419184c036cff,1
4432037278,canonical_job_93a141b25e1d4ef798d56e99603ecc28,1
4437114757,canonical_job_ad069eb71cbf44e8bbbc56ae5d6c9abb,1
4437117663,canonical_job_9dc5285c97e24563bfd236ca48c71f2c,1
4437120512,canonical_job_da69002b7e724a3c94663b14d7331f0d,1
4437127312,canonical_job_d59b54f276c641ddb96130095dd23c1d,1
4437129210,canonical_job_1d905a891e7a4ac4b4927a83b7d8bec0,1
4440004950,canonical_job_18fee533172c43c0a3e851153ec97473,1
4440021326,canonical_job_1db58e736f814706828659d294b8c7cd,1
4440027040,canonical_job_e2257d0cd3494952ab3205326ec00ef4,1
4440341837,canonical_job_36cdde9eaa814a538f199b640349fb5b,1
4443366016,canonical_job_d99446de71f04eda9f6a73625fc8cd58,1
4445925896,canonical_job_4e94b9be09184f428cd1f11162b4eb4f,1
4445930735,canonical_job_d398560a9b534bf48414c6d17cabe8c1,1
4449085938,canonical_job_422f37d3561247d78a74509572223f7b,1
4449098646,canonical_job_5339e40f115348c0895e51d59bf04ae2,1
4449404126,canonical_job_19da3fcc783544ccb5b68c24b2b4b76e,1
4449405114,canonical_job_b7b56d8e714449b28486c0a260190020,1
4449406084,canonical_job_be1c4823db624ee28269ce83894a9451,1
4449601075,canonical_job_e2be3858ca8a4161a2090401170cb092,1
4451511859,canonical_job_d4c8632c29f44487ad0412b83c6ba0f5,1
4451515807,canonical_job_2b0a8e49bd09460e8f3a39d41dfdac57,1
4451524334,canonical_job_6c47bda620014f00a97e3534114debff,1
4455272749,canonical_job_2c7e6cbb3c844ebf9155f334080ead5c,1
4455275655,canonical_job_4754b7fe3f13439f9c8e62c5ce5047cf,1
4455540095,canonical_job_45a58b8c672e411b9895486f77157b92,1
4455719675,canonical_job_5765db49751d44fbb890ef2442dc2c24,1
4458190427,canonical_job_8652397059224995a3e5caf3078aa462,1
4458193455,canonical_job_efd3b72c7f30474a88299edc622cc59f,1
4411932140,canonical_job_3ae19556eaa44c3fa92147face511bf7,1
4450026702,canonical_job_b8712e43961b4924a5b974d12b39ec42,1
4433019857,canonical_job_1627ea7dd5ab4ca99b876459c36e758e,1
4449751856,canonical_job_69eb077d6a6b4bf5b712337d7f02a2a2,1
4459767277,canonical_job_efc55d85272e460a8695b68acbdd6a02,1
4459768281,canonical_job_a6b23781237c4a198f26f5750d350a66,1
4450886447,canonical_job_c1fa16bbd8d3475283be6f7841c70f1e,1
4453421833,canonical_job_ae7f0953bda2489f8e21426f188000a6,1
4370236745,canonical_job_6ad7af2a276049329f2756b69c96b353,1
4370248168,canonical_job_431d5176ae9145efb8f09f01a2ce3b08,1
4415493915,canonical_job_b07d2e0685674924973ca0c9baad0806,1
4415602561,canonical_job_96499edf9a4e4b7a95ce9b9de220c9b5,1
4415608532,canonical_job_bf5269dcbe5f49aba2e19f32c385b1fa,1
4425803219,canonical_job_9e308563612142d6a60adb859ec1025c,1
4425804148,canonical_job_713f15aa86a3469e83bb2a739eaa2596,1
4425805155,canonical_job_68811f9f3add4e2dba91d2a536f8e63a,1
4425806189,canonical_job_e28308a3b76743a3bdc35bd6868f4056,1
4425815112,canonical_job_427a62352db7485594c3156596e6dfc2,1
4425816151,canonical_job_11066d2bc09d4181aa2c20f846248872,1
4425818117,canonical_job_f5f42e9c16644192bcd8866a15156608,1
4425819137,canonical_job_e175556d9efa4c8faa636b1a4d2abcfa,1
4425824028,canonical_job_2247156586ca4b558a9a0183965accdc,1
4443815352,canonical_job_629559eb7bc34205a063bbed348c8271,1
4446047448,canonical_job_bb5ecf371e9b4a21adeee43c77fb7c06,1
4446058610,canonical_job_2daef7db48394b39ac07838ae885afc9,1
4446741487,canonical_job_0434e3b8916d4859b18f0f44024ca23e,1
4446828608,canonical_job_0f6839bb25f24f33b64ce3c423894e3e,1
4447684789,canonical_job_95b67c2e4fff4f09a2d5cdc1703ddf79,1
4447687898,canonical_job_a7db95c2dba744aca7fa4d9da0393758,1
4447693702,canonical_job_c1cf110867644664b130604d853f016c,1
4447694617,canonical_job_7365df0e3e4446db8800a0a39fbca6fb,1
4447696593,canonical_job_ec19af5a3d674e2fb8aec9979060a69d,1
4447699405,canonical_job_58afe0b41acd4deabd60c201d7195d21,1
4447902111,canonical_job_0cd90af2e1f14860b53f14eb9a446836,1
4447902199,canonical_job_870c24da26434c6eb93d28ac159fa33d,1
4447905313,canonical_job_9bf3a4cf400f4e65a596454e6ed391f9,1
4447915120,canonical_job_cbe9e69fa84b402bb60e9fca67054a75,1
4447969353,canonical_job_547862fe90ba45f581864cecfc68c0bd,1
4448445477,canonical_job_b98edb68adcb4c9dbb9270c5702d6ca3,1
4450321167,canonical_job_85a0ff88ab734775b5f74c3d79d51099,1
4450339585,canonical_job_0f468cdf68c94d7a9dc739e7aedf2fbc,1
4451117807,canonical_job_856e4c12e87448b79859a67fd8e19a99,1
4451189724,canonical_job_61c30cb048944d39958eeefa1e863904,1
4451636500,canonical_job_ec0dacb6ce034827834331b8f3ea844b,1
4452393546,canonical_job_27f5b91129be4651900d3eb88718f2a3,1
4452969744,canonical_job_05a032428c634dd2a0e1a2339e86ee53,1
4454235374,canonical_job_32d5cfcc3ef545bb9851a0d87dc88b4f,1
4454252200,canonical_job_fcbcf51134ed41b6ab6ad95ac10e9844,1
4454258193,canonical_job_0c1ce92405554f41ac82e485e91a50a5,1
4454260870,canonical_job_18609673533f49c2a78f8f0597c59cb8,1
4454492130,canonical_job_f5847a75d92a4952a9b647ca2553377f,1
4454497080,canonical_job_0ec467c9f4d54e28b004ae801bc6ee63,1
4454995910,canonical_job_22c19707da7e4ee39ec92ef2eb328c0e,1
4455600881,canonical_job_63fb44be97a34ad4ae6b33a66dab2d6f,1
4455616658,canonical_job_cf40f207ec994fae9d8457a94341f8e9,1
4456811200,canonical_job_c9b74dc4927741ec9bce18c5100e529a,1
4456820143,canonical_job_b7874504579b444993f25507f60db7e0,1
4456821167,canonical_job_a931a6b29235475ba8108a429d5e7ce6,1
4456824104,canonical_job_a5ce8d9953074b939dd168366758f8e8,1
4456995376,canonical_job_7b97f06a54654274978c854bfbca69b8,1
4456997290,canonical_job_aebacb2e24b74ba09637bf9915c90e2c,1
4457102387,canonical_job_084b1c14419c4793b4260e1c67e4078e,1
4457203207,canonical_job_bdecb53ff6364cbc92fdab794e044f17,1
4457206174,canonical_job_550005e4c84f4c329645d0f4b28d41ff,1
4457464613,canonical_job_1c8ce6d4bbcb45a48beda9bba4e8c332,1
4457471421,canonical_job_4e6ba7298e084cf3bc5216b01181d80c,1
4457948185,canonical_job_8940b1a0f9924a42bbdb5a61e3bec899,1
4457958202,canonical_job_0609ccc7ab774329a6a71189c6d8330a,1
4458364989,canonical_job_e1db7255e4ff401e98ba901b892b5209,1
4458387252,canonical_job_6e56648db6944bd298779e7eb14a5d47,1
4458966516,canonical_job_ee1b66dabac2440e9447e85230378cb3,1
4454878699,canonical_job_f1909218c0d3449c8f70498b083f0872,1
4456975629,canonical_job_d0e607909e984c1483d2475b0a3cccd7,1
4456993327,canonical_job_ed53417e51914746b21702d1df30ed89,1
4421942353,canonical_job_4829f9d3f2764b93a7a1574027257acd,1
4437285038,canonical_job_1fea6024365745358e009a0bb9d90f53,1
4451535155,canonical_job_4364b327a0b14c9ebdce625d171c1aa6,1
4417240689,canonical_job_0171cf3d9acc48f587bfa033a065b850,1
4417243882,canonical_job_5e10177e970a46e89b50cabb08c9c4e8,1
4417631801,canonical_job_82508b7a7cc04779beb0ed4e1a0dde05,1
4417631875,canonical_job_7f11582d8d1444c9ae2032b52f8a2f1a,1
4417907933,canonical_job_d14cfb8f1fa34c6b84cc62df739328e4,1
4417907936,canonical_job_d979c46016c74276beb4eeb69ca9ae3e,1
4417909669,canonical_job_a6f59afa71a34f3a9c24cbb7714b7afb,1
4417925349,canonical_job_a86331c11af14b71b122185901cd0f2a,1
4417927267,canonical_job_917d6f744a1849318767249972148582,1
4417930138,canonical_job_780926667a43488cbc735f7851b1f7cd,1
4417931078,canonical_job_e9de6cb0c28348f8bd8354c957f75637,1
4419275730,canonical_job_78f6d0fb5c6d41e9833909b40f70d87f,1
4419278037,canonical_job_230e103b9ff6419392379b28fe29298e,1
4419293652,canonical_job_71fa11218a9c4535b4b5ba0adeace93d,1
4419298651,canonical_job_31264ce4f9994684a155e44b943edc28,1
4419670874,canonical_job_e5ac560ec78448f0ba4a7fde59f0957c,1
4419678051,canonical_job_bcdbcb5758ce43818c61b3031d4495d8,1
4419680057,canonical_job_d7c6db96b37540d6976254a81666bea0,1
4419686194,canonical_job_eb2873ae73fc487ba00da0e3a6b453e5,1
4419686730,canonical_job_e9e9b7b3c623426a9dc25e7b6645ded0,1
4419692134,canonical_job_2da849ae2d8b462a85472fc19bf360db,1
4419692135,canonical_job_fa21a039fcc24f43be4cf0ccbb34268d,1
4420113312,canonical_job_7f83c316118e486b85d2786df211cb41,1
4420711056,canonical_job_935e9f0bb273415da07563f04499629e,1
4420712797,canonical_job_a0b96a3b53254b57a5e5c8f6299017e2,1
4420719698,canonical_job_cd0d94da229e413a81476b9516f86f76,1
4421104657,canonical_job_6081503011f443a282331d4d7ee71e54,1
4421107171,canonical_job_32acd4602db94a61a30af01aec6fe882,1
4421553391,canonical_job_cdb9d2849c8443148686cbc00318e0b4,1
4421582898,canonical_job_04b493808c004f4a94f3a352c0d68303,1
4422248934,canonical_job_bb2f92a7c6a04af2bf55f5ad9d211d68,1
4422257690,canonical_job_6805988689b44fbfb6a3806ba5252d8f,1
4422262145,canonical_job_4664cea39bd54506ad818e92e5168c9a,1
4422264989,canonical_job_7bc85668f17a4523b4bf611d08637769,1
4422267745,canonical_job_671497148b21409c9611a0c8c573a83a,1
4422269636,canonical_job_71ea956bc1ab4c90a916552a5d901708,1
4422270251,canonical_job_60c3fbb5118f48f09d759c072d4acab3,1
4422278093,canonical_job_409eeb94cc804ba9b3be970694075881,1
4422281000,canonical_job_656ae7071a8f490a99eb92b41c8ad23e,1
4422290855,canonical_job_254a2b057ba4451a82f0f4ea1a4e9d07,1
4422700685,canonical_job_63f85d9942bc4c5ebb987f5768284ad6,1
4422705582,canonical_job_2cfab8e44f404587ab559d60776389a8,1
4422794580,canonical_job_8a4a968473e24b01a313334b0b2b95f0,1
4423106220,canonical_job_84f02384d62549b3a67a861291b185f0,1
4423616811,canonical_job_50b451e606f246909e900814c4c28ca7,1
4423617662,canonical_job_4429e09fc9734668804c22735822d300,1
4423629445,canonical_job_0733898c92574fbd95215eabc367e17e,1
4423634319,canonical_job_2cc76a74ab0b48be84194f9d6b8b4620,1
4423637119,canonical_job_732ba0b45c0b4898875f4bc328b02aed,1
4423650899,canonical_job_a39c31b8a6994ceb8c547dd051c987a1,1
4424840672,canonical_job_7e2bb193b5e146bb8ed7e645df2b6ec6,1
4424842679,canonical_job_5ee1c32c8ec14dbf83f919bfc431e626,1
4424844686,canonical_job_59d9c50f84464b31bcfa9f054b07a15b,1
4424846730,canonical_job_31ea20783acb419f89ca99e6528c88eb,1
4424847729,canonical_job_40e9af3f87764505867ed1dc29e9f07e,1
4424851720,canonical_job_fdf011c22c8b4a189771ab0050b6efdb,1
4424861575,canonical_job_e26ac82ac6e24cc4988b4b5744cdc0ea,1
4424863168,canonical_job_8b889839b6ef404e881f982b666f529c,1
4424868901,canonical_job_b23c6f5479b44085870a83886732d8c5,1
4424874790,canonical_job_fec92a44941949669a1d2cfc4765c5b4,1
4424891215,canonical_job_c6302c3563f74583a73bbf0bf540c0c6,1
4425772353,canonical_job_89c452b61c5b412babd9fc7b4b5576d0,1
4425791651,canonical_job_5ae2b624d46146ab834122d21f310661,1
4426790259,canonical_job_3bdae3298e054a2ab37f0502d8545040,1
4427348561,canonical_job_d3723eceac274107b01585caff52d11e,1
4427350518,canonical_job_73f36c760fb94494874cfdbec140abe7,1
4427355472,canonical_job_7c46a73579404690b25cbc64f3952782,1
4427357535,canonical_job_9740b84c0c6a4f58ac7ff6357ae08f6e,1
4427359468,canonical_job_024db8f699eb44c9aa7c1fef8e28c4ed,1
4427360484,canonical_job_99bb18efbea145b09dc68df92a5359af,1
4427363486,canonical_job_c553468b3c304c7fb5bc65b56eb0cbe0,1
4427381008,canonical_job_918015e4dcd947878cf8dfa8e0e4266b,1
4428585408,canonical_job_d26ed39fa4784e52bc0e1af6eee462f8,1
4428952471,canonical_job_96c3fc03753c43edaa861b5b26b310cf,1
4429859203,canonical_job_09b71fac55f44a6eb008abb617b488e8,1
4429862207,canonical_job_054a524f4fd14c8eaa0d6663b9df89f8,1
4429898634,canonical_job_4a86421f887a40f49822d50a3425f85b,1
4430231524,canonical_job_93df8f3149364fb783e440b4ad93408b,1
4430288823,canonical_job_5fe17a4a3d9e45bb87d20b5da29b7818,1
4430691495,canonical_job_bc7c18f135664584a8a75ed11dea5333,1
4431501759,canonical_job_3c4eb98f0ea64df1891f7e2816df388e,1
4432335650,canonical_job_28cffc2d5e42464eac85d7b011879428,1
4432339582,canonical_job_b1deeaba9ec9458490ccfe0663867f51,1
4432395271,canonical_job_a33ecae6fef54755bded94bc40a3ad1b,1
4432397205,canonical_job_9af1eb99a8f940809b2ead37bfe1950d,1
4433168101,canonical_job_6323c3ce1b9c479382a21c61a1df91a3,1
4433171088,canonical_job_5786303e3e22488e8d06df807045d4ea,1
4433184190,canonical_job_95cc7a09519b4bdf8a2be32680c0092c,1
4433198077,canonical_job_df06397d646141f0bbba8b5aef8307c9,1
4433588659,canonical_job_ec360a2bf19d425ab0204bfab92e42ea,1
4433817114,canonical_job_5062efb42a8a4b0fbc7858914c73860a,1
4434503500,canonical_job_ed0407b0fb904cf1ae1da23b8d6d4c6f,1
4434515186,canonical_job_93e15c44f030454fabd4610779290c2c,1
4434542880,canonical_job_b73586e2c4e84501a84cdb9cc48472e0,1
4434822964,canonical_job_f395541e62184f99af75396c763ae830,1
4434838460,canonical_job_81072b617a704f56be88044917f41703,1
4435689867,canonical_job_ce934728168f47f5946aea9f063c5f4d,1
4435689869,canonical_job_f9fb432acd224a938acd708ebfe59882,1
4435691722,canonical_job_dbb0cb1861794997a1fd40fdeb366367,1
4435692670,canonical_job_c87bf5cce9c74f5cb879afe9075ed20b,1
4435693551,canonical_job_893f899cb3bc43e1a02928e7ffbaecdb,1
4435693553,canonical_job_f9ce1beb2d8c4c578efefd96869b47d2,1
4435693605,canonical_job_26f0a4ffb8e24f77846079783de5eb74,1
4435694437,canonical_job_9b108b7447e9470fbf4ccded47f4dee6,1
4435694488,canonical_job_4530ac7e348f480988345e944c48d0b9,1
4435695438,canonical_job_264f61ad64104f1da64bfe826171617b,1
4435695439,canonical_job_9a028c45fecc43bcb37becc9c6b0ec91,1
4435696419,canonical_job_4b8a59cadaa3422ca4d2e01f0afe1e12,1
4435696422,canonical_job_78a57411bff34cef933b23528316a576,1
4435696423,canonical_job_4b01212e4ec34a21859305d87241dde6,1
4435696425,canonical_job_cf1a8b4fb3d247cfb345cee5848d601b,1
4435697322,canonical_job_b2ef31146e51496aacf3f8ab87703054,1
4435698367,canonical_job_34d10e55383d4b7f88517eacc6db5b37,1
4435900361,canonical_job_42764b1a9ca24302a6040c12408ed0ce,1
4435900364,canonical_job_c4a459fad37d41778e882f05afb4806d,1
4435901295,canonical_job_1c14335456494101b79ceecb0e953dc0,1
4435901338,canonical_job_11d6cb4b253e449e8b0d070acef82c5c,1
4435901339,canonical_job_5da6dcbd1ec045c1bb6efa189c237f5f,1
4435903216,canonical_job_17748177221b4a55a24e162707a89eb4,1
4435903281,canonical_job_ef2c746dffbc421bbca38a1f8eadfded,1
4435903283,canonical_job_4e9048af56964b9a920dcd0a70977d33,1
4435903284,canonical_job_fb3ddc044bea4750961a853fe6d9170f,1
4435903285,canonical_job_f69c43341eab4452a9eb04eedb343b50,1
4435904182,canonical_job_2c34a1196aa04d53a413e8fda842b6e4,1
4435904217,canonical_job_7b88c470d9104d57b2bfa9cb456f57e6,1
4435904225,canonical_job_a6f70c5b81c34b3ca9710009a25c8fa4,1
4435905223,canonical_job_a54b482b24d44f82b31871420318b713,1
4435905231,canonical_job_51442bcbcc2f4073b7460e2acfd068bc,1
4435905234,canonical_job_5702e0155a364e0eb62160039cdda285,1
4435906186,canonical_job_3d6913f5d2e84ee88d2c03a0edc3025e,1
4435907168,canonical_job_0f7c6dcd32a2423abdfb0b5c849c7def,1
4435907199,canonical_job_3a2000ba80f346ec96f6534dc16af94b,1
4435909160,canonical_job_cb896fe455a04733855dc8ce243e9cde,1
4435909206,canonical_job_30ff86826e90411088f901ca2e183c73,1
4435909207,canonical_job_fa2e9e87bfdf4f84ae32a76312fa47ff,1
4435910195,canonical_job_6c9296a65d59485b8ce0c72f393263ee,1
4435911141,canonical_job_af9c3c4a41cc4c4d9ac2ae265efb1939,1
4435911143,canonical_job_d76ddf4a1cf54faba54011b062cfc32c,1
4435974177,canonical_job_a8ad408235514ba89be1136097c285a0,1
4435982096,canonical_job_016d0aca9b63407ca9a9fba52d7666bc,1
4437234653,canonical_job_368cff1c8af84031a3d5877795389a22,1
4437250265,canonical_job_6620ee1648f04738bc76d79a7047596b,1
4437251262,canonical_job_22ed487cedab448eae56f24c8095d313,1
4437253199,canonical_job_16bae3b8e70d4eb1821683a2dde2e635,1
4437261067,canonical_job_7b4a072fcea54422b6f646541ffa5e52,1
4438069637,canonical_job_ef25f6c698e043108fa139e9b04bd255,1
4438074151,canonical_job_9501745af2014d17962a28c067853489,1
4438080007,canonical_job_b80724d76e41488a86deab158c4951f3,1
4438475629,canonical_job_e512435357344d428da3356f06ac8252,1
4438478427,canonical_job_bc84927ec08845eaa9505a8216d48633,1
4438489116,canonical_job_c98cb65e7abe4967990dd35b3a55b81b,1
4438490160,canonical_job_1a79475b8e234c2d909899614e5c9d54,1
4438713537,canonical_job_957c9d5ec0374a2caacafdee61dfd70d,1
4440147961,canonical_job_074c8fd0afa749ff836ae0cb44f3088d,1
4440440385,canonical_job_0bd9b08d74d543ea9918ce2ba156973f,1
4440464918,canonical_job_57b2882187234a90ac040aef9ad73330,1
4440484066,canonical_job_9d60c40558f646be9b72756d07846094,1
4441511598,canonical_job_b34bc395976b451b9cad7cee4febf5f4,1
4441513190,canonical_job_ad009f9fc9e349f793f77943a4862285,1
4441519388,canonical_job_100df32c66eb44b39c970b0895d0d12f,1
4441538194,canonical_job_bbf1b93bca5f44f5a11dfb39f7b9847b,1
4441580797,canonical_job_8bb7d258684c4d348026a283dd301349,1
4441811036,canonical_job_4b4b8848bb084862a5911d59fa8077e5,1
4442835812,canonical_job_ea15d909b15f4c98b02cef7ab7c6c669,1
4443669945,canonical_job_d01b403a10ea4e65a67a2ccb950b74a7,1
4445099021,canonical_job_41a9e5b88aa84270b9f4a087c743850d,1
4445889328,canonical_job_d2bf40b39a9d4ac794bb07c97fc9fcb0,1
4446225057,canonical_job_33239bb198d941b4929e2bc8e2f6d30f,1
4448029132,canonical_job_709a9efeb3e644fd915fafd028bec9b2,1
4448096380,canonical_job_d54a56ad7844438ba1aead9c558c6aa7,1
4450453765,canonical_job_0af72ccfa94b40e0ae31a16b71417573,1
4452246160,canonical_job_eefbeb7e5d7443d5b86d58717b9b17b0,1
4452578607,canonical_job_050e5330981b4496ae04c9c0bed56e5b,1
4452583994,canonical_job_d55b288cf54749619725466b6cdaacb5,1
4452584493,canonical_job_bd68cfff5fad4f4ca1e9f582561948ba,1
4452809018,canonical_job_dcca8b360d8e4a649fee0acfec82c3b5,1
4452815448,canonical_job_7d6e7b80b03e4b36bfaf5f76f6aa50e8,1
4453431623,canonical_job_07d1066e4fdc4a8696392ca464d9de12,1
4453458137,canonical_job_e42776af3a474bd284fb405be9117a7a,1
4453863643,canonical_job_7bd50ba36d0c4264b2b6726be5312ccc,1
4454104224,canonical_job_3237c63fc2314306bd57cd95a156b387,1
4454630089,canonical_job_28d5321ef06e438cb527b7f67bb99b22,1
4457245045,canonical_job_99a0a5381ec0447a8bf101d567b8e2b8,1
4457248146,canonical_job_0d37303bbf8644dc9b5e53ea41cc5be1,1
4457256062,canonical_job_34d3cb4dac31451faca225752623bdac,1
4457258065,canonical_job_deda1955595b4b668c463c3578292b77,1
4458875270,canonical_job_7f94c31f38d04d548436640a05329566,1
4438024864,canonical_job_d7cb69928a964a40a49713f30cb11a68,1
4438036513,canonical_job_3b79a834d5504e26879f2574692654b6,1
4445814521,canonical_job_19dbcaf7c4a1491b904712249c33705a,1
4445817463,canonical_job_d1e6582bec654578b7ad69c0efdc5844,1
4445821420,canonical_job_12f65b4b1930490b9101f563d16c38c9,1
4445828284,canonical_job_e4f92b9b0261426bba71873acd69f1c5,1
4450852352,canonical_job_1cc3dd759ed8446dae3fc513b0789a43,1
4450854320,canonical_job_1204cfb814cd4132b1c1cff179cea033,1
4454157499,canonical_job_69b9bf99cb304f3193054fa9008c694b,1
4454682762,canonical_job_49d9ee8bed6c46418a6f2eb5180f165c,1
4454683800,canonical_job_115b7d0346fd4499bee1f36dda31aa4f,1
4454683822,canonical_job_3601b8735e0f4b5ea8eacdcbc494a5df,1
4454684765,canonical_job_48a236093aac4ddcb544e0ea36822014,1
4454691677,canonical_job_0c4daccfedfb41e09e468731756534b0,1
4454692736,canonical_job_01315059f4024c8fa2b5a16c662e83ce,1
4454692745,canonical_job_39e544d18f264d458eba2e89ca2d6fde,1
4454694654,canonical_job_9ffb2785e9764f53810258b64f326227,1
4457242420,canonical_job_64c4812cdc994536a34dd65484819dab,1
4458191585,canonical_job_30ebe06f4c10440190646d2c3fccf8b8,1
4293867303,canonical_job_4e8bb420c1cd4427a4d225171675e0e8,1
4293867314,canonical_job_061da012de5f4e8081efae024cc15af1,1
4407423074,canonical_job_ef5f74802b064e068aaf3d47f585cc20,1
4413567145,canonical_job_ed34f2d1c00f4174996a48fecbb204f3,1
4442062575,canonical_job_e119fe2e79de4292ac4df9f33a8bc0da,1
4443855925,canonical_job_927ac270fb084c1d95871e0f0df00b67,1
4445266148,canonical_job_18cbbfc07b624e1aa2786f36e2dc5929,1
4446512292,canonical_job_1474645a799a4ece9b9b1b8e0dce3da4,1
4433307962,canonical_job_b42803342e764edb81b77ba8ddfd22bb,1
4433307964,canonical_job_e16719f3196d410d93d989b2460e512a,1
4433308981,canonical_job_beeaf1b54a894e758e3fb1a3ef6f403c,1
4433310891,canonical_job_7392ddca4f5042e68655e3da5ca7c4b2,1
4433310894,canonical_job_fcfad42b4d8a49cd830ef8e586fdf781,1
4433310902,canonical_job_14e54b8009734daba6a8eb2516ffb6e1,1
4433310905,canonical_job_721266cf047e42ff8ff2ac7f36859721,1
4433314912,canonical_job_bda97dfbf0c24127bcb1efb8194dd860,1
4433314923,canonical_job_47b48f2c72fc43068f1c0a7b5198ec0f,1
4433315879,canonical_job_6fd30180d0004ed6913c19cf0efb3316,1
4433315884,canonical_job_7a20349eea914588918a7459d2ace6df,1
4433315894,canonical_job_db83dd4dce274e78978c3edcd8b8f21a,1
4433316838,canonical_job_574c342d7b094e4ca73d33cefafec8d3,1
4433318777,canonical_job_0df899b22f2a4f02a8eb419b827a62ad,1
4433318789,canonical_job_2ea7121b4711468baef72a2a2c8125c8,1
4433319774,canonical_job_5cc46f93018a4efb93f070a7cc675615,1
4433320672,canonical_job_da556dc75d6c4355bdf35ea77a0fa89e,1
4433320674,canonical_job_9794a83708f145b680202cacc9dfb02f,1
4433320679,canonical_job_3e9bc1ae8b224d7eacd28865134f2b35,1
4433321646,canonical_job_e6eee171137c4b73a6e80d71aff83067,1
4433321665,canonical_job_11c592a86f524cef9d1f982425c0be36,1
4433322661,canonical_job_bda19921c8ef496ebb3bdb5ef0382d83,1
4433322668,canonical_job_5f3f0eb4a64941698cf4c621872c4ae9,1
4433322673,canonical_job_9d364e686c864e90b90aa7ffd307aacf,1
4433324626,canonical_job_5dcaec8900274a48a2c12ca57daed181,1
4433324638,canonical_job_293c692e7f844f7aae4488636ea4f4c1,1
4433324640,canonical_job_68b1d2704dec4294ae02ab87b885d10d,1
4433325608,canonical_job_3fa5091f0fd5465c9400fd5503bbe06d,1
4433327533,canonical_job_3ff3043fc0ea4172bac5c54ab9c7b81c,1
4433327540,canonical_job_07a8ecc470ba4fa5a66f32000bfb16bf,1
4433327547,canonical_job_5b19b70c849d49529a780880303573b9,1
4433328475,canonical_job_6cd534478e1f4ffb83d6f112c6c697ee,1
4433328479,canonical_job_ff364523505b46bbbeecce7e6b6d3e8a,1
4433328480,canonical_job_5473c7d3c1bc46ae9af314dc605db77a,1
4433329467,canonical_job_90d743781acc4d36901d4ffd15274753,1
4433329475,canonical_job_5af8d023f01a44708266777832fca985,1
4433329476,canonical_job_8e3c7857fd054411b225b7995d768311,1
4433330014,canonical_job_62299839ea9b4315b618263ada76e2dc,1
4438878143,canonical_job_473e08f81a194de9bd1165932c91567d,1
4443501511,canonical_job_4487e518633f41ada06402fdd2f8aca4,1
4444991334,canonical_job_49c0310323a549adabd6f2d9e74e7af9,1
4444997120,canonical_job_40cf4ac3ea8a4c7bab42198b151e3862,1
4452481328,canonical_job_4f88344100994d79a2e64a4b40d27709,1
4457338906,canonical_job_303c05d49bb24c5194182213311900d3,1
4459199955,canonical_job_b1a146a182b241adb384e89dc56ad987,1
4460342883,canonical_job_0c897d80a42a48828f8971d3e60a3619,1
4460349850,canonical_job_b256b93b2e374ce4afabcbf4fe0b2d45,1
4453867685,canonical_job_ddd8f61bfac6479e93c1145febbb9d13,1
4457223215,canonical_job_6b50d3ac9d0841dcb658f4875d0ebb52,1
4378378096,canonical_job_22de9ac252e44fa9be55ca59f85aa7b3,1
4410702520,canonical_job_5452f770cf244aa991daf1376563e02a,1
4417650508,canonical_job_55e68af8fe664e6ca48a4b41b382e6db,1
4420282586,canonical_job_39fd8ee304474a7996ce78aac5ab358d,1
4420291404,canonical_job_4dd2ef0c120b4382824828eb24dddcc3,1
4434458271,canonical_job_8bccae574fb54340bc012f0976e991cb,1
4438670005,canonical_job_072de3b832ce4747a8394ccafcaddab2,1
4440055088,canonical_job_f29971c3227a40a1980cea0220ef308b,1
4441944843,canonical_job_2956fa634175427992a5632c7bad9b6e,1
4442113242,canonical_job_c9e6588e50e342e19b3c3aa6adc84f32,1
4460302697,canonical_job_33f9d09836d54b9494f36e7f1b9230f9,1
4461069220,canonical_job_881ec63135d449cbaab6507eb1ae6909,1
4395312344,canonical_job_86cf8b84ff8e4369b00649337c1f19d0,1
4416675077,canonical_job_8afb7205778f4a6b9ddca0dfbb304949,1
4416923892,canonical_job_9f3ec12c1882448ea2d6d5a006316042,1
4417788455,canonical_job_836314497c2c431d88738ef906acb852,1
4419407777,canonical_job_83c3481503a844af8da8eeb0dd394675,1
4419945252,canonical_job_e621fac664ee482d83c30e3ed0f6edfc,1
4422937823,canonical_job_f57ba6bb692b48c8b9538d32f05764a6,1
4425617314,canonical_job_9459fb7151a64c328db702d20e1944fd,1
4426320600,canonical_job_3b920ff98376403d8ab8ca2473affe15,1
4427082134,canonical_job_6ffd47fc54674d318ce7d7e08d575426,1
4427610492,canonical_job_783afcd7a1a8450fb5723a6edbb1b267,1
4428840816,canonical_job_e191453c5dca452297d6c3e0582e4217,1
4430964542,canonical_job_ffdfd62d9416411ca815c4b082ce556d,1
4431129384,canonical_job_d791bbe28bf1440184f8c9442c18ce47,1
4432423355,canonical_job_304dda333e5f4787ad89af5da11a633c,1
4434493015,canonical_job_e080781bc95f422991c59f6e4a8c3cfc,1
4434743600,canonical_job_a6f2760cc31e47c7bad3049ba7848e2e,1
4435805278,canonical_job_3b8dd275178a40be8800d94b733c3dc5,1
4436769817,canonical_job_f3b1a4b4d61a40ea819530676fc6cf5d,1
4436788226,canonical_job_fdc91238250a4ca28d3a2cc6490bd4d0,1
4438284691,canonical_job_74c59a06f33248d39ffac5b8f9bb3125,1
4439086022,canonical_job_2814b3e42ef94fbaac1610e72491bbcb,1
4440099259,canonical_job_33aca7626bc1413d845589a3454aa143,1
4441473921,canonical_job_0f924c7f8a4a4dcfadec88806b44b3a5,1
4441629966,canonical_job_1c3c025ad8dd4a62915c227bb8c471c0,1
4441651117,canonical_job_224754e6e3c241d9a3439f88c3b51521,1
4442787222,canonical_job_64e61efd114b4fa2a5a25d19646943eb,1
4443535639,canonical_job_dd76b731296d4df9a369638ee473fcf8,1
4444704695,canonical_job_50d4c08b15b64f7aa78ebe74c71251c8,1
4445221475,canonical_job_4f6cc36d7c104a0781488e363a04d2ad,1
4445894775,canonical_job_1abe5bf0fe3b4dcdbbe0ff84ff027f1b,1
4445897721,canonical_job_879632bc811f4eec8806b902c56beecd,1
4446356791,canonical_job_fcd3175ba4ed4036b843dbed7fc925f4,1
4446365561,canonical_job_7859eb5c5d79448bb81e671e23a8a3a4,1
4446583849,canonical_job_0caf05ff44d14fc7950a2ac90703b7a9,1
4446606287,canonical_job_516b8afa78fb4554814695bf381446f5,1
4447373777,canonical_job_fe9cfd7120a349829bd566f0618c0db1,1
4447376560,canonical_job_348d8bef5d4849a7b9a5e4d1a0e227a1,1
4447382551,canonical_job_e8cecf26e1aa493cba1d5082351429ce,1
4447391063,canonical_job_5c307682bc934fe59fc6bef153dfb3d6,1
4447569587,canonical_job_7792b06c6e6f4885b09ac40c90d2a8c6,1
4447717882,canonical_job_83d9737e8af2437e8a5700b798f3b6da,1
4448399500,canonical_job_6f35614548d84643a0c1629fcafb746f,1
4448492019,canonical_job_cfcf790629ad43b3bb3c0be3a5ee0ab3,1
4448607336,canonical_job_4a276be63e2f4ffca9a88b5c50d26d21,1
4448874757,canonical_job_084b8f6f68434b48a7d75a5c9539adcc,1
4449034285,canonical_job_c139c8a8aece4273b2692a22434620ab,1
4449429056,canonical_job_df8b2d84e31b464eac6da182d52aec08,1
4449625338,canonical_job_e452433dbea14f6490d158bf2a019529,1
4449626264,canonical_job_1b342473503a4afd998be0a900692854,1
4449629219,canonical_job_081af48af40440beaff6dac80d0259b1,1
4450480547,canonical_job_dbd8ef5f7ad348879ac47ef85bf47d93,1
4450698465,canonical_job_e0d58c6899934b76ba6eb24fa79ced8a,1
4450703238,canonical_job_cc66128efe8546658d45bb1077961ee8,1
4450785737,canonical_job_659549ee2e794da9b20b1e3cadc5c766,1
4452057962,canonical_job_3a035c162d354f1796caa2ac71c53e5e,1
4452239876,canonical_job_b84b4a843bee44e7b4b35d24183da6d8,1
4452461423,canonical_job_4d3f922dedc84cd8b897fec9451e8f89,1
4453124005,canonical_job_7d2db0431b8540bcb817b737eef2da15,1
4453124014,canonical_job_415a0f3b972a48829c7342c5755805af,1
4454035451,canonical_job_98a253979afe46c1ac69cb5ce0827a7c,1
4454375556,canonical_job_cbb21f37cfd047bcb08baa23f0e9a46d,1
4454532838,canonical_job_981fbeb8f9fb48369bacb6f072f1898a,1
4455296482,canonical_job_2da8b4a262a3444a855125b5cd11989b,1
4455737560,canonical_job_d0c1f44b3e31405ead0c583d23f37b78,1
4455738561,canonical_job_a5ff5474590d4bf1b412135bc24836ce,1
4456302846,canonical_job_8d8c31b0a83f43539a99329f715afbf0,1
4456314014,canonical_job_aff51b37534141d59d17ef3e335ffa16,1
4456579437,canonical_job_b389764eebe443ea9b1fdd5206230ee4,1
4456792243,canonical_job_45f9c607815c41d383b142172700d1a9,1
4459010854,canonical_job_44ae270ebb954780863fc0f1b2e00dbc,1
4459351788,canonical_job_2e6a6e01e69b41eebc566c9014907e72,1
4459813238,canonical_job_fb14b117bc1c496cb57b08b44ba84904,1
4459829041,canonical_job_6f6db2bdfdfc493da797704d577a13ff,1
4459899396,canonical_job_febe6b6aee914a24b77a76ab00326193,1
4460333928,canonical_job_c813b7eab16c40349f6b6d416eb90d63,1
4422380545,canonical_job_fd537d8b23eb4550ac974591961206e0,1
4422382552,canonical_job_be85e4f5c81d46afb7a2b28db9a2ea82,1
4422382558,canonical_job_431d46bca8ce44b4a0629b8fa0f82d1d,1
4422387551,canonical_job_c862b5bdbfb24eddadb3f55c5f06394b,1
4422387567,canonical_job_38bac742c6ed4c87a60469c2f35d444a,1
4422387580,canonical_job_2922f7bd74794560916ec2ac06d54900,1
4422388541,canonical_job_0b67bc32b55848f0a2ce341d386f5372,1
4422389553,canonical_job_15502770a2bd471892b731de9a6f65bc,1
4422390531,canonical_job_53d95446984b451c9635185e65817a4b,1
4422392525,canonical_job_82447c2ce0974e5a817e7b8c3be93a8e,1
4422393539,canonical_job_078a1212c536463d9ece933d2746842c,1
4422395520,canonical_job_14e56bfdf5de498195cf161af75320dd,1
4422395587,canonical_job_51d29047d744479d8385ff02bd162704,1
4422398493,canonical_job_071e1718db9145338b0ff27b9ff1e568,1
4422400509,canonical_job_d30a8b85b712412eb1d5c6b320757113,1
4422400526,canonical_job_1f106df24d1446c19888fca54add03dc,1
4422401537,canonical_job_7edc2c35058e4408880ccad9ad2d7cdc,1
4422402515,canonical_job_748e423eeaff4f46a63d5a9922919d4a,1
4422402526,canonical_job_b2cde8f9e6414b32b67922dde71a5e9b,1
4422966216,canonical_job_b6b1e031b2384728b1963c50747851ce,1
4427970646,canonical_job_5f9ed433f8d94299beade09df022088c,1
4430946975,canonical_job_e21f64160acf45cbb8dda780aafd7427,1
4432071513,canonical_job_c54d1925ea924c69b57b3a88d0a7ea40,1
4433866596,canonical_job_5e1904b143c34d9c93d37adee0e63511,1
4439076902,canonical_job_6d3d0c96eb624bd59aa176da9e9fe92a,1
4439085711,canonical_job_5777177c8b2344f9bfffe87915217dbe,1
4439094189,canonical_job_6fba8f007ea9483da11a2aeab2a207da,1
4445952971,canonical_job_c7bf47d018e548bab7cdb63e45d3e8cc,1
4445971831,canonical_job_2968a700aa004003bdc058082ec95cd7,1
4445974476,canonical_job_29bf320953544d2aba3b8cd89a2b6a69,1
4446896889,canonical_job_bf6210d9999a441fa79613bd417a8a40,1
4446899777,canonical_job_933ba6d47c2844ea9ef06e71e23cb85e,1
4453615636,canonical_job_8eb6494404fd4868ba0700415d51730a,1
4454517974,canonical_job_f786ae81d1f14233ae783a900cb4617f,1
4379704770,canonical_job_670f27173966446b9a3f44ad12a84128,1
4401431569,canonical_job_14b2ba2af1dd4a69a549385ab9d64164,1
4442618895,canonical_job_9637e2039bc448b7a75569596a68613e,1
4439137933,canonical_job_7d36fc2236134d88886befce64a73255,1
4439146764,canonical_job_8e4771e02d954b13ba8ac6ac3c969743,1
4439148616,canonical_job_aa2592061080431086b4ec800cc2545b,1
4439152313,canonical_job_edceccc5c7cd48a0adc562303651dfae,1
4439155156,canonical_job_fc2e7621ff9741b99b83a774f6ee4010,1
4459750807,canonical_job_f5f9a778e29b4df28eb44f2cfaaf737c,1
4228157701,canonical_job_693fd682c4c74a6c8d8c22f6383329ba,1
4228159400,canonical_job_9221fefbc7ed41609bc7d0ddf1a27c82,1
4228162230,canonical_job_37f8ff25a0d7495c9718c85c67a9503e,1
4239742531,canonical_job_17e8746a022f43c69bc90c27563fd9c5,1
4354162197,canonical_job_c9c2735148124c6884bcb23bae3bfe29,1
4446697958,canonical_job_7e77d038df604794946c325e15587420,1
4453874891,canonical_job_e5801693c77545adbeb74087346e1c73,1
4457447695,canonical_job_fac4bc5d571044ec9445ae0f10f722a0,1
4434849921,canonical_job_45ce42eabd01433e87ef8cc11f252f3c,1
4452250027,canonical_job_4397a2a8a9ae4743ad0ea8b24f4458ad,1
4452406620,canonical_job_91b289b1ab034468bfa4ba07303945da,1
4453413222,canonical_job_4ab756b72e504d8c95b6f6524719fb64,1
4453423689,canonical_job_0a7350201b6d4ae68bb2ab9ba1d99fe2,1
4453887852,canonical_job_67bbb85e794942428f42e49df5c1ab5d,1
4458003224,canonical_job_52cac702714d4644bbf7c95c44a2b75f,1
4037749761,canonical_job_4bc70005d0944d918eb71f50451f083f,1
4037749767,canonical_job_64f1b9be04c74eb985b7b7a04d14fc30,1
4037749774,canonical_job_91bad755270348bdaa78aa2fda8ae5e4,1
4037750733,canonical_job_e36d1a69efca4c8fa3425fcb635445f9,1
4037755190,canonical_job_bbf6ff4689e84289b01ac71c0f860f66,1
4302327528,canonical_job_e89ebab81c9e4b75a8789db88652a355,1
4421128054,canonical_job_b049f43801d0442d91ec9c7fac7a4374,1
4428506657,canonical_job_f7d72e1329e4424282fb78c058512740,1
4435979373,canonical_job_3618a86e942642658d045d62d8ae039e,1
4436626924,canonical_job_7802ea674a994a549545fc7d5ce884bf,1
4436628962,canonical_job_a67c8212abf14b55abbcc88567a28922,1
4436628963,canonical_job_dcfea538386644eab983cf13c7bfd32a,1
4436635391,canonical_job_af91762515614dac8d9d7e5401c25747,1
4436640123,canonical_job_e752f148ee264e54a3c4085c35922cf4,1
4436640124,canonical_job_4705a4d70bbf4816ab8b7541003f9eb4,1
4436645046,canonical_job_c1f0541daaa74c6ca0e1296d5c1478c1,1
4436646059,canonical_job_ca7c7e0958824788a21f42daa81dd0e6,1
4446698844,canonical_job_aca7c5c25ff04ee8b622d5e4a6b382c9,1
4447310199,canonical_job_1ea891b659104c869ea23ce51d9db315,1
4447313141,canonical_job_f7e21e505e264984817c2bb577988a23,1
4447315110,canonical_job_32fbda2d0cd44a408fda0aec785e2149,1
4448470961,canonical_job_a5613000c8504753818350939dc97966,1
4313806163,canonical_job_0e52d5318d554557823664da78992a1a,1
4313808101,canonical_job_9f431f678bb64fbdbbb86516861ead17,1
4313814024,canonical_job_dd66d0f789464fca9c064b12a2f14204,1
4356495237,canonical_job_c2b2ed2ed8c845a78ab1967873b03b82,1
4378558133,canonical_job_1c03d0ec26e3417597cf546d821a5f8a,1
4379850121,canonical_job_ff6bfbba9df849ca80043fc7a64c0c48,1
4396967115,canonical_job_9dfdb775e0f24d94b930752ab1a089b8,1
4399017384,canonical_job_a084beaf5e2d4930bf073caef2dcd20a,1
4400194444,canonical_job_7997df26a3ac4a0cbc42b6202194423c,1
4416861223,canonical_job_6204f669da674e2bb64347a077cd90f9,1
4429054626,canonical_job_7b12ab282f8b43b4ba4534301e9c1228,1
4429262770,canonical_job_c0e296e387b84e02b3a67427355f77ad,1
4430220080,canonical_job_0f2339de33674c7a9d0a735b6c850c44,1
4430296609,canonical_job_fe7a2e3a135748fdaf651dc2d9812d80,1
4433169759,canonical_job_184a8a4e71a14a0daafe3f508aa43e39,1
4437485443,canonical_job_7849a53df5f1441b9244d62d0765a2ab,1
4438700903,canonical_job_91a2b9d18c6e4188acf567c6ef8d5f9a,1
4445501519,canonical_job_4fa947e4d04a4f4887a0bbdef99783c3,1
4447323144,canonical_job_63ae0b8b37d94f29a8722081c6ff0858,1
4448430281,canonical_job_996da5f834b04908b571364ab68204a9,1
4449826902,canonical_job_8ccc0f697bad493fa0c5df666f048c12,1
4449833903,canonical_job_b20fe89f15434a179dad427a047a7352,1
4449849598,canonical_job_f54081fa64c04f00b1129a3ac38d455f,1
4452805250,canonical_job_5ba587ecc40f44d881dd3970c12b2b48,1
4453898241,canonical_job_251f7cb30e8a42f9ad1a92f5cdd660e6,1
4458401284,canonical_job_8a13fd28f22649088eac69195f818245,1
3854417194,canonical_job_195ab04cd8bd4da5a4e8411b419ae3b0,1
3920127751,canonical_job_a143a03396bd45f882271ec442e7d848,1
4206130982,canonical_job_f9b8decc95d74dc188bfbf35ce1e7a44,1
4208472049,canonical_job_878fadee41f44e1b99c15eb812ee896b,1
4230069968,canonical_job_2b702a4415294b809e7545a0fe1cc98b,1
4233927584,canonical_job_fd6042b9b63749dd8f46815463be4879,1
4258498934,canonical_job_8bf9d751dbc34263965ed13d03ec9e41,1
4287917621,canonical_job_f82aedc656904fe6bd3fe51330c68355,1
4302032581,canonical_job_09cf9c0430124c5a9408b5179b56e026,1
4312090348,canonical_job_d32902e3136a4eaeb86b0d65d2190b07,1
4314821810,canonical_job_1ba142e80d8147809ec137c38d228f5d,1
4330395230,canonical_job_c84f0fd0ccec4303b3443edb78730b55,1
4332458947,canonical_job_ad49c31eb14d4af6b6e6fd9fffa67a69,1
4338295170,canonical_job_ac0b44c2c7ae44a79e3ea37f23d16bcb,1
4352022196,canonical_job_b3d9dcf6608741ba9813ad2fcff180d8,1
4352042111,canonical_job_e90c2cdb4ef74e298be95204d856b491,1
4352121993,canonical_job_e7bbce3dd527469d9e64883c398341f5,1
4352161322,canonical_job_0fd4e91966754389bbe34eb6e8c62337,1
4352171259,canonical_job_b1211f00202145d8b8e9a189902eca1b,1
4393488835,canonical_job_63c29836dcd4470aa80d14dca08bbeb6,1
4393493574,canonical_job_f7e8a8223c1a43c1a3157afdf64893d6,1
4399665911,canonical_job_ae6ab3c676084d7da7eb1d7fdeb5fb09,1
4406398846,canonical_job_ef749118002d45698bd1fc33d20d8a46,1
4407613673,canonical_job_5154c808c0e3491b8aa14552fc138399,1
4425616606,canonical_job_fa14f75db5074dff9a4419c9eb9b735a,1
4427710121,canonical_job_0680822597094bbfada1346f820f5d76,1
4430467677,canonical_job_35f6f3154bd34f9ea47534f24a03c5e5,1
4432371487,canonical_job_bfb2839a365c4df48e40ba3dfa6c9498,1
4437991761,canonical_job_b345a5ae878e47908a5af9539c3b2614,1
4438300333,canonical_job_bbffc31e9603401b953fe9d40dfa6e23,1
4438646645,canonical_job_39349a6f6e3147f59fd27f6ca417d677,1
4442576805,canonical_job_f9405db457384d9594505fc71075180c,1
4455694306,canonical_job_0adfd4a23d7d4d6fbd4f9e1b05f16c46,1
4456218642,canonical_job_6069e54b8f0e425fa58a8f99dd94634c,1
4457146619,canonical_job_cf49e3155b9c4abc87bc1d19be6e9890,1
4459764641,canonical_job_fb8732bb49a14e0bb1fca12ddf3ee36b,1
4305880559,canonical_job_c6921f15b1d1430c9aabb21556bbfbd5,1
4433790218,canonical_job_f27d48a48a15482c88558a48dd6a960e,1
4263285947,canonical_job_90b10dbab8a54e8780b716c6ceb44603,1
4263287643,canonical_job_6f43842e8e974b83b3a53c3f3b5814a3,1
4263288556,canonical_job_8319f6bfbb994e4ab69778f3b3fa1ca4,1
4315815586,canonical_job_bd62943d5b824d0fbed8d0b3a8ac9090,1
4370586649,canonical_job_5a98c9a147f8416e8a96a323858ad362,1
4378384902,canonical_job_af44f86693774c7bb5e3a442a1c9f74c,1
4387873853,canonical_job_067614ab0f8a4a34b7e44196718e2442,1
4391779776,canonical_job_d805b5214f38454da3be8a49f68d235a,1
4395368880,canonical_job_62e95a68a3d24cbdb2feb5968133816e,1
4395379339,canonical_job_b665baa831d34b5ba733bd58a6597d0a,1
4395382248,canonical_job_f1c700198fe54206a07e212d0e5638be,1
4411251016,canonical_job_5bec39dc565b4ab0ad9377924e781f2b,1
4417367154,canonical_job_460d3e4a15bb4beb9be4ed7ce67238a2,1
4421834316,canonical_job_cdbe32e582b74dd5936fa076422d71de,1
4432267627,canonical_job_8b3c75eb46944a408603c45c82dde3cf,1
4436730666,canonical_job_82af9107f9c54b72acf13bc67d377fc1,1
4438645302,canonical_job_54f37db297854c56bf6b429c84ffa5a6,1
4443542344,canonical_job_cd276bc1051e42d9bebd381c6ebd7cf3,1
4444152542,canonical_job_33ca4fc469174d35a609c3c76d7440f8,1
4444541038,canonical_job_df79be43dfbd4c2ebb13043d9e9c291e,1
4445934685,canonical_job_118d72d04fa84fbc9a84378557ec01ef,1
4446358727,canonical_job_ef3a0b59ec984250aa4aaba85c7998a7,1
4446362692,canonical_job_c776eb924ef547818cf51aa82f01f04d,1
4446581890,canonical_job_8be69410127d412c9bbd584a13a4516e,1
4450692550,canonical_job_147b78f78ee84cd2a209e9fea4f0908b,1
4456732601,canonical_job_2494525c664e4b92a858ace135e34e2d,1
4460336829,canonical_job_396cb736208e461eaf36f6cfbb5c2255,1
3963247228,canonical_job_1d3615d9ace145febc7c5b8c18666eef,1
4091850044,canonical_job_a7ea49a5a48644b0a535d2d02e256ca2,1
4157166679,canonical_job_ea1c9b75c7824294b7ce934c6dacace6,1
4157168444,canonical_job_23c23d4ad046416e8a894ce57c31da8f,1
4160393674,canonical_job_5a0af8f9b86c44438ad6818b0e907e84,1
4160397410,canonical_job_8af2134e59a44a8bb16b1935f1fe6535,1
4187278659,canonical_job_ebb91df707ca40e1b60601007b28acc5,1
4188116551,canonical_job_07ffd6244d194a85b04735b27d564913,1
4188117497,canonical_job_b031eae47e674c28a79ace52fb982fad,1
4188119305,canonical_job_029fc08fc7004e6689c4a5d1c6fc718d,1
4188120294,canonical_job_2c3da00d8f5140a3bb56c2fa262f402e,1
4188120296,canonical_job_2739cf5f1f8a4148939afcf730a04dc1,1
4188121031,canonical_job_9ae4cc643a784312ab806ab91587e6b5,1
4205468856,canonical_job_0e11ed7fa0b848168b744a9a7148ab92,1
4206147968,canonical_job_9a8baeba12d341e0978c096287b38a51,1
4206148747,canonical_job_cf9b9442755a44dd9affd37e90819f62,1
4206631742,canonical_job_79057629970844b9a14f9d2bc095dfc2,1
4206633622,canonical_job_9c33538974e24fccaa382e2f684bd01a,1
4207782348,canonical_job_7fa61f0c35ba4bf390defd7c52456f05,1
4236171259,canonical_job_4fef265eebaf4035a9c4b3b9bda7bb5e,1
4260401067,canonical_job_51a6995109a84a9e871e69fab2bfc470,1
4262417384,canonical_job_7fa0c842aab14355bb7a1c894c1e8478,1
4262420394,canonical_job_28447e3912354b64b6235bbb48dee1d1,1
4262601012,canonical_job_fe63dc8d602b4f08b6a7969e01c8566d,1
4266294434,canonical_job_7bc4143923e646b5aa67396e7ff40b0d,1
4266295342,canonical_job_ac68e8562248453791ab14c6da5bddbe,1
4266298041,canonical_job_1af43e8235804d1b93137470f9249ef3,1
4267223840,canonical_job_1d09db2d233848debd8dcead3b912830,1
4267224668,canonical_job_5f2bb95b32a643a5b88a15030b99661e,1
4267224687,canonical_job_851f89d0a1ce43f9a47194078954245a,1
4267228143,canonical_job_108bbee8ab6347fb87cc52e6f86c9312,1
4267288796,canonical_job_e7162264a2db4f6388c2c7de8e32efff,1
4271616701,canonical_job_92d46bff4b2743889d9a8241e2ea84f8,1
4282154609,canonical_job_a192ee9138414633a7c051740552b85a,1
4284463760,canonical_job_f2154422073d4b089eb6dd3dcf0ad76c,1
4288387690,canonical_job_4cc6cc9960234777b61d5c03691b3b24,1
4295515924,canonical_job_6f41ae4529cd49a8850bd598f466a40f,1
4298742224,canonical_job_3e374ef2c8024ea39c59681b16798097,1
4299107605,canonical_job_89ff2b4e03bf42e0a18a842375a4f9fe,1
4303028629,canonical_job_68d294cc7be74b1b99be1c30d29f2eb3,1
4303048377,canonical_job_8627c0c336834e2ab6c252458a05e196,1
4308025740,canonical_job_5548bdad3ac247f69a448c43a3681c49,1
4312971375,canonical_job_017718c961f24bcba468c64db6ced8f6,1
4315833638,canonical_job_514ee99dba734934a90cb4ba3d8a2b95,1
4332469448,canonical_job_e2c6f03b29794d49b31dc69429993206,1
4333385476,canonical_job_165d7829bfcf431d822d765834b1f006,1
4334339624,canonical_job_059c7b5578bf499e9d99ec3743da709b,1
4334369270,canonical_job_ba50a95ee58b4bcebafc243c2e1c5594,1
4334385878,canonical_job_1eacb23e9c0740cba1e8341d0caf1df5,1
4336097952,canonical_job_48fec4aedb2f4f8c8e61b7ab610e4e39,1
4336177907,canonical_job_98c943eaabfb4f15b7982093a3210348,1
4336197693,canonical_job_a4b1e730033142168b699e8e6fd0051e,1
4336287481,canonical_job_6d080dc2ebcc402d89b13f54465097b6,1
4336698736,canonical_job_d5b78f91efd64d66a74746fc1c3b3ce0,1
4336718652,canonical_job_289b1ae594a348838835e808ed03e0f6,1
4336768380,canonical_job_e1d9a72f06384d28bdf408680958fff8,1
4336919121,canonical_job_0402906c3a2a44ae81fca5fc6adf2d66,1
4337229630,canonical_job_e3ef4549e67d4317b89c2d37e13a2112,1
4338849732,canonical_job_ed79f628242e45129778275e7070040c,1
4342071496,canonical_job_b7e2f3b0e2864d14af22137795034c6a,1
4342093614,canonical_job_530cca014d0e468fb2776f52d9245d8b,1
4343111321,canonical_job_4b4ebaf36835495fb44d25106829ccd0,1
4344328187,canonical_job_bf619bcff0b74fb59a3c3bcb978573ec,1
4345851521,canonical_job_3f838532eb404f5eab482755802fe8ac,1
4346559743,canonical_job_e17605c2a7684a5fa39242a7e03de7bd,1
4346663313,canonical_job_97b16c24174f499ea030c50b18fad7cf,1
4346760568,canonical_job_63c7a8e69b974c479d74b951a83b0abe,1
4359605450,canonical_job_e115bf705c5948b38e5b9aa5def79cb8,1
4361205259,canonical_job_57386b7b88654b8893503f40af09a43d,1
4363791581,canonical_job_a5756e0e7d144067a541c3fc4010a316,1
4363871602,canonical_job_3e43f4dacd1841de8d9b8e5d6e6ce397,1
4364213241,canonical_job_5b1ee084f3264307aa82c52d23193dde,1
4364680794,canonical_job_b499e2521e0d4282a39fad1546aa2fcc,1
4365139051,canonical_job_e5f268a8bcbd4b5895620d4484348b95,1
4366604947,canonical_job_d4dc007762704af6b66244411d4a6192,1
4366614249,canonical_job_d72fbf77cd754b458945640212a2e84d,1
4366616233,canonical_job_592d5c9b199a4ca08d9d3d78c9cc0e4e,1
4366908346,canonical_job_10f4e693ec6f4a8aba2dfb00ddc17d14,1
4367151403,canonical_job_f770b6e1eaf6447f8b8d5acc0b866a63,1
4368373408,canonical_job_ac4697ffa2254206b4f20a947628753c,1
4370823170,canonical_job_8d393a95db2a4298994816fd9fe2d842,1
4371423682,canonical_job_1f6bf276b80d46689194a5882a3d930a,1
4371429197,canonical_job_e2807c8d96514c6aa07734dd3556a1b9,1
4373833614,canonical_job_65fa255582c3403ba7d3f1df95d5697c,1
4377123696,canonical_job_0472ad281d4143d18fde201ddbb3924c,1
4377175957,canonical_job_7c4730817d8540b2a595f5d019b63611,1
4377177896,canonical_job_c103c4ff8534492ab9a9246cb46ed1a2,1
4378776961,canonical_job_08229a339d8f47d38da0ad31805abbca,1
4380331457,canonical_job_8b6a9b9c370c4c8c856a522cf17c54f2,1
4380501679,canonical_job_3cd81a879b824585bacef135f34b8369,1
4380506179,canonical_job_07417ee66bb94f9692face1afce026dc,1
4382137166,canonical_job_bc0d15a5011c4bc887bca4947565d4a8,1
4384358019,canonical_job_a73562b2261c4693ad93d01e95696dd5,1
4384897223,canonical_job_b4197f9e25e54e72a73e613973c468fa,1
4385006496,canonical_job_402e379dc34c4843a12c142b273dbc27,1
4386799369,canonical_job_cb4fbc2fd0fd4b02924dfabf54bb0ae4,1
4386969311,canonical_job_192d97a5144e4de58d131ce78f752c2b,1
4387473152,canonical_job_3ccf0360dd4740369667e1ee847de84e,1
4387477013,canonical_job_8dc0330504604e1d9c4ca1676dd221c2,1
4389203209,canonical_job_18d55956c25e4434a5b3b653b91e0a22,1
4389401838,canonical_job_e7e4dd6b96b048f09f9c61f66379d0f0,1
4390309733,canonical_job_1d620321db3343469eb8b797b153d249,1
4390311633,canonical_job_0313e514b23a4b3b8007ee2c162cd871,1
4390315455,canonical_job_a501442a8a7842668ad43d73237ef260,1
4390315456,canonical_job_791ad730918240d7858d1c967e56b7b8,1
4390320348,canonical_job_99344a712b9a4d03830de78f9a5312e8,1
4390323050,canonical_job_808cd472baae4add8d5436c78093c430,1
4390379256,canonical_job_7f60a67d3f924605818b5cb1eb96a4a3,1
4390383101,canonical_job_4fba74d8336a429bbff46fd20e9fb6e0,1
4390832840,canonical_job_f5221759257d4590ae29042d7f813cb9,1
4391554952,canonical_job_3a1e10422ad045b1b5e408dc204e5cbd,1
4392971359,canonical_job_a5ebed8a33ae42aab6d9a83ee72ebea4,1
4392972362,canonical_job_3eef0b3cf506432d8f1750baba188d33,1
4392974330,canonical_job_090a408c987e4fd8bd415bd6dee01b35,1
4393911603,canonical_job_452b7c8ee4b44ce8a8a1b50b80ef28d2,1
4393926026,canonical_job_aa171cec417840a09b6c9b2979edb057,1
4395306318,canonical_job_87a980d934b04f57a85ade4de49a884d,1
4395309213,canonical_job_b079d6ba91e5455c882e1a64df9371e7,1
4395314074,canonical_job_ce1659cc847643b29a6a27fd8cd74e1f,1
4398575256,canonical_job_bb7985f3dfbf44faba6f59a16bbc5adc,1
4399408846,canonical_job_bebfeb70988d4e759d65f53f38a64fab,1
4400436772,canonical_job_8f664dfb50a54087a7f7dd131b1ff872,1
4400580670,canonical_job_d697a41626404be3a648d98fac2ce01e,1
4400581523,canonical_job_b21329f2388f473798b67a65b839e696,1
4400585464,canonical_job_ac5878c0af604a3c86bc68ef2c3694e4,1
4401064844,canonical_job_4d5ae1faf6ac4381b8d5b6b079ddc97d,1
4401072589,canonical_job_ae72d423fd3f4d5e8cf0d4c881730071,1
4401079289,canonical_job_f5659463278b4c398a71d00144beeeb3,1
4401338774,canonical_job_2f8faf6dc3e94adcaa62d0f4ebd78087,1
4401347612,canonical_job_81bbb96df9ca43d49e3e84110aee2d06,1
4401354235,canonical_job_e6ba22289902428ebc2e4cb3f2d79915,1
4401732839,canonical_job_c90e62a4b23149308083350b0a23e840,1
4402273592,canonical_job_3a62cff239ce467bbd814794c7cc8c66,1
4402289001,canonical_job_9347854d3a754815b376e78e6240f917,1
4402543406,canonical_job_66c55d92b16e44e0a0ebcc89cdc087d9,1
4402550234,canonical_job_216a94a8820342a98ffca5f6cb4fbe90,1
4402939826,canonical_job_0e626cb554d94fd2b79c39e9afb963b1,1
4402940766,canonical_job_0ff8f5d5127c4e209afb1044407aaff7,1
4402940768,canonical_job_4fea0804678b4efe913b64efbd784910,1
4402951015,canonical_job_058f69962562441282cb2beb6b37c894,1
4403419937,canonical_job_0e6948f9929d4ca0a18b5ebe3e0574ae,1
4403775749,canonical_job_5fd1bf5d15ab41cda81e41f2e90448c4,1
4404059991,canonical_job_7e3367d4029746f3bee776449f3b1e8c,1
4404089008,canonical_job_732a334e0ae4405d9b4c1f348d847db0,1
4404975571,canonical_job_79eba6548b094189b89869e063831b56,1
4404984416,canonical_job_da8a2d891cfe4ff1bdaba18c46798bdc,1
4404992110,canonical_job_de4f875c90364fa6aed3d1ba5ed5b86a,1
4406129840,canonical_job_e24dc54842f1423d867253d5c4705b00,1
4406382857,canonical_job_fcf4f1ef0e1743838a342ebc62894619,1
4407841565,canonical_job_0738993d95394ddf989df2cc549c4920,1
4408445176,canonical_job_26bfdfd3145b48229214a368fb9f06d5,1
4408451118,canonical_job_111b043f9c354b1b80871286ec024a13,1
4410089866,canonical_job_63a330344fbf4a5b927b5a1838556dd0,1
4410203670,canonical_job_f4445e9276dc405a93edcf79a30e0085,1
4411678185,canonical_job_92d2e19045d8447891b27cc8884e97c6,1
4411891344,canonical_job_0aec48600d5245d49c1a5fb9f0e1a2ad,1
4411898050,canonical_job_ccb9b048cf9344c19c7f92b65e2e542b,1
4412145791,canonical_job_2f1a54d4a913481a80838a8e4d139a8b,1
4412753914,canonical_job_4a99f0e639454ce58abb7ff7bfecc39d,1
4412760633,canonical_job_15f124c543b4451a820b973bbaf1a363,1
4412764413,canonical_job_7fb07d9edb1a4922aa8eaa488d003e49,1
4412766330,canonical_job_a04e9171bd394eb29ac2e6b3f147e541,1
4412774131,canonical_job_144407d71671472cb6bf9307efc70d47,1
4412945137,canonical_job_a72d061d54a94b1ebe7ac920cea741f4,1
4413425922,canonical_job_179e574afb14475987baf6ece261a8ff,1
4416918935,canonical_job_dc0caa102aec406bbccc442fbb64144f,1
4417076822,canonical_job_f1716d240a0b4ed0a11fd215b648d01a,1
4417079836,canonical_job_0456fdd93a47495e9da1aacc262926c2,1
4417360510,canonical_job_4d2453ceb24b49f0acb95b6a139d8559,1
4417712469,canonical_job_1ca1e07072c24fb9b35cb2bece488818,1
4417713380,canonical_job_e944601d00a641518a33979b9300f848,1
4417718362,canonical_job_59cab60f6d6a4bf6937d8e4412a2451e,1
4417784073,canonical_job_53e9d6e970754d109d44041f38f1d31e,1
4418108659,canonical_job_8bb0230805084fb7a03a8a1643c9bb6c,1
4418114559,canonical_job_0043ddafac964205bb060469c1fe1e6f,1
4419400663,canonical_job_8e033f21c10e4683b1a8c2af0e4b0132,1
4419456932,canonical_job_a949c60b50a944729c1542b0f3c0344d,1
4419460818,canonical_job_5b588bc676b74a30bcc87a0f31f5ff44,1
4419464835,canonical_job_ee23c03e11c94128859e47e7d573f989,1
4419839965,canonical_job_ef0bcdf86c2b4280b8b0817fa87e064b,1
4419847864,canonical_job_e2cd5e79aa5247a6a78ef99bf640a16f,1
4419908964,canonical_job_3f0ed54552d045459622b3b83bc559b2,1
4419931009,canonical_job_6bc7c04b38224b379d64c19ef22dd209,1
4420416277,canonical_job_250852b170654d0bb860cf54036f3b28,1
4420643669,canonical_job_1b14daa214834aafba92cc12854865db,1
4420647415,canonical_job_cbfa9498fa144fa5802daec33c9b7401,1
4420923999,canonical_job_11b3c7457c2d4e77bf02e738f6188bc8,1
4422395276,canonical_job_be1745283aca4817a405ef95ee82edbd,1
4422923511,canonical_job_0215ee04241649fbb67cb6daf6b43810,1
4422929328,canonical_job_50f752f8054849f0bf3bd9ab5c3847d2,1
4422938195,canonical_job_b4acc620b5334fb4b915a772cbd0bb51,1
4423002372,canonical_job_d056aaf11596458fb46aeafc8de1817e,1
4423141206,canonical_job_61475ef71a8d443cab91657950efe51b,1
4424710068,canonical_job_1bbd457ea2fe468385ca5d27244dde90,1
4425484840,canonical_job_ddbf35640df9486e8076d5220e9d1726,1
4425645727,canonical_job_e7179c5f76fc482f91284a9681e34caf,1
4426313826,canonical_job_24f50a5bd896423f89d875da16cfff46,1
4426807945,canonical_job_a0b439b81fa24ab0bc345cf93e88d13b,1
4427513566,canonical_job_346218a960384f95b8207fc5218cbc06,1
4427516474,canonical_job_dc933a4529984c6da6ac2e1c6a547cb4,1
4427952584,canonical_job_abd9ac90dd26471b9c76a020469e0ac8,1
4427958583,canonical_job_be9ee71b868049bbb4c632ac73c3f074,1
4428180803,canonical_job_90b017a843dd44b7b41dc3a5d2038b4d,1
4428887987,canonical_job_3eea74f81db24754873517391af4c75b,1
4429579250,canonical_job_a2eec194c14042aab0c1febabc69509b,1
4429590100,canonical_job_1ae4f374f666466f898b2addf58e7260,1
4429931260,canonical_job_6c4a755ddb804e5e9d0b4ab6b2499cb7,1
4429935211,canonical_job_bf2e5260ce47495594ae72ed93fa9c78,1
4429993288,canonical_job_ae18bfb6482a43cc852c82422e60fc8b,1
4430715346,canonical_job_fa7a6ec5da164a97a0d663f50d8e025f,1
4430716364,canonical_job_ae6d609d80d84c82aba35f1941d57bf1,1
4430723274,canonical_job_d75f3eddbb194cd8bb267f89aa457491,1
4430959085,canonical_job_d1dde16bc5a84d309676091493c1aef8,1
4430960075,canonical_job_0d5e9174c9964151a98c7f76ba7f8ede,1
4431757290,canonical_job_a053caaa100248b480d8d45a1a00e24b,1
4432236978,canonical_job_00dcdf090bb848499963c6d76d27950d,1
4432251188,canonical_job_2b25dafa9b87406fbf02118f486b5857,1
4432252143,canonical_job_fa2f41678c884194b4c8daf4d0ce4140,1
4432420514,canonical_job_342d8123ee0742d79a095836525820f4,1
4432567506,canonical_job_59104cda01b1496592ce2488b8fb2a17,1
4433097738,canonical_job_902bca52ee254d0285fef5834de8199c,1
4433301622,canonical_job_6260f1cf759b46b186ae2a203a845270,1
4434470653,canonical_job_15761844a9604bfd8e75fc13d2fb5015,1
4434727719,canonical_job_72799684658348858861e5ff214a0598,1
4434732486,canonical_job_f9b73f9e22e344f3ac346b8311c5d877,1
4435110336,canonical_job_13ef6c269f8041acb787c9c45e04688c,1
4435185759,canonical_job_a4598e531c3b4db3aecf487e8fb9b6c0,1
4435190280,canonical_job_4b6413c5ff29464380fa552f73f12e84,1
4435191276,canonical_job_be36658a79a7488bac22872ebbc57947,1
4435841882,canonical_job_99fadf5db7b743f995385309c187df50,1
4436325478,canonical_job_f12becb7139243ab80c8335812866b55,1
4436328383,canonical_job_9c963b279271486a85d36a2339aefa39,1
4436339084,canonical_job_d71e47c1f62341f08851564a3842bb35,1
4436373899,canonical_job_6576e503f50b4765a4c4056708bb0548,1
4436709988,canonical_job_3991acf29c784197a5a196603976ce52,1
4436714767,canonical_job_981e7e9eb18b408d8a3f9cdb9ff65c72,1
4436779505,canonical_job_eb8e5686932a470f861a6999070a5ee4,1
4437187026,canonical_job_826f4eaa587241d3a86b4ec1907e9a9b,1
4437843789,canonical_job_be60bd48745f46a08be6826212370aae,1
4438198959,canonical_job_f863d13d97d947f9a57de5214e975c52,1
4438268850,canonical_job_27113b7d774c45b49130a12b71621e00,1
4438270852,canonical_job_abaf6d6b34e04fe695c4ba7e7eb848b8,1
4438274674,canonical_job_2ee5f6fa70f74f4297f5a54cafe1e93b,1
4438684902,canonical_job_645026699e3644f598a9c1fde8ba351f,1
4438687685,canonical_job_b20af69fc1044a7394434c77a72d9c93,1
4438865043,canonical_job_66b683a51ea145978c9f0f181d99e500,1
4439057572,canonical_job_a71c381aa7ee400f9ce6ad24a668ec12,1
4439059541,canonical_job_2c381dcd37344d1bac4c45ebfcdc3957,1
4439071007,canonical_job_14466b6207ef4d26823ae3249935976b,1
4439320657,canonical_job_dde90153ee20426faa69ad40e00d2eff,1
4439328449,canonical_job_2597966fe5984f629d09a43043088f2c,1
4440090276,canonical_job_7f86d8e6038342f7a3ae09bd02707293,1
4440540722,canonical_job_2abd45c439304f0babb84497c3efd077,1
4440802433,canonical_job_e4614410deee484ab3b9c731749156ef,1
4440810248,canonical_job_e2df1b33d4684699866f0d8b3a322f9c,1
4440976296,canonical_job_065dc0fa672f484aadb4c7f8de52c5b0,1
4441230495,canonical_job_e9dde0022bde4ff79bd372ebcce6450e,1
4441973502,canonical_job_b12164a212034109ad5633818b7d8537,1
4442765939,canonical_job_869551d9d1864593830889830d99bc09,1
4442768818,canonical_job_caafed93a6cb407a819c18a119c7bb89,1
4443272834,canonical_job_d3de314d8de345f79ba131887ac8f81f,1
4443280487,canonical_job_1c48f1890756404fad70acd0b8ec5113,1
4443281483,canonical_job_c29ec209870b4dfdbe91127610bde72f,1
4443282391,canonical_job_21dc2be3f49543888c7c12e44f79c313,1
4443286340,canonical_job_5fa1e28d2ca04f418f3109dbab08afca,1
4443290310,canonical_job_4e763ec7c4b3400daafb2e6d1976708c,1
4443295197,canonical_job_1704f46bf3fb4a108a5e5d6df006edba,1
4443367349,canonical_job_7c11d2c60858486b8f2f732e482b9167,1
4443368270,canonical_job_55c5a104fde54f758db99798014b9a80,1
4443374038,canonical_job_2c75f2793d4b4688af48fa407cb00636,1
4443522780,canonical_job_21aa75c488dd43559fae769b14476a2e,1
4443535219,canonical_job_d70a376b305e49ca9bed3d27d5bd1604,1
4443791997,canonical_job_ce6dccf480e54eb08eb90ea818cae258,1
4443955937,canonical_job_c2abbfa227ad41048f706402cdfff02e,1
4444122231,canonical_job_585f8a221bfb491c84d377a3ddc9862b,1
4444125161,canonical_job_d156d6b9d5224168bdc22515e9138ab9,1
4444127155,canonical_job_4c786b952d9c433daaee0a016a97286c,1
4444435560,canonical_job_834d0fa4018543f6a01d6bb934c71b72,1
4444441275,canonical_job_8b93f076e97b4306b9997ac6677adf45,1
4444493747,canonical_job_ae0860707a4040149d19fcdc94c99560,1
4444583834,canonical_job_aeab013385824e00bc41fdea6046e4f3,1
4444585809,canonical_job_542b772f699a4623ad6fe9d7b81e046f,1
4444592181,canonical_job_d2f9e96944e94c0db09f699d698de099,1
4444598062,canonical_job_0e930ed81d664e94bb50283df65fe109,1
4444599080,canonical_job_d495965602214d19b0cbd902a22da604,1
4444947616,canonical_job_3d2b469436f54fcd81569650b229ed17,1
4445001076,canonical_job_6d6d4db5b9e0401caa9d24e5fec498fe,1
4445210439,canonical_job_f959e15e611f43da99ab748d85539b69,1
4445219035,canonical_job_6846851321f141b3b6d51fd2644e4da8,1
4445220015,canonical_job_4836103ebe8c48d0a12021484e1a79d8,1
4445926422,canonical_job_7e818a9e82d74879904e70ea6726e64e,1
4445928299,canonical_job_343dc1c7d5e14fd389c644a4381344ff,1
4445942277,canonical_job_9c38fdf5200a4c97805ed53419a4ba39,1
4445984993,canonical_job_c0261a56435b471da68f92824acf45d9,1
4445997508,canonical_job_d09bb244986d4516aa797f8b7983e82f,1
4445999352,canonical_job_2ea99456adae4915990f0fc17a80b0c7,1
4446344639,canonical_job_d8b46d8788824612aa89c0cacf7838f7,1
4446355243,canonical_job_19196b96f4f0442b9c74aad555ef4ee9,1
4446361130,canonical_job_53c05e6586334ecabbb30a88e26a245b,1
4447058982,canonical_job_0905e3e86a8d42dfb3fc2cadf7b8c5dd,1
4447065179,canonical_job_a20d5b16137849f1bce14216085ace45,1
4447075089,canonical_job_ee83d374b8e9444b809175794afede17,1
4447298961,canonical_job_5efe62302bae42aca730dd453618a3fa,1
4447505890,canonical_job_2e2854e315ab4412ab9fe41060617b45,1
4447510110,canonical_job_fe376121269445c8be66e86df45c8e9f,1
4448374881,canonical_job_6e9771772d074bd6a5f1eb1a667a2cc2,1
4448781382,canonical_job_18a8aa39598947ba8b461427f4979ecc,1
4448782326,canonical_job_9cfbc26663b14fc092fe4461778749e1,1
4448866410,canonical_job_5fcfb70a62dc46b4b5ee2980c9e7d099,1
4448866416,canonical_job_a7350ce180cb44bda298324aa36fe80f,1
4448874218,canonical_job_7d353d73c0684e59b6c032cd306c18eb,1
4448877076,canonical_job_9c5e73d1c8cf49f497576db0b88c48f1,1
4449498217,canonical_job_835bdceafede44a08ceeea60e90fee49,1
4449680534,canonical_job_5fb2d27d65bd41bc9ef9d13c490257a6,1
4450246205,canonical_job_d61cc3285af949c7843494373e717529,1
4450298929,canonical_job_978a8a2c904d4d808fddaccccb81372c,1
4450617029,canonical_job_e07c14434d504216870f0160584145bd,1
4451537146,canonical_job_00f96d8805ab42d695b0ab6ac8e397a9,1
4451540024,canonical_job_f11b49a1d5a24519a5a6044c8e538541,1
4451540025,canonical_job_d6317648f3a5428a91c88622448d6654,1
4451811543,canonical_job_6739dfb729c749758dafafdc7d666eef,1
4451823474,canonical_job_9ec1aaec084c4540a73ce378e7c2229a,1
4451827434,canonical_job_76f553af737d40049abf192ba22f2250,1
4452439833,canonical_job_df673d3798884568b4f6087222c91ad1,1
4452443747,canonical_job_7148a3d0b860410bbb92f57d447a7122,1
4452452091,canonical_job_e76bff436f544c0daa78795db48192ff,1
4452452093,canonical_job_0d16eb6c3247455e89be016d4fc21fc6,1
4453015606,canonical_job_5140eff6c830463f98f202336ddb01fa,1
4453111413,canonical_job_168b39b65a4b469ea3d4d25d2c31b784,1
4453112373,canonical_job_937719c1942c4bc489dd48f603ab1c84,1
4453319885,canonical_job_b6752769568246538a1b5691f294c413,1
4453321789,canonical_job_7a8b76aa064549909ae5f8941c47e266,1
4453692987,canonical_job_c12c16e6719f47558f60c30d809ca7c6,1
4454000916,canonical_job_aaabc69d9838480d8f91cc2a8361cc29,1
4454022009,canonical_job_1c766434850749b8b1ffd983cd5786a9,1
4454510446,canonical_job_8419b8fa389b4064920841c5a8c3688f,1
4454514424,canonical_job_64e5a547c60a492d992bfa55adc89ed3,1
4454520387,canonical_job_0760a3e69dd4436b96da57a17ea7da48,1
4454520388,canonical_job_ab914eaab1034d99b6c810b041a96a5a,1
4454523391,canonical_job_7b342be443924ae7be50307fb0db434d,1
4454812952,canonical_job_53ec6b0ab0d240b1a127a0e8e82616e5,1
4454813941,canonical_job_efb01539086c468cacfc70cec3aefca6,1
4454813944,canonical_job_5cf4e5337e9d443d89b42b2e0ada9e62,1
4454813959,canonical_job_eda16c5d60414f3fa0e91a4839197ca3,1
4454814941,canonical_job_2e688b2bb2eb4cb4ba7a2dd897f94036,1
4454815941,canonical_job_af77208fa07f4e5e93ba8098aca5e43e,1
4454819921,canonical_job_73137c5f27dd4591909ec08b7dc0d149,1
4454820901,canonical_job_974277e8501b4712923ba1c97c24e7eb,1
4454821827,canonical_job_a8daa5d11831411aa1950a91d3144ba1,1
4454822922,canonical_job_62c13c1911674d2aa19ef2a0e828831f,1
4454825832,canonical_job_a2aeb9e029b2424aad4900bc4835ebd3,1
4454828791,canonical_job_db4dbb1e68d04c1d9cf255a752cbfc86,1
4454828817,canonical_job_a5c77473a7074453a31d6167a3b05438,1
4454828833,canonical_job_1c0f7852bfe941cfa99545ad6e23a8d6,1
4454828856,canonical_job_0270cd1681694bf7853ef04b16e07181,1
4454831063,canonical_job_928e5f5a4aab40359b9525b6d419ae9b,1
4454833033,canonical_job_d8dc155c5847482094bb23ede536d487,1
4454839009,canonical_job_838f479b705e4fea80e8a30c8811154f,1
4455274954,canonical_job_ef40f1d491e24e7cbf1e3f5449bd83f3,1
4455277977,canonical_job_72ab02012a7e4ae384dc80ec3556eefd,1
4455280200,canonical_job_768b4cda08e848a8a3b1e2964b357100,1
4455281123,canonical_job_0efe6732fdbf4ed59af110ddbde595db,1
4455282142,canonical_job_de4ed02b36fb43bc8d96d05cc87cdde2,1
4455290030,canonical_job_4ef887a3d60647d1ac4ec4dc857fd9ad,1
4455298009,canonical_job_671b827bb1e64cdcbbba5ee606de843f,1
4455336654,canonical_job_b4dbfe6d356142b49a9e0c1ac98c5988,1
4455542658,canonical_job_2c1a33f0ab9143b39dad7f29b9ccc93a,1
4455723233,canonical_job_3daa6745d80447cb9ce70d2cf6231e18,1
4455726165,canonical_job_a4dd515a73664dd1a0d16b27171d395e,1
4455728132,canonical_job_1dfa01f3334747a3941125afaf412355,1
4455731123,canonical_job_d0344a8088ca417b9b3a0951607618c2,1
4455928208,canonical_job_70c5930d389a4672b81eaaa1b204c28e,1
4455935096,canonical_job_bfcca48a7edb4eebb0e4ca14ba1a9dc8,1
4455937119,canonical_job_036dff85c9804c429203cd46694cc137,1
4456192451,canonical_job_29d48810a6ec43f9ad953faad699f144,1
4456301412,canonical_job_a57425552f164a5791eac59127770a6b,1
4456305405,canonical_job_cdf6fb35d32e40448df159afd58aa1e1,1
4456346960,canonical_job_f8d974312d834dc8b6f571955839e11b,1
4456357870,canonical_job_360777328a844f2b872965c4bdbb6ab7,1
4456362057,canonical_job_a79540cf77ac41198c75bf63f3ff2432,1
4456415612,canonical_job_ff0aad9909134543a45a5ec9c665fa4f,1
4456711207,canonical_job_221b3c24941f4059b7b788201d2bcc69,1
4456714180,canonical_job_08f54c454021497b8c2cc1ad6712305f,1
4456727139,canonical_job_efb93da33e224d90b10dd5caf2dcb8df,1
4456730112,canonical_job_42c3b017e5ec49dc8dae3b9231500124,1
4456771715,canonical_job_960512c1dd27401fa0bedf3ff9440af8,1
4457317810,canonical_job_be1e172b5e84478daee19981a8512e01,1
4457320718,canonical_job_35538cfd0a874418a4628fd9bd15e57f,1
4458188772,canonical_job_ab74362f4c2e47e4b1bee9dac165bb96,1
4458188775,canonical_job_ac43ee929f6d496fb85b26498f7c9d33,1
4458190712,canonical_job_81c15240042042b19a64eead8805c0a8,1
4458194697,canonical_job_6fa338b03ce84758a96a25224baedba3,1
4458262517,canonical_job_c72c0b8842fd401e9161f0bcab8d3324,1
4458264540,canonical_job_a54ac4f452444d5596aef6b4095d6d2b,1
4458266454,canonical_job_0462e1eca4f84d5c8c987369593cb3be,1
4458271458,canonical_job_20182eef1cb74620847f39a30f80d2a5,1
4458725911,canonical_job_0c9cb00a51484d9ab1b9e3dc4dd6953f,1
4458726850,canonical_job_9d05f58fa3e240bb87d31c5514e9c08a,1
4458728841,canonical_job_6cace4bf353c48919c5dbc90b83efc49,1
4458729826,canonical_job_7ad380ace74744ad8bb7b15d233f71b9,1
4458731792,canonical_job_6c6c03343adb40679eee6f64759043fa,1
4458735816,canonical_job_7ed6d966925041f182dfdb53764565da,1
4458736829,canonical_job_6d094e084617404499eeb8197c9c13bb,1
4458739791,canonical_job_ae4a0512067647aa88f9ffb013e41689,1
4458745672,canonical_job_a14b93a4679747f0b182dbc721984cb1,1
4458747370,canonical_job_14330cf0407544dea49a0626ce4d621c,1
4459168842,canonical_job_08f96a87e6a34c588209b4d7754869a9,1
4459176832,canonical_job_a4e0f51e0a2a445db6e95117131d8418,1
4459181765,canonical_job_3acda3f1b5f84fe987bb68252d3d66f8,1
4459182777,canonical_job_3afaa8f6dbf14704a01e66841e071fa4,1
4459337743,canonical_job_f435dbad749247eda83c223599726e70,1
4459338638,canonical_job_ff1593ab443244478743341b4d5cd999,1
4459351458,canonical_job_6909a1419bcb4fa6ade89583eb3c2566,1
4459354474,canonical_job_2056b125a0d34dea9b30d74830b17cd7,1
4459660229,canonical_job_10d7d48ed4b847f59a111812d1f6561a,1
4459691677,canonical_job_c3f67611482e4d30aa06421f6272c4ec,1
4459695676,canonical_job_850723fdc36e4f97aa45b387a25e8add,1
4459803594,canonical_job_bc4d76f87374404db3979b3b8f15273e,1
4460199777,canonical_job_03ffd89202284763ba36ae1366acbc83,1
4460199782,canonical_job_abac5809c1634b81b59ff73a829f47ed,1
4460324885,canonical_job_05d03b06ed9a4cc89cc500d79f079828,1
4460333490,canonical_job_38cad441f8f746faad458cb45eaadf1a,1
4460335437,canonical_job_d79859bd6df44b6ab290e06a91719a39,1
4460339420,canonical_job_cdff8e4778a745caa74fe6293daed0f1,1
4460342413,canonical_job_b77f3b2efae940d79120ca67946f1bdc,1
4456205384,canonical_job_e2644d0fe6f9449fb06dc894ce182dbe,1
4456211428,canonical_job_6822ecee09be445ebe1dbcaa989a2a46,1
4456876496,canonical_job_a6887f16e8664b1ca7768cec37e74ecb,1
4446050564,canonical_job_1ddf0e7789134b34bb0267b1b584abdb,1
4459740517,canonical_job_7f4434ddb312421c993daea6501a7774,1
3841779924,canonical_job_a311cc0bd4754004904400d8e4f5e664,1
3841785240,canonical_job_96a6f6f7cd81477883fd420ea1829f56,1
3841791525,canonical_job_00f45299774d441fb2f8587f0b898c9d,1
4088164441,canonical_job_9c80c639baea4065bee10eb457e11c4e,1
4211353882,canonical_job_41d2fda91cfe47298d9ccca3027a86f0,1
4239069696,canonical_job_69a2e05b3fbd4fbe83c6a14f302cd979,1
4268982451,canonical_job_8d121f9032ce442cab0561b0fdce0b99,1
4344460798,canonical_job_07e1d4aa66cf43c783383e770a597574,1
4344480608,canonical_job_aaed98bf94dc4762a9f4adfb3540caad,1
4344510412,canonical_job_25e1735cd0b745269b949ccf5a23c0ee,1
4348895552,canonical_job_3e3cc7688b114bb2916dd4d0b7db2183,1
4353736377,canonical_job_ac1e74a81dad4588bb9ed8862ca560da,1
4353826215,canonical_job_8367601c820e4aee94a878d3206e68b2,1
4360544838,canonical_job_fbf1cd6ee9c343b0b7f46a6d7131eb09,1
4398826803,canonical_job_f406c052503f443fb8611bc1ff16d42c,1
4413343068,canonical_job_f3e5d29bb3cc4f32a75364737d708a7b,1
4430213432,canonical_job_e9ed2b571c7a413a881a8565a1617d8d,1
4433795959,canonical_job_33bdb9a2c6ed4283b86f11818d87a19e,1
4433796940,canonical_job_4070e30b419641a9ae3d9ab3c7b6a69f,1
4433796945,canonical_job_5798cfffe1e242eb99513ffed968a582,1
4433797946,canonical_job_c70f5482fd854cabadb2cf14c53814c4,1
4433798868,canonical_job_f48184a3c6264cad979e6d95ca08d4b6,1
4433799824,canonical_job_eae55fda499247499a28960c1e737bc2,1
4433900801,canonical_job_511472b971a7407cbed7a8a2e636d6e6,1
4433901792,canonical_job_b172fa70fecb4533b86457832f8a254a,1
4433902728,canonical_job_aefbbecc3cc142c7a4acd354092fd606,1
4433903669,canonical_job_5bd2e1a593b042178a3f6b2e71688fd2,1
4433904597,canonical_job_f50e4c00b972402498b9c47beeeba327,1
4433905359,canonical_job_647e3e643a2c4122bea5616dc7c40d7b,1
4433906344,canonical_job_42aff1adef7244fbb85660f434878de5,1
4433908280,canonical_job_b553b375f3bf44a5907eac86501afff0,1
4433908287,canonical_job_9d759983b64b4bf297e3ee39b75e2d70,1
4433910206,canonical_job_1f4233d0f82f46ef90f92ebeb2295abb,1
4433910207,canonical_job_0a4f40a1f694457386260033e0a6dd96,1
4433910208,canonical_job_deb5bd0e9ec047e8a148fa8a1509e556,1
4433913055,canonical_job_d72449be990442be938f7c848ae3ce84,1
4433916016,canonical_job_a8dc148d0ab04355a32a11b996c3a356,1
4433917004,canonical_job_a7742ec8042b4f1b85ed0d412527639b,1
4434595234,canonical_job_3b6cca5c7889437d84dc4a8539679bc7,1
4435631939,canonical_job_43f59f9d8fda425898e871bdc1c07979,1
4435642238,canonical_job_123e81fab5b14993a88594a406291593,1
4435662438,canonical_job_0cd556ebe73b4dbf90bd62b8c2b2bada,1
4437255797,canonical_job_229cbd35a08248e8a1c56a526cdd4b4f,1
4440151414,canonical_job_c011990a472f402bb69fe7b6faf1a42d,1
4441096568,canonical_job_8cb6b537beba48b4bb3c5c82fccbbee2,1
4442827760,canonical_job_eab854a2658048e7b8f4587b6d46bc77,1
4444113575,canonical_job_bd895854ba774f8da7ef31014dae4214,1
4444116053,canonical_job_73f3f478422b41fa88fe422db2608a08,1
4445001610,canonical_job_3deb9b78ca40416083dadac2c9e6a32e,1
4445887575,canonical_job_ca8579b778894473aac6c5a8bfe0e63c,1
4446200090,canonical_job_b2d352a78f2c4395b6bfb526799c84ce,1
4446228195,canonical_job_43761843b9f2455aa298402d9ed1f381,1
4446610842,canonical_job_6967aa0339b44fc6a3e0ff45e031f66c,1
4446621242,canonical_job_eab7342c56c2484c9fe35259086fa25d,1
4446632525,canonical_job_4fe4fb2416ae4b03aeb8489bb9fd7ab8,1
4447371643,canonical_job_669bac9ad3d34ef2bbea524ad46d6416,1
4447376527,canonical_job_f1d115ef09fe47d685d3578934db5231,1
4447381839,canonical_job_a392fa8e7cfb4b2dbd7d9318b18321a7,1
4447385223,canonical_job_bc2f246cd3024381af57d26de1bccf94,1
4448094625,canonical_job_0f9dd05b6e954271a4c33f52976a0497,1
4449564093,canonical_job_8e578e85db5147ca9e070f0c1bf25e06,1
4450134488,canonical_job_e22257f776b74fb5a912ef538b35590a,1
4450475835,canonical_job_a576cf9884cb4e06a00554a839818b7f,1
4450484347,canonical_job_9fcd056e32d343ab94945ed8143d7a5a,1
4452228388,canonical_job_3d9cdf57b9c54eb4b2500eb17e0fc346,1
4452264185,canonical_job_80ca88355da74e6cadefabd1921b707e,1
4452429501,canonical_job_1a0c8d02c92c40bbacc862f743358169,1
4452817162,canonical_job_9fb15acec5434070b95976b1923239c6,1
4453430200,canonical_job_c633fc31a3124f7fbf4987dd52643b8d,1
4453857498,canonical_job_381a2b0b512146fc8a0d39daa12d386b,1
4453858871,canonical_job_6bbd373a41904588996f566ab8d155d7,1
4453872591,canonical_job_6ed8141b1a9a4be8b6c6c05a9eb3743d,1
4456597970,canonical_job_838b2747b70d4049a36bd4918a7849cf,1
4456922068,canonical_job_e6180f2815294a248c33f77782b5c885,1
4457249454,canonical_job_4674fbc1924c4c6b906ddc905beeaf66,1
4457745530,canonical_job_0e1cc52f3c9f453e8c93a8df8e0f9cfc,1
4457775170,canonical_job_b65bb9565746438d82ed745096c2d211,1
4457792172,canonical_job_84a8a6e06a4e4435a63e3dc12296cc6b,1
4458424573,canonical_job_549742f5567e427b802cbc4efdaafe9b,1
4458896195,canonical_job_78c1e3332e8941e798770d00b57e1818,1
4459201446,canonical_job_95b065efd4c44791b05dee92fa7f084e,1
4448174622,canonical_job_055125ef086a43b78890cc23b243e88a,1
4448301568,canonical_job_dcc687661e934e0ca5408a33863fe523,1
4448308590,canonical_job_d24022851eb64f90a278cfda8bc20191,1
4448309591,canonical_job_42b00e4757a04a2b99bce6eae9b7708a,1
4448851725,canonical_job_5e9e4ea77dee4ebcaff5daea30c89bde,1
4449625921,canonical_job_1867fc2d52df4dcaa6446ba5b96e1dd7,1
4449635260,canonical_job_7a4d14ebd1b84322b44287357526431a,1
4450215826,canonical_job_0359e3641dfd4441ad5870954bfaf7de,1
4451539896,canonical_job_20c6c26ed69c4c8faf00a5a017641ff4,1
4451546007,canonical_job_7db1ab82187a48b08d4db8ed9e65e385,1
4451556012,canonical_job_a305bab1b5804f689a295044015f4d7a,1
4451902109,canonical_job_c2256031faf046d1aa664158c08536b1,1
4452431927,canonical_job_5b848a3efe764b108e4ab396c340a7ca,1
4452463547,canonical_job_98da1d7b59394f328c0acd59db9bd8e3,1
4453080047,canonical_job_d442b0021db14cf395e32d35b2a83322,1
4453087896,canonical_job_64307c5b56a24e4a80d35d4056e98ba8,1
4453093835,canonical_job_db33c24e4525458aa560fae3fba49abc,1
4453530144,canonical_job_131bcea09d6a41af82ff1c3de4b695f7,1
4454518990,canonical_job_4ec16e9b346144bc85dd4d351f3907ba,1
4454526968,canonical_job_116df976b52942328834a5563aa889c7,1
4455245850,canonical_job_b2ead716a1c24672ace26769217785f3,1
4455257250,canonical_job_5a4323d6bde64f65b77d3844b9e365a8,1
4455287704,canonical_job_193b27273c1f40b9ba628b6ec4c71760,1
4455301849,canonical_job_8b323a8aca6a48a8bd2dae755071df3e,1
4455303625,canonical_job_e52a3c8c8b6a4f96b56bde81bc2f789f,1
4456171962,canonical_job_918ba59943f543c7a9329fce87077b6e,1
4456178961,canonical_job_012589e007634237bcb98db2f2c8afdf,1
4456316174,canonical_job_cc6afa75272147799bcc3930d1cef3b9,1
4249886675,canonical_job_365a26fd0c4441248d8564f9dfdf41fd,1
4295009715,canonical_job_49ec1415d13943e2a69d603ff5336330,1
4334707273,canonical_job_b765e32b64874bdcb44dbae5c267f59b,1
4335223885,canonical_job_b16fc8eaac58454caac0bc95fb0338fb,1
4365092086,canonical_job_0f868978045940328d3be5f36e3fd626,1
4369604833,canonical_job_92ce6c335459434bbc0651341ec9c450,1
4399882169,canonical_job_aec43bab7bfa44a3b38d60d18a7a3627,1
4422903317,canonical_job_b2e6b40a96f540ca88f4c0cd251593db,1
4431739073,canonical_job_52aef7af02114644a32458a49ddb592d,1
4432552504,canonical_job_6c12b91a9de3488fbe988dccd8d80e50,1
4434710113,canonical_job_715db88595624b93932ca44379412d0a,1
4435158855,canonical_job_20ea5a89fd3445ec816cc27a9f4c3957,1
4435817883,canonical_job_f5c3805c4e10460986280cca049d7d6f,1
4435817885,canonical_job_eeef37bfc2db427ca19368fd9ce4b6b0,1
4435818904,canonical_job_566ee3b534154654b32fbaaedc566ec3,1
4435821786,canonical_job_0a6ff4b26f0e49ccab1763fe432c49a2,1
4435824693,canonical_job_a1b5042301cb4b4490171b8ebeef8105,1
4435827635,canonical_job_38c824100b1c4f7485950c691b02c480,1
4435827636,canonical_job_9a6ccc52ab6642f6b35b87609d63cbe8,1
4435832159,canonical_job_b22d8524d8fa4aa88324a0edc77a96a4,1
4435832160,canonical_job_2e3e8cdb668047688d6381afc65921fa,1
4435835043,canonical_job_09b585369cef4f5a97e2bd3310adc204,1
4435836032,canonical_job_60e69b71b78d4e60a448ebb60233571e,1
4435837014,canonical_job_ef442be3e469417dabf01dc488e33585,1
4436114470,canonical_job_500184ba357c4ea5a806299b01a6b96d,1
4436117425,canonical_job_31df031fe1dc4db29f3fbeea8b10bf3d,1
4438200110,canonical_job_9d45d85862fb4e22884df5df712b4c0a,1
4443252621,canonical_job_1b6d52ebb7dc4f33ad78a629a1da9fed,1
4453093604,canonical_job_3a3b3b6cd031465dabb1180129e82a97,1
4453697234,canonical_job_2ac37f978fa2446ebde7bf5305edcc02,1
4456325986,canonical_job_7316222668f940ea90fb99caacf51259,1
4456342047,canonical_job_ba73349225a84297a4e9ba997b3dee6e,1
4456343004,canonical_job_45edf1a42981491cb6548e65508c2da3,1
4358307301,canonical_job_6e5292e391cd484dbff378441e005061,1
4387864265,canonical_job_0c7c7ccd342a4fa981afbd867e87a68a,1
4388394432,canonical_job_ce981a7e4f134cb6bdb43466e09440ff,1
4436360967,canonical_job_7c3d99ada3e54da58061b997fb6c9c03,1
4436763487,canonical_job_13d622613ec141fd91459c2af0438945,1
4438322987,canonical_job_e1589d75981c430e81456801fa86b0c1,1
4439318113,canonical_job_114c6b6c53674a76a395a2430f34fd51,1
4440584594,canonical_job_378c05b439c047a79ec0a93e47050920,1
4441973007,canonical_job_b21a1dcf59e54475a5294b26b22b4e1a,1
4443935794,canonical_job_65022913989a4b32afbe13a03a961758,1
4448836924,canonical_job_69af26d53f444f54841ad3157fd9df84,1
4448848720,canonical_job_64120313dd404bf780f37b58c7b062ba,1
4451569465,canonical_job_6d1b9ae8625640f8883e3510f8adfc1d,1
4452378727,canonical_job_18b3216d93864937b297495b7faffbff,1
4454500710,canonical_job_628f71cfe56844c286f8444fffdc32d4,1
4454970821,canonical_job_796ecdc403b643aaadc8197a19172fe9,1
4455273507,canonical_job_a1287937b0f94a32a9976fc898f2a86f,1
4455598671,canonical_job_ccb5357903814334bde9eb6307b9a5e2,1
4456493583,canonical_job_4085c2bb77dd425abd557357579a5045,1
4436578684,canonical_job_a91be566e34048c0a00488b65806bb38,1
4455406704,canonical_job_dd1b9953b1774e749300416c106e55e1,1
3952836851,canonical_job_5d0146c550d04f2b98b2b4cf663fdef6,1
3989114031,canonical_job_93691d69db6b4bdba50561a409a0a1b4,1
4044693011,canonical_job_1e6cf5c7144d44a9b83424b1cdaecbfe,1
4191897480,canonical_job_8eb922d918e545c994fbe2da708770e3,1
4307367935,canonical_job_ace2f720b8184dd3b3656276867820b5,1
4316932593,canonical_job_389d11666a9b485ebab1d2f84e2f05dd,1
4324305642,canonical_job_04407629a25346f6ba8645318246bf78,1
4377267864,canonical_job_9837b92fbf2c412da77b28f19022afc6,1
4383931865,canonical_job_3a3473d62c184cbb9cfdf42b10a1a626,1
4383939634,canonical_job_789a58426e434ef3a5ebb2475d3f3f00,1
4383942555,canonical_job_a40e305847b842879c938940cf86f43a,1
4383943511,canonical_job_a43677e92bb24eb6be8714a0be5f5e38,1
4402167729,canonical_job_361e340abaaf45be99079f7b4d27b423,1
4409333532,canonical_job_f9a33caa86ae42188ab38dddaec46cca,1
4418580802,canonical_job_10e2cad22daf4852a2b997ac2f89b2bf,1
4419051661,canonical_job_3325ba6a27814b9599d1f91282a7010b,1
4419060382,canonical_job_ae553da6544c4e39b2eb81cd5f229635,1
4421792565,canonical_job_3999df39fc054b0eb6dc7d2815aa112b,1
4423925052,canonical_job_de0affebd0f6438d9f6643afcee65de9,1
4431824981,canonical_job_4e3641a09bd141cc8d3f975bf5c28488,1
4433229329,canonical_job_51e2358d32214811b01130e3eea3eb26,1
4437991777,canonical_job_b2f43fb8b4454029af36af6e7221bf65,1
4442631367,canonical_job_a4a7944e72b844baa9cdc04818368e69,1
4442636124,canonical_job_0c78829a683c4b3088c753a60d2a291c,1
4443497215,canonical_job_d695565e20e24eb395e96dd6a589acf6,1
4443807153,canonical_job_7859fd4b00c14ceda4b655cfb30859cb,1
4446075206,canonical_job_5300c3ec78674780952d167d633c1d86,1
4449734501,canonical_job_e946dba103594df4bab09f587d7e5ffb,1
4452396395,canonical_job_597b83bb3f1b432aa966ea7eadaa6802,1
4453213496,canonical_job_a1d7bbfacc3249429b4eb74ce2080205,1
4445934196,canonical_job_03c4075bc2664884a689c208b149be0e,1
4453530926,canonical_job_a8289c9eff1f431e9cddeeabe24743f8,1
4453541035,canonical_job_c7fd29f1818b476babb51a43ab03eb98,1
4454832936,canonical_job_2756146b096c4139b76f4418506ad701,1
4454838901,canonical_job_5b24b427cd9e423880ecb58f5e565525,1
3798682735,canonical_job_d241ea67ba83408b9b283520005b94c0,1
3814724325,canonical_job_2e6003993afd463b9642f4d408be3eea,1
4385941499,canonical_job_c769d40547154986991a63b8e72a3527,1
4402755254,canonical_job_cd251b7dd2574ff6b17638cd88d629a4,1
4427209730,canonical_job_0db59386e593405cb446bc59c8d4a693,1
4427210594,canonical_job_1456334721234de3826ef7743ffb559c,1
4427210596,canonical_job_84296dfd570e4da3acf4c193119e4953,1
4427211642,canonical_job_286cbcd92e6d47839d081dcb3ed0a8dc,1
4427216579,canonical_job_fc3816bb815943eab3b2ce5495d445e3,1
4427223522,canonical_job_15fd383389c3437fab903d64bcba240f,1
4427223523,canonical_job_ec5f6c94193f4e7ba65e52231a261e5e,1
4427223526,canonical_job_6f421e9713d24513b6664f314baef458,1
4427229456,canonical_job_af21ebb9aed14d57bb49179b0b9ac736,1
4427233012,canonical_job_5acdf9da71dd4984b436e4d8c7beb602,1
4404177962,canonical_job_bd5faa6f874744e987eed84ccf07d6db,1
4404178964,canonical_job_74ddc1c7207a450f9292d1c2913bfd7e,1
4404178967,canonical_job_1ed4934b21a84ec5abbd8ea07b99b9fc,1
4404180913,canonical_job_54560004af784216ad187be208959914,1
4404186239,canonical_job_364cce00639749b08cf75ae9f15ccfcd,1
4404190172,canonical_job_cbf63732397743f7af7ba0cf241b9758,1
4404191170,canonical_job_c0ef76f5c7484e0ba6981b8f810c3717,1
4404191171,canonical_job_233ca5755ebc4e8198370d0b6dcfae07,1
4404196111,canonical_job_650549f4dc0d4bbf910995558736e395,1
4404198059,canonical_job_d5febe90b7554ad093d33087466f179f,1
4404199017,canonical_job_0873e0e493bb465e8b7a0df481a2a599,1
4418729175,canonical_job_243adef4ed0348d894b4a2fd51d61b46,1
4424887396,canonical_job_deba2f42f9fb4b81a17bb8f0e8a3c4e5,1
4431905968,canonical_job_be787328acf84355b97fa3d6e9241852,1
4432774896,canonical_job_0420bc2e5e1e4b47997871ba6943a6ab,1
4432781658,canonical_job_cf732bdddbb24d6fb5d9dda8175f4353,1
4433585988,canonical_job_38b6ee85e1a34a8cbf805e257338f742,1
4437670463,canonical_job_9d01e459e8e2400aa4044571c756f705,1
4437685346,canonical_job_901de543fb4c41e6a6e358526b733e20,1
4440134054,canonical_job_7b8cc9de97034ce786b14bc92d9c234f,1
4448759723,canonical_job_6044256b23234aeeb409a73259aaed7b,1
4455870370,canonical_job_eb222186004742ed844defc3b36dbc2d,1
4457752511,canonical_job_baa5a33953ca46cbb66674be4c2616af,1
4457757496,canonical_job_6519c403632141b9bd98eb2370ab25bf,1
4457758093,canonical_job_4c847ed4f04544d09339854fccfab6b9,1
4457759465,canonical_job_67bcdad417ff4e3c85eb6323286bb059,1
4403768742,canonical_job_30740739c74148f1bd1aae5d1cd1238f,1
4403771414,canonical_job_3193c548c79f465787170639127af17a,1
4403773385,canonical_job_02eef10824b54155abd76ffc6bdfcf69,1
3822162174,canonical_job_939df717c84144aaa6467593bdd13377,1
3822165037,canonical_job_889a2e5c740d4ccebdec62e9a1138f22,1
4012611317,canonical_job_17c99939c7b244599c2cfa6677bbc252,1
4119704440,canonical_job_ea3ce4d0d7a5404abe9d2cb22c1458bf,1
4181739457,canonical_job_1d1c130edcd44a838fd9d573019ae4a1,1
4285324542,canonical_job_f817b3b9293541399569207d65a05a48,1
4331612868,canonical_job_a5b7c6728d154cec843823349d6df07c,1
4343281478,canonical_job_1cb34a5d5b3c43fc98c950ac8474ba5d,1
4359749833,canonical_job_d07a74b768eb4a3c8c010e0e2e0b039e,1
4365249690,canonical_job_cb9ffbf3051e4cdfb1df6721d3a12cb6,1
4366717061,canonical_job_079ccef3c97140a99f4fedd2dc9222d6,1
4369464128,canonical_job_b7be0d576d5641fb82e359fac1db62d3,1
4372230395,canonical_job_542d54b8da664b029232dbfa98a26ff7,1
4378307847,canonical_job_c8abeab7adfb4b91983b6478efda5792,1
4399819803,canonical_job_7bcd76583fb14f4e8da0d4c87f1a7cb5,1
4405248740,canonical_job_e4a0f3668bae492488fe513d406cf9a6,1
4405250726,canonical_job_6737a4615c54424088e441a867cbf54e,1
4405486774,canonical_job_4cb5bccb8edb474c9f9b8a72c79e8308,1
4406814675,canonical_job_0a2e32db7cf74bcb89c107b1a1ccc05d,1
4420689234,canonical_job_0e66530973804b0497fcf8299751a3ac,1
4422318191,canonical_job_f61b6aeaa3ad4da79f0347124b8ccb8a,1
4432519095,canonical_job_a07bae35036e4d1d904413dbd446d233,1
4432523004,canonical_job_2cb4c535b09440559580bd031b03c237,1
4438885476,canonical_job_53c23a5a33204bcc8a57a73b2a078791,1
4442970209,canonical_job_227dcb0fd9bd4a92a7236abe3b4ef7b0,1
4443489503,canonical_job_7b0e95d251bd455389cccef9fa0a57d9,1
4446539633,canonical_job_c2a787ae0c33434eae2c8f57511dbc94,1
4446560008,canonical_job_68acba4989ea41aeb215789f88062024,1
4450040738,canonical_job_8510f4ca9ab340fc98acc925ab4f96ad,1
4453641304,canonical_job_2ab96b49e3644d329bbd47c35ef6b07e,1
4457068948,canonical_job_d99f1e58b74b4f459aaceaf2e6dbfb85,1
4458578533,canonical_job_ed9b11205e4540d9ae60117605e39287,1
4436655224,canonical_job_ae98990c403c4920b593f16a4b0374a5,1
4445559702,canonical_job_9b4dcf174d2f4e299991b83a004ac999,1
4455235554,canonical_job_b4845a15775741f0a5d0bdaca3214043,1
4456776724,canonical_job_7a9fa657816e445ab60dfddcd5afaa5d,1
4457099245,canonical_job_7515262524aa4588a2fa0d4ace6c6580,1
4457310860,canonical_job_bc41b7ce5eec42b98710d397a88b596f,1
4457389201,canonical_job_9006de7988b54e01af6dca36c92f392a,1
4459189002,canonical_job_14ded6caefff4a598421456991add13e,1
4461038010,canonical_job_7a84772bcbfb4061b06611ba1a4ef96c,1
4414962281,canonical_job_abfdf4d4771b4d5ead2aa39f6490824f,1
4414964146,canonical_job_15d38e3aec954552945a5ac294ab637f,1
4430982801,canonical_job_4811c095543e4620a9c3fffea03acc54,1
4430986713,canonical_job_e2a2fc0696224f39b82224dc68bb2db4,1
4430989658,canonical_job_56cf2f86137a4669bde9b5e1de2d4142,1
4432232357,canonical_job_633cc66cd6354a2e9019c835b6b3d050,1
4436115584,canonical_job_cd6d4e62cb6f42f79cad522b29df9c38,1
4436115585,canonical_job_bd68f8048137422ea8a2febcccfbc121,1
4436174332,canonical_job_2e3e375c02ff465e98710ec8364c1f8b,1
4441603801,canonical_job_51793b2e050a47b5940df0b2b95ba085,1
4441610539,canonical_job_4cc616132b7b4eb2855f66e96615e09a,1
4442586845,canonical_job_60fead492c5547628c8166a44df139fc,1
4446323748,canonical_job_4a4554c1247d471da62e627f555f9cfd,1
4447286701,canonical_job_4fad6319f4b94399b5862662c664f200,1
4454575024,canonical_job_cb52de78d1be43f28174a685bb075d67,1
4456733865,canonical_job_91bb48b870b948adb3890b8a9a39177d,1
4458189243,canonical_job_804d96bc23c844f5abfb49fa8a056bb8,1
4458733296,canonical_job_8b0e20be051548288515afda39325faa,1
4453472595,canonical_job_08c194e0f5e649898dd5053b169100c4,1
4453475602,canonical_job_29cc8ca8d46c4a94830405877da26fe3,1
4457232185,canonical_job_5064d76ddbac42f09268afedb2591728,1
4457235166,canonical_job_98d6716f96a748d895dcaf7e1510757a,1
4382944819,canonical_job_04f1b799289c43bbae88a5f3446307fe,1
4382946777,canonical_job_b0305b349b0149428547bc0c03076650,1
4382949745,canonical_job_d48f96e57d4948959a0cb5ee0aaee91a,1
4382951712,canonical_job_12741ed7f5aa40259d478287b66c5c38,1
4388341732,canonical_job_7717d440530f4f939845f5f0437d9fc7,1
4407828498,canonical_job_c567ba307d424b84b469895780d8ee85,1
4410736309,canonical_job_feafe08951494a1980895bc270441359,1
4410739260,canonical_job_2462614016094b2cb30f401235ca58b0,1
4412741960,canonical_job_9eac534c26b740149fe2ee2b61313331,1
4415357272,canonical_job_504a7cb7b08f4d37adf99d09750e42ce,1
4417771446,canonical_job_d6dd70a22ead45db80dbe6d2155dc7ab,1
4428959834,canonical_job_450a86e240f845af8043a744e91aea49,1
4429551860,canonical_job_eb703fe784c54c1887bfc45b92ee94e9,1
4432231538,canonical_job_653b5489f3ec4d80a5f4d383e8e47a2a,1
4433835234,canonical_job_a102b3a4e2c4464c8763b61ee40e6244,1
4433970747,canonical_job_80a17b1a81814f06a260a023a7112515,1
4434455915,canonical_job_cca39cee0e0e43e894696035d8c2ed28,1
4434469313,canonical_job_18c1007e0e7e4f0cb4ea3eb807ea40ed,1
4434531237,canonical_job_ee7b435020284b1cbd7f1247b92684be,1
4434531242,canonical_job_53250c2dbd7a46b6b9983a38175ad600,1
4435168762,canonical_job_2079f3641783478eb9b68b2105cbd3d2,1
4436383282,canonical_job_e6cdbb305a124e9f927b9e79cf6878bb,1
4436775144,canonical_job_cbf048c7c2b54e43ac4c2af2aed5a053,1
4438265582,canonical_job_79d95bbab1394ac28dc47d1f4bea816f,1
4439220031,canonical_job_5de2d3f37023468e8cbb26d24d393780,1
4441964690,canonical_job_171b168c607c4ed0860d774e0b554349,1
4441979075,canonical_job_19b41e46b3b6498cbf6c8f44e6ae2c33,1
4442135178,canonical_job_c617aa9b7d52405badb2cf102fa16ffb,1
4442857001,canonical_job_d44927d9f76a4aebb1776b0791a8ffdb,1
4444417931,canonical_job_edb199deafcb4172b48e7eddd93de0ac,1
4445979388,canonical_job_8856f164c7374e549f6df5657e88b4c3,1
4451511810,canonical_job_b18d629ba3ee4d60ac91dcfb21c77d76,1
4453875352,canonical_job_13ba700578e146aa89e3e16390267299,1
4455888524,canonical_job_2848b83ae4f34d53b95713fdc407fd1a,1
4458232860,canonical_job_4945837b096b49eb87722215b5dd601e,1
4458782424,canonical_job_2a75f8470cc047ee9f9f1d4848e43d6b,1
4460330142,canonical_job_ef93d74325bf46a6827f90e94e60f9fd,1
4448882343,canonical_job_68eaed9cd77c41be943cfc8aa64286c8,1
4455741725,canonical_job_2d4c2aac318c4b4790155df28529b946,1
4456317143,canonical_job_c0a9a5b5e3ac40458b24e8ee487e6bad,1
4456321083,canonical_job_4f9b84be894648bc983b242bb2ad5808,1
4456327068,canonical_job_6de34f86ac184da2a687e8ec4e296669,1
4456331021,canonical_job_ac40d2dac5374bd79e567d3d587044f9,1
4456460892,canonical_job_112a3a940d894a4b83edf89355b4c22f,1
4456462934,canonical_job_e7a5704642b747a1bad872460c9537ea,1
4459148451,canonical_job_475b86d325894f3789a2c6031987a791,1
4459816457,canonical_job_a380b620c32947da9d050aa5b5f9815f,1
4460102677,canonical_job_981a379e3a3f43d8a2e03c06ae8d024a,1
4460104264,canonical_job_80b4ff17438d449fb2c5904c8b6ab168,1
4303631418,canonical_job_824a0e0cfd164ac0a3969e6d007ce74b,1
4380613180,canonical_job_fe01c42956e2401fb47e473f8857869e,1
4380613182,canonical_job_b8263fabbcf747a38fec47d9bf59c71b,1
4380618042,canonical_job_d3681e12567c4578bffde1bbbdcf9ec0,1
4390779698,canonical_job_eed7e34f99e04debb92c67779476254a,1
4413132890,canonical_job_39d1a108593543a288b51eb867c3b28b,1
4421451985,canonical_job_12e9cbc204414eaeae243191134d09e2,1
4428485215,canonical_job_7ad4ac982343468b9935e32ea549b58b,1
4444856262,canonical_job_8dee9b70aa3643f4ba9603165bb570a2,1
4446042570,canonical_job_b0e95c6a41ec474e9acab7786cf8e23d,1
4206536994,canonical_job_734fd4bfcb6b4f93bee7ab77233687a3,1
4206537759,canonical_job_5a9899ea2c124a208eff28d34d8b1f29,1
4206537760,canonical_job_dacbea80c15f405287dcf4a2dc1555c4,1
4206539417,canonical_job_8baa3e6267c4411696e5804e53ed24c6,1
4295458267,canonical_job_fe3e47fec0244de39df758bc44fa725d,1
4345989720,canonical_job_12e89808793d4f88b5d00edef786f90f,1
4381186263,canonical_job_a8fc8589b9254f969ac8196e4cf1c80c,1
4388260248,canonical_job_d434bbab67f84a99bc6d78c4a931e398,1
4393271481,canonical_job_09b4a49bf7964fc3a83a856895f0c1c2,1
4403407980,canonical_job_7fa3d8ffa00544e4b71647f42ebb129a,1
4427147820,canonical_job_b864d6bdbd514605b9ed11b3ea03ba34,1
4427150707,canonical_job_87835e8dda8540fb8a61addb448d68cb,1
4427156674,canonical_job_c5e90790b8cc4eeba890eeb51d761533,1
4429768148,canonical_job_65be2b4870a04222a17bfc3ed8f86b8f,1
4432795049,canonical_job_60796591a8a84c30ab3e63d0b0e30c34,1
4433793478,canonical_job_1ff1347f2d0e46649f83607f86276536,1
4434515019,canonical_job_458b82994e3345f09f7679d406f8b70a,1
4443201668,canonical_job_d0f4bbcb943d479abaf9310b5dcd3b3d,1
4443208439,canonical_job_42822521da6d489d8e0a8b176a94ce8e,1
4443211475,canonical_job_19bb48e4fa1d43f286415375dfef00c7,1
4443927927,canonical_job_ce38e92c880f4cf9b2510f4ac96fd205,1
4443931755,canonical_job_463d66330e2041c89cf4f2d3be1cd818,1
4443939484,canonical_job_32c19deb9a5d4be4ba0799e1910ed28b,1
4443939485,canonical_job_cbf6b6dc65444542addeb0ac9605e1c3,1
4443943336,canonical_job_914f8c1616474de0936111ad6ce7764f,1
4443945267,canonical_job_6ce511afa5ba40eb830e290bf2c024d6,1
4443947220,canonical_job_e026076779c0419ab935ba85fa71c805,1
4443948197,canonical_job_9478c3a2fb1f42898fadac64c8abbb4d,1
4444900305,canonical_job_be92667fddec48b0a5bb7b0353065248,1
4445286813,canonical_job_c6462c391028444ca0d113b49881836a,1
4445306112,canonical_job_7a70485af670443fa627b7247ff907fa,1
4446284489,canonical_job_fa418464afb1475181e7228a42c24e93,1
4446543496,canonical_job_36f9fb73ba944b60b00921dc55df063f,1
4447336552,canonical_job_4e47e274a177426ab5611eb6e59bfea4,1
4449201032,canonical_job_580819f2efe34f539657a8b6c9408441,1
4449965879,canonical_job_d7ee47a9dbc54732a9fa3d2698b9717d,1
4449972842,canonical_job_ba98f158f27645a2b73765fa9ff78d18,1
4449978741,canonical_job_a6a1b54bb47a4ca9b3e56ff05035de84,1
4451029913,canonical_job_4f9905ebeea44d04973851ebf59bd695,1
4451035484,canonical_job_5ef15f3638e543ad858152f6b26b9ac2,1
4451037465,canonical_job_ccfe8ac17d7f49d58831cce694c8e8f1,1
4451049102,canonical_job_c04c437a259a4b4fabc7fba4219b53aa,1
4451051101,canonical_job_4e77f6e786b94ea3bebdc8e8cf5835f4,1
4452889558,canonical_job_c158676faf064e09abfb349a824c2d55,1
4453405579,canonical_job_24d545dfefa64d0099951e2e88a6cae9,1
4453643322,canonical_job_eee793a0d69c4198a72217848eac77b3,1
4453647316,canonical_job_b1229fd72ec04b749ccca5728796b6f9,1
4455869021,canonical_job_0eaa84597f024b16897d95c7f3526309,1
4457554918,canonical_job_23c329cccd0f461da85027dcb647539e,1
4457560957,canonical_job_8f659a10d3f74abc998e6b31e4a1f52e,1
4445168801,canonical_job_a13b4f7ae4a848beb3e7d69c7e83da59,1
4446169105,canonical_job_1a1dbf7db92c4544b1d4f87be647ae3d,1
4440391177,canonical_job_10fdd3492d974b7980ecb1a0d6cfdb43,1
4440886672,canonical_job_2bf5e4a4e9c440a89f2c47153dcef5a4,1
4440895311,canonical_job_cbd87f450cc84a60bcdec5f1fcd0cb45,1
4441907926,canonical_job_4ad97ba40707463fb4bd2f396519e0eb,1
4442271877,canonical_job_3a828e304fd74d99931d2b05ccafa763,1
4445293324,canonical_job_7fa1da9aa61641b6aed4021faf74be78,1
4446194086,canonical_job_f999b47b6b19453987b340a7d2638d10,1
4449490538,canonical_job_d9ab078559c849359ad13521da53ab07,1
4449937728,canonical_job_ca2801450666450da8536d6ddb9022ee,1
4450030838,canonical_job_b98c9d87651845398593474286fc944b,1
4450034552,canonical_job_0f49e34270614693aa292bb5afc9eb55,1
4450035306,canonical_job_8d0686d985f9401782e2f3aed9167dec,1
4450044157,canonical_job_f8ba3d63b5054b44a899dd2fe4262ef8,1
4450044341,canonical_job_06a5ca0ce3a643bc8cda0e95e54e39ff,1
4450052082,canonical_job_fe5bb7571f3a4f85bb686fbef6f12ee9,1
4450851321,canonical_job_5a0abe8f0e894b86878271b5e430860a,1
4451608052,canonical_job_0b2012e9cea64dd6ace1c20cf5ae1aef,1
4451611086,canonical_job_1efadd83dbd44f33b62f6254a5bdf774,1
4451620015,canonical_job_ec6f760ddd764fb7ae7551214d21c06f,1
4451620030,canonical_job_cf974982456b4db6aeb877d978cdc5b3,1
4452061601,canonical_job_f7fe21c327a94e5fb4eb7343e692e1f8,1
4454355951,canonical_job_a7c3f1718be34f53a9b8942f457d8974,1
4454369095,canonical_job_81778bbb385345e18f4b41043567f3ab,1
4454826391,canonical_job_3e09a5e0d7104de8bc164cdce901967a,1
4457060459,canonical_job_03d6ac2b13d24616bad3ee32c9dd7108,1
4457072336,canonical_job_d2bad1fac6804a9487272a35cb6b3432,1
4402822761,canonical_job_6423f23d57a947859388e3760e5adb46,1
4413378190,canonical_job_43e68833ad3d4df9837b00e28f0ba6c0,1
4413698126,canonical_job_2362e69fd0a7441d92bd0cc473390e12,1
4422271619,canonical_job_dcbfb5c25c034823b7af3aa99ce10e31,1
4434539053,canonical_job_b7ee43ecd05c4028a69593519bc4bc32,1
4447378453,canonical_job_4966d396493e49a19af080b1c0c3b992,1
4454600472,canonical_job_ab55ded5828548ec8937c6a4980eb071,1
4457710636,canonical_job_c93e1d66907f48faa04157a889f27e7c,1
4458042179,canonical_job_6a9fc9811502461b8f71a5a6b24b5ce9,1
4458089357,canonical_job_3c5af1a5938f4971b533b8d8fb61936d,1
4458866435,canonical_job_245bbbb55f414cd7a384de58b5e338c9,1
4458869393,canonical_job_cfa7e10088244cc4aa1bf94535a84d63,1
4334930719,canonical_job_d06605c94cad4ce5adae777a0e9ff3a3,1
4412994466,canonical_job_aa9770c959af4aeaa98ce53661570432,1
4455525151,canonical_job_f8454cc123ea4d3a8c7318f1bbc47927,1
4457237708,canonical_job_dcd2cd38d8f846f894ffd40b0c87165a,1
4458865042,canonical_job_d2e68dd27a66467884155fbcbbeeaf8f,1
4450485030,canonical_job_0ad3df6b00e045ef86336904deeab042,1
4453889871,canonical_job_8314e171bbd14b9ab5becfb628f43639,1
4459766631,canonical_job_9b900810e87f4f6ba61e84fdd1f1ec07,1
4396041877,canonical_job_b8b274a79ef5420c8ddf5551972fc219,1
4447248586,canonical_job_5f842511509745ddb1e3c036858fc897,1
4450055050,canonical_job_13c1cdbf32aa4a26b47d8b39e3259cb8,1
4450547584,canonical_job_65bc824d167748d498be4203bc797a17,1
4450549446,canonical_job_42a3934934584b018c0c9883129765a5,1
4112292134,canonical_job_38e196498a394c77807f6247c03044d0,1
4342827628,canonical_job_74fcf060fe2e4e549c78028bcf3df96c,1
4342837714,canonical_job_2dc1af1a9ced40dab8302e6ca51b77f3,1
4342847776,canonical_job_55f1bf089ca04ea09ee8a5b5c96d2606,1
4342867630,canonical_job_8d6fbb0df13f46e5bcdf35a5e22fb17f,1
4342917423,canonical_job_541c782da8dc4eeb8ee3fa4c356e6c2e,1
4343006871,canonical_job_475ac70a19834e6c8c2bd93ea6cf5498,1
4362457930,canonical_job_4297216b100d464eb9312273097f06fc,1
4365515852,canonical_job_d43ed35cddf144ca83799aa37914daa1,1
4367121332,canonical_job_28c7e3cbb5c4443d8be444cf636f1b0b,1
4368189135,canonical_job_63dc18e7fd8243e58db826c3db0d5841,1
4370395898,canonical_job_ec78e2a197e749d79821dedd9ff96f1d,1
4370506573,canonical_job_58dd52cfb7f74edfb244b1c2de8f28e3,1
4371026560,canonical_job_e1cbc422c85d45eb8c8dce370452cc6d,1
4375818921,canonical_job_3b1b31c9e3504208b47b8260d5d55e2e,1
4378383432,canonical_job_09bc9d63eac243e4874e94ce647cc510,1
4384342509,canonical_job_4bede009e0ce4087879b21ded09a9d85,1
4384877901,canonical_job_ace4f3da3a4d4575a21eb20cf225bb28,1
4390301823,canonical_job_04182d4f11634ef88b2806550cd99dbf,1
4403134860,canonical_job_3aae57d182fe44908305c438268b34e9,1
4405826101,canonical_job_158ac4ee36aa43eba4e27c8f878eb699,1
4407820925,canonical_job_05b9f9b2452a4600aba5654d25a8b398,1
4408831682,canonical_job_f5991dc3ad8a4a5986828f7b83e6e793,1
4409271690,canonical_job_0c9531de56184a7cbcebf9222ebb3f4c,1
4409280163,canonical_job_728fe36b2f60478789c598de2cb338f0,1
4411894153,canonical_job_622f750bf4fb424485ae4881c8c36bae,1
4413404939,canonical_job_49828aaa64f24512b959e1e77f14c357,1
4415367198,canonical_job_a2b7750730d84799b91117900672a28a,1
4419406132,canonical_job_0299d2e00a2f477db8d39b54d59fba8d,1
4420415165,canonical_job_5b18fdd9a5cc4cfc9899d380b67793c5,1
4426499903,canonical_job_7f6eeb1e997d4ddfa03762ada241e1aa,1
4429984985,canonical_job_c2c7421a1a954a4aac7252796298b35e,1
4429991122,canonical_job_2347382ccc92495b8deb536a4a5235a1,1
4429994126,canonical_job_78c054f59ae2440498e7905754c15bbe,1
4430940865,canonical_job_9caed05abc864f64ad3c39f8096631a6,1
4430943765,canonical_job_1aeb99f129534ac1bcc132699fe5576d,1
4430950120,canonical_job_beb5bb581a5a41aa9dd61496f7dbed6e,1
4430990956,canonical_job_84993f99fb3542248aea4b3b7c808b14,1
4432246750,canonical_job_d5f5e0b5667542ceaa75eb4484de6aaf,1
4433086887,canonical_job_33edae8b80a645f496b7a2d1fd8ddf79,1
4434465615,canonical_job_9b0e0e5a2e4b4ee09c34ab49ddc9a984,1
4434470547,canonical_job_c915e282e1464972a54502afe7fda80a,1
4434480119,canonical_job_d865fa18781843acabc0ee9f9d21e985,1
4435193013,canonical_job_0aaf4b8250144e5d8afd9656530b83bb,1
4437161843,canonical_job_d2079aa333e1429eb7b50c22d84c558f,1
4438625659,canonical_job_059f70641a76404cb7b44cb9b869e61f,1
4439057387,canonical_job_53053745cbac448cab1ad573b935164f,1
4440016648,canonical_job_9f1da7c9b77344569f0c7ad2409eaabc,1
4440071920,canonical_job_2ce791d476d44636810d9c4921c00ae7,1
4440976140,canonical_job_1254978304f4494fa39d7139cd73e350,1
4441630355,canonical_job_bf91d618c02e4a01ba9132f4d990fa6c,1
4442703517,canonical_job_3c91ed84be1d40e296fe12ceadcf55f3,1
4442713145,canonical_job_bd99af648d1542f4a1edf4d4fd6df699,1
4443908051,canonical_job_4f3acf6faa6c46ae89a091b1f35ed7a8,1
4443971056,canonical_job_3b7b2cba0e07452287703cbad018d970,1
4448168979,canonical_job_a04334e4fd954a48a2945b0c4d2305f4,1
4448170450,canonical_job_b653dd7b8116447babd3ea3d3773b00e,1
4448866292,canonical_job_a7436a86a8a84d50a9df76bb4a807a7b,1
4449995303,canonical_job_1fa64e5bc6bc4ec9ad7fc67ed447a69f,1
4450232952,canonical_job_ea6354aaddee4b62b9f20c4149ea6015,1
4450247048,canonical_job_d57f5a6f4113456bba96687d5dd2bd0a,1
4450290910,canonical_job_7e26efc0cc804c9dbc144d0ac31f1a93,1
4453320640,canonical_job_7a42e2005e364db49045e857f4ff532f,1
4453322536,canonical_job_1bdada64ffd94cdda8fd098749b73a8e,1
4454000781,canonical_job_a18385ea7ab94e58908347ed2eb84b03,1
4454012654,canonical_job_577e3f90f1ad4ec2933129c78db0c95f,1
4456199262,canonical_job_8ea1b1d991f6406cbfe885f9aab8b7d4,1
4456309172,canonical_job_77f6a04c548a4f1b85476ef7b5ecad12,1
4456776488,canonical_job_7f15964ee6da4e6fa263c842583d7b15,1
4458192618,canonical_job_765e6318419348f4b5e938fbaab9279e,1
4458205508,canonical_job_f8d599294cb44c55860cace666b82933,1
4460392433,canonical_job_28f2466d205d404399cabe37ab573d98,1
4321371090,canonical_job_6d89d92c6d054a4a91204931ccc973f4,1
4322664938,canonical_job_e8b497491b3a4eb99e80c583a01a47f9,1
4323241929,canonical_job_badf2d82c78a4292aca28ea9cb71c821,1
4354405700,canonical_job_8ef187438b57431a9665ad2589bb06a4,1
4354495654,canonical_job_78961751faba4028a9090a563cbd9ee1,1
4357692336,canonical_job_6e26057e617f4ac7ba18764183803cea,1
4372514236,canonical_job_a63b1d2f3d8c4b608c18f727dd062037,1
4392879249,canonical_job_b58997ca28284ad5b331a660c2b3c5a4,1
4402775243,canonical_job_e869a6022a964820afaec19f5ccc6bbd,1
4405650718,canonical_job_53279418c0d1482c964b3bafe56f0bdb,1
4422060630,canonical_job_3e68d2a83df74326a3418663bea694ef,1
4424266798,canonical_job_88c4f3c6d0e6443293d5966239e890fc,1
4426943640,canonical_job_3e5e79daea724c2ba5378fddd9884d9c,1
4426950576,canonical_job_f24a8019714b4aaca237f935e1b87afa,1
4428413875,canonical_job_ceeaf3f6caf8465ca9a08448b8a02bd4,1
4434193208,canonical_job_8823fc7f29364d29b1d7ce883324c4a7,1
4436571498,canonical_job_9f6d92c12d0e4053a9361d82f1dadf91,1
4436580044,canonical_job_8de2f39d742b4c36938bc7681af96821,1
4442917331,canonical_job_1f0a95e3e0b646ab99eddb9eefd107e5,1
4444319924,canonical_job_c9d1d1a4d65f4b06bb06b4341aaac529,1
4444328753,canonical_job_d0424e1718794c278b24637a183f471b,1
4446061381,canonical_job_bb029b9453cc42a0aa5c8085c43fe11d,1
4446929859,canonical_job_65d9a7af64da439297d93b8d6439aacb,1
4450305981,canonical_job_4caded5ed9f141afb2d4b93000f43914,1
4450320286,canonical_job_e2bfb0853c454560aab5f277a62b51ed,1
4451978222,canonical_job_30589ede81384767b47387f0e2937619,1
4452392283,canonical_job_da9032634b314a4daa1d7943c98838a0,1
4452979325,canonical_job_a5fb52b6d17048999a1580dcb6170dde,1
4453736375,canonical_job_6156f6c6a69440f3b3aca112fb41f869,1
4453756255,canonical_job_5a868f0fd9fd4e08bc15dd5c0c9e848c,1
4454438357,canonical_job_92b4de30d7264d9291bea0b553b5ce97,1
4455482138,canonical_job_42dd20fb12474d438057b991211a5dbc,1
4458962427,canonical_job_e658e424ea194584a62cc27579e065ac,1
4176146613,canonical_job_aecc8cafe5e8431aa97adc7aa0216fb3,1
4317808873,canonical_job_3a12195eb66c42e08cfc6e14b2a10226,1
4317873507,canonical_job_a48e49f6148c4775aef0212b8064f3b2,1
4371468240,canonical_job_630e8b38b21b445daa1ebaa31ef8b262,1
4386399575,canonical_job_9ff54c71e6744382a2a1acfd229cbbd0,1
4386501657,canonical_job_a7321dd5f17744539fb9365432ad72d7,1
4403434303,canonical_job_9c194ecce8444c58a25ca0553afabccf,1
4416907831,canonical_job_7a7031fdee194acbb63cd71b32e16a87,1
4419905563,canonical_job_63fcf1b135fb45ecb6cf17d16d82133b,1
4422476001,canonical_job_8ca53bdc39ef47efb2d2831d9658e359,1
4429920081,canonical_job_97ee6247670e42fe9c82c96e93e06b95,1
4430948142,canonical_job_9766dae12be942a88fef9dde4c89ae2f,1
4436322352,canonical_job_89f5739b53bc4310a4cb31de68dbb167,1
4440088038,canonical_job_224b227de64a440cabb2217c5af4d411,1
4442757878,canonical_job_0b9f9c85d0244400982260f64bf9d821,1
4448162972,canonical_job_1774ec3bb8464501af4cee0e64506a49,1
4448175242,canonical_job_3d230bf6021d4cc98e8ecb51415619bd,1
4449551687,canonical_job_58f2cfa64f8f496db05a5f2ac1e1559e,1
4450170347,canonical_job_93567e1c64774e038d698ea977526827,1
4450322250,canonical_job_91f4b867cd364ff7b6c4648feaffbf03,1
4451523446,canonical_job_37eac9afee5341639ce446e80e709afa,1
4451533016,canonical_job_9e9ed23460a144b4bf08cf78e97e7eb4,1
4455269839,canonical_job_99e424b328a94d808ccff2c2a00fe64a,1
4455778697,canonical_job_af2884cc16ed4acf8e4c60ecb4559088,1
4456703968,canonical_job_c67e6fadd5264e358dc8235df582b1da,1
4459689517,canonical_job_714e81ca9230456aa2d002104138ab95,1
4375696808,canonical_job_89fd47409ce3473d952247bf11a38c36,1
4403458209,canonical_job_8248dbc71f66448a88390f95aa50cb7a,1
4403466036,canonical_job_b33563f62a014b1289ce0b5aafedffd5,1
4433858777,canonical_job_6cc4df19e4cc4396831e1e20e36db6b7,1
4437762250,canonical_job_9458c4ab530b472a988c13f7a43b6cf7,1
4437862984,canonical_job_1a54741e168d4a0c8619a8360bb6e1bd,1
4437870525,canonical_job_ed60c4c272e442a2bb106a3a36acaab8,1
4443562342,canonical_job_457984e6c7d04a86b254a9b40784daef,1
4445969165,canonical_job_bccf737d7141403fb02c381e84af87ae,1
4448193621,canonical_job_9053e5d225fe444d82465f68d61e9dab,1
4448304331,canonical_job_9ea0aa7c2da1427da92c7b37c37ac3ec,1
4448308258,canonical_job_96215cb8601f44d7b8af524d2a94e739,1
4453090280,canonical_job_c862fffd2afa49df8855593cb4767524,1
4453887705,canonical_job_944968ffcc5f421f96d9a9d261277e05,1
4433548882,canonical_job_1d9954eec72e4f42ab2f8d6739e18bb7,1
4433552477,canonical_job_ff10c803e642467f979916a4bd975a42,1
4433556411,canonical_job_462ec048ce1e42d2bc167bf547c1cedb,1
4433566159,canonical_job_1add2349393e4964bd9bbb39105fc17c,1
4434074735,canonical_job_cd7d12e4cea64f40addbf8b2961970b8,1
4434078523,canonical_job_b179060798f545068cf8c8b321670ff8,1
4434090153,canonical_job_8cb04fa304f74b09aafc893931e430cb,1
4434247993,canonical_job_5d26c6a51fb541248b70f7df2264479f,1
4434254788,canonical_job_1f926e8b44da4b1ab345f92aad5cdda5,1
4434256778,canonical_job_beba5910d39542eba4531d0440d85285,1
4434259736,canonical_job_985ebbb1baa14570afb36698deff8e34,1
4434260696,canonical_job_0d8e5aba92be46b794bf8b4e105a0555,1
4434262448,canonical_job_ea3ce47d4f1040bb97c67ffd75ad5df0,1
4434265246,canonical_job_451647013e7d46a4885dfb6791e97c74,1
4434267109,canonical_job_544db79a2e2747ec8d4084ec9bac7aff,1
4434268080,canonical_job_998336ac0e474b059f20bc36d2d19516,1
4436900259,canonical_job_ff492cc9094b463884a0b812850d2dee,1
4439011754,canonical_job_7320647a36e54586b57d5265e2a8cb1c,1
4446845828,canonical_job_7e20f9f7c60b4c3199a884327dd97284,1
4448884420,canonical_job_28ae7ef7d59d469dbd09cce901511902,1
4448888316,canonical_job_38b06f364e464dcba0f9fff8e105570e,1
4450222064,canonical_job_272e486a00684c2bbbce068032b66c65,1
4452470581,canonical_job_251f9832e21d4ba3a84ca2355711cd46,1
4456171423,canonical_job_431e6f05b447421d9394d8d3cf849265,1
4456185355,canonical_job_352b7fc31a9b41d7816d868b03e20dac,1
4456730985,canonical_job_d68012688bcc41c28809743135527581,1
4459045108,canonical_job_69031968f25942a89c43fac32b2e8409,1
4459683219,canonical_job_fa1cd524c97b41d6b608ca0a1a136f61,1
4460108081,canonical_job_7c80f249d20d48a78556da384f1b6dba,1
4456917397,canonical_job_c1ce23413ddf453b969d0323dc33e967,1
4458439410,canonical_job_fc64d8971af94f7ba4c5a60de36b985e,1
4353004953,canonical_job_3d01dfc0b672410fa92acca9ff74b072,1
4353074694,canonical_job_df8b42a8ea3544d5b3da306851e2bfa3,1
4353094755,canonical_job_24f8df23908e46dca14ee34e46c327cf,1
4439220054,canonical_job_dc57a26aad694a8dbe4122229c48fb8a,1
4452224964,canonical_job_d8edd2a1bdc14494a0f1f7d210ab6e7a,1
4452823345,canonical_job_66fa987b9b044640acbbbd585f848d65,1
4455843568,canonical_job_b435682ce3bc47cfbd5e1fa73b6c5a73,1
4455852469,canonical_job_3eefc4c18a2c4f16b264835cbe19a43b,1
4458074497,canonical_job_14fbbf2cf55a435795f98aa51e731ec0,1
4228292571,canonical_job_d2835bf21cd64183be7a5d2d6ee38eb7,1
4267746980,canonical_job_4b2f71509dbb4f68bda3949b22bed9f6,1
4267749701,canonical_job_c1c37d6fe1494ec9b4fc811b7d9cbbc3,1
4267751662,canonical_job_1b02f3cfc284490fa5a3490f27e01a07,1
4267752606,canonical_job_cb0829c083524ce7a6615ec9db0c8907,1
4267752607,canonical_job_ffafe279f0df487fa70685156fc675ff,1
4267752608,canonical_job_31b2b8702a1f409ebc643c2c896ddbcd,1
4267753209,canonical_job_a7eb97a3b9c24fb38135d87e7d857114,1
4275599251,canonical_job_acd7c01cace74700803a788a7c60a034,1
4295046100,canonical_job_e1ead2ca3c7b4ee3b9e9287b8fbf563e,1
4335991561,canonical_job_bf6b17a38da44d04a4e3cf58975757ed,1
4342238401,canonical_job_de5f696e57cc4d948111397c039fffb2,1
4359657297,canonical_job_84edd720250f48f799eb2f4dca616373,1
4369737807,canonical_job_a8c3806265c145d6963d0538fe29074c,1
4394644512,canonical_job_5dc21e44165643a78a5b0c783cbd3d08,1
4395308759,canonical_job_d45896d235d6438282f6003aad5f7c2f,1
4403826538,canonical_job_61c6b891cef34c3996bcd5ad096dead7,1
4405235415,canonical_job_b720a6ad63fa4448a12e25a8ccfe535f,1
4408844819,canonical_job_3361477fb16043028a9efb1910883571,1
4411621285,canonical_job_67ff5f3f2d8a4d3ca7fa692617b083aa,1
4413988923,canonical_job_45eb739461d449ebbead048908ff386f,1
4416698423,canonical_job_962edb4629f74f98b30394170789e222,1
4417309101,canonical_job_fe20a8012e3b4439a4f27b3b49af6954,1
4419873329,canonical_job_6a0797d1e45c4842b871d664922a4ebf,1
4421826523,canonical_job_abcf3eb97fb34a088fee489be720c91f,1
4427522802,canonical_job_23ae37ae1acd499c998af0d6dbb78bdb,1
4429951222,canonical_job_9525f8284cf8437eb30e48830ec0f0cc,1
4430459418,canonical_job_a9c88245c53247d0bcf6fa4f2a12a14d,1
4432588377,canonical_job_e92939ab598c4d49a0a45ecc2632aaf7,1
4435588783,canonical_job_a75cd63a1229485f949b8a22ee93b47e,1
4435599425,canonical_job_3e6b7e36209e4fc6beaca1a2b4f9afbc,1
4436328817,canonical_job_5581986e627e41af8711a7f0a86f81ae,1
4436735361,canonical_job_17d035f3444e41dc967b2fda53624ee7,1
4436740045,canonical_job_81adc1d938cc44af9d05b355c1240252,1
4437798046,canonical_job_df72d0498d3c49eaa6da925c7b6beeb6,1
4437802005,canonical_job_f0517be346844e5083a659f6d6481925,1
4439061996,canonical_job_0c9169be77a2406289c99f7a435e988e,1
4439061997,canonical_job_d11a83583d6140b583e6b89ae044b47a,1
4439062932,canonical_job_f745c0a268ee43dab58ab2d0b0d3c040,1
4439062936,canonical_job_c410af31a25444faa83d91ec520599c0,1
4439063921,canonical_job_aad599657fbc437ba8505eefe6b60bbe,1
4439064850,canonical_job_540d14ca39a54391b46e58de6d86892f,1
4439064856,canonical_job_836ff868aa5e41a4a9d6e78ad527754e,1
4439064857,canonical_job_aac67424b5b4402eb24b06536b6b01f9,1
4439065766,canonical_job_12a59455a40c4e08a6c03b096cdebf58,1
4439066767,canonical_job_56cd9fe662ea4e2c90e4b74f260f38c7,1
4439067793,canonical_job_76cb7116bab04c0f92dfacfcc946dae0,1
4439067798,canonical_job_789e77395ee04d74adc637b193dd731a,1
4439068732,canonical_job_d9d083372a6a44a9adb83b6177295e46,1
4439071487,canonical_job_273a24ae464242b48f8a284c3f20e156,1
4439074298,canonical_job_3ed81e2f470445d087c0f5ad76688642,1
4439081119,canonical_job_d9f8264b541b4919be27fff888de62a1,1
4439084032,canonical_job_9da5283478db4b6796a641b64a6ce4b7,1
4440545755,canonical_job_035e0578883a4385b153c902846eca6c,1
4440554467,canonical_job_26c93969c2164f6a8ffb17acf536b868,1
4440559327,canonical_job_8b368ed71bee42e98e9fc73cf891349d,1
4440974755,canonical_job_c084992120b3463a962a9427647fe9fb,1
4440977656,canonical_job_0100ab41baf7462a9ceb764f3198b4f2,1
4440980631,canonical_job_0c9beb581e874c12b14559fe0604400b,1
4440983288,canonical_job_d7de43c932b94712ba170d18579777b8,1
4440987132,canonical_job_1a949011b09249669e61bdc018cc72fd,1
4441469964,canonical_job_9c51e4a5958e470b8792c8263eee6a2c,1
4441476540,canonical_job_4fc11cd35473454096d7ee008f7208e8,1
4441477475,canonical_job_125dfa3907aa474b854b3596674f380b,1
4441485178,canonical_job_50d0a7cb04814e7393a024f6403e503f,1
4441486171,canonical_job_936a5222d4cb49fe81f7505b5e5d7d0b,1
4441490018,canonical_job_6e07f7424b25472d891f178cdb771d51,1
4441975779,canonical_job_28de1eb24e994b9690f6964d55ff9296,1
4442475121,canonical_job_5b9c7ed3066744b2831189f137a3fbb8,1
4443375359,canonical_job_8894052f2d59481a8ec60fcf6488154a,1
4443910484,canonical_job_3ee7b977d19a4d6baeb37bd56247ccfb,1
4444953858,canonical_job_a4852ec3eaa9421ab84d2829d1a42b47,1
4449633042,canonical_job_299976cfcd234965a7ca050e9533cbff,1
4450241637,canonical_job_d6e7dec5f3c84ff19636a415a091ef18,1
4450692425,canonical_job_4dc082d26a104a78b6337aaa4fc0b3fd,1
4450701255,canonical_job_5a3cdd4c3e77449390a06f8e775b0212,1
4450701257,canonical_job_3cc14adf1cae4a508eca7cc11eb332c8,1
4451081044,canonical_job_1429ab46ae0d45a1a16b90758782f84c,1
4451082034,canonical_job_c4ee34ab083f4cfa9c30381a0873d2e9,1
4451541420,canonical_job_a44469373a694e029c4bde8b54c741eb,1
4451545245,canonical_job_b48377abd7b5420ea98d9e4ce617164a,1
4452448985,canonical_job_a78121f02828488dbe56bac21ed91091,1
4452456388,canonical_job_67313c2bb8f94de889e8cb2121fb44df,1
4452458305,canonical_job_6cc2c2bac0164651937f7a232381ab85,1
4452466189,canonical_job_6669d672ce20408a91cce6dee3cb59c9,1
4452469059,canonical_job_ef9ff10a8e75486ca9de74b86655b701,1
4452469062,canonical_job_a879e5943c3d4b93b53eff50ce23503e,1
4452471036,canonical_job_99481ee1961a4761b66a23f7cd4b9503,1
4453100825,canonical_job_9b3b1ed7f5d541939aad774be46f5111,1
4453103903,canonical_job_db195c10925f4f9ca7c11a1c852e6bd7,1
4453109735,canonical_job_10c3032096e14cd6b0b672753aea782c,1
4453114765,canonical_job_345eb60a493540a8b53c7deaf11476e7,1
4453118696,canonical_job_93d92438f481428395222febcaed652d,1
4453119738,canonical_job_f9a9127a3c9a41b296611b8d18915c62,1
4454017434,canonical_job_9c42a01a15734709a0db89fdb366a947,1
4454032295,canonical_job_5573851292694175a78f3d61df84f52f,1
4454515797,canonical_job_3a8ef2af458c45d9a7435ca4edc23b94,1
4454519824,canonical_job_4e57b9b4806a429091d2c87ef6092a29,1
4454521850,canonical_job_cd3e98f5aa3f426e8a5eb593d16d862d,1
4454523808,canonical_job_4e16113dbc294ceaaaaa327c23645919,1
4454526822,canonical_job_f66c8aed52714c52867f4c79fb1e02ca,1
4455288397,canonical_job_f60bf87bd9824894bd12f934e5896cfd,1
4455288401,canonical_job_7641c6cb21b044208287a1813e0ef9e4,1
4455294420,canonical_job_2931fff450834160af9755424e665373,1
4455728561,canonical_job_42c724d6c7174978998f04bded79bed8,1
4455730556,canonical_job_f44b5d17a389444a80437144d43d3bdc,1
4455733515,canonical_job_b756810a5aa64c05b70d1a3d33b820fd,1
4455739467,canonical_job_f12efd0c799e4e8cb6d819ea1f8b9211,1
4456189862,canonical_job_f7311ba5aed0486dbc61ddc2c978ecf9,1
4456190878,canonical_job_c48431930161444dad0e3af7889b31ce,1
4456723477,canonical_job_64490242c89540a5b08632d8b2e27df0,1
4456730465,canonical_job_280e21059487479f80c4672fc85abdde,1
4457338175,canonical_job_9a5e829d935043769a37c1b00493ad20,1
4457345226,canonical_job_9f9a8dc0e88c41a58d8c33f8ca123992,1
4457346149,canonical_job_8b1be1047d0645bc8edeb98e429165d9,1
4457350199,canonical_job_6c52fb7777ba46aeb948ff0f2db61d5c,1
4458748757,canonical_job_4d1fab931df54a949863fca699c354c9,1
4458752242,canonical_job_c1967b647b4d4131a1695fd4ad7f641a,1
4458755198,canonical_job_4bab3041c713493190bf13e43c035d6e,1
4458760150,canonical_job_bb7fa08f9a7b494eb230cceaa88a31b7,1
4458760151,canonical_job_b4d8f057858f4fb7b846862617062147,1
4458763176,canonical_job_1c950b9dd6a14fb5b376e12f7dc52b64,1
4458768074,canonical_job_6ba1aa631b334969bba0e69442bc3e86,1
4459188867,canonical_job_bf2b51fed71049ff82c7744c5f9e92a4,1
4459189330,canonical_job_681c7b06f6f04b17a3a8ad914dcae69f,1
4459191217,canonical_job_695f3117e4634e51a91ef4e4b14d8dcd,1
4459304130,canonical_job_2a75dcb015e84bbdac9c8066c912012c,1
4459307089,canonical_job_c754526a2224445995105e8148c08738,1
4459307094,canonical_job_b489f6e075524a5e96f9b2647a6a0bd4,1
4459308097,canonical_job_85ce9767417049d482ce58117d3128f8,1
4459309077,canonical_job_7bb398cc9d90496c993f6fdabe7e9064,1
4459692993,canonical_job_d85edd521bc340439c64a6312bd99bee,1
4459803953,canonical_job_b445e9e8db554a199c552223798ef8b4,1
4459806933,canonical_job_ad31de8e6a824fb7825f4e4d8e841cba,1
4459807710,canonical_job_9ed979dc0f8a469db433c02617404714,1
4459810240,canonical_job_4929fd13e3bb405a8c0c35fbdf53d22c,1
4459811177,canonical_job_2c80de1f4dae497298b93764e3d8dbe4,1
4460326954,canonical_job_feccaf01eb2447b980b2dc08b1683386,1
4460331809,canonical_job_c00f280dbcf1423baa85a6da66f90e98,1
4460337729,canonical_job_f334b0e9be4e46119d4609f639a39f4c,1
4460340759,canonical_job_349d44c7b89148e3a98112bd9b7e8510,1
4460346637,canonical_job_d2e5d7730ddf4dbba7b8e10d80a9d973,1
4460349137,canonical_job_89cfbf39ccdd4893b4e4f1b0e8f4b828,1
4460810839,canonical_job_92382e1a25794c239ed7f526231181ed,1
4460811852,canonical_job_a1d345dbb5264e5889e9c9d4ecb59e50,1
4460815743,canonical_job_5dd6740b72344bce8f82459958ce8631,1
4446599935,canonical_job_2f0bbbd767ae4ea49a4a2ea55d0b7f70,1
4446599936,canonical_job_9fd3a41ab6d64abf8de8cc5fe0020cbd,1
4446800952,canonical_job_296f704421bb4259abfd7fdfabcf979b,1
4446803878,canonical_job_96f2d47b72c0451a98abd998fd4bd84a,1
4446806834,canonical_job_0ff10092e64647ce9c3121594dbe87fc,1
4446812395,canonical_job_1ce4ce577a1647c6a35970cfdc1d79b3,1
4446813323,canonical_job_4aa7d2a059474439b12e05c4817f99dc,1
4446814277,canonical_job_ecc66c1e50a84fba84c6a47520cbfde8,1
4447298064,canonical_job_2856281e504041daacd91f038f368ce6,1
4447598463,canonical_job_20dcef34f881498e8e4c079ea3415106,1
4450274533,canonical_job_65060f3b7efb46db82678abc549479d5,1
4459334001,canonical_job_f594b88eef204846b0c51d88674ec7cc,1
4420192985,canonical_job_135dad2b0cc14772921db9e48d0de3c0,1
4420194620,canonical_job_2ec3b940b3f64452989dc882b3f52a90,1
4420198637,canonical_job_c4a5bca640214a7b99db738c73842a1c,1
4420700549,canonical_job_1962564b206a47e7b9488f72de02aee6,1
4420702501,canonical_job_96738b0965ed4f36b3bb47141ad05dac,1
4420704315,canonical_job_368271db5b564245abeb8d0787fbc9f0,1
4420712133,canonical_job_1d71dd1886e848659c4b26940776f7a1,1
4420722577,canonical_job_6b4ca8feed20472d9de95483c033e806,1
4421149518,canonical_job_52bff2e4f7994f77a1a7ebc8e0ee4ce8,1
4425370642,canonical_job_1966cfc5c9374916996a8b6d65978d6e,1
4426495172,canonical_job_d94ba70414a346ac9c322d8df07cbb1f,1
4428243693,canonical_job_ca33c376a98a483abaeb0e1846d7d635,1
4429857959,canonical_job_c856db178a8745e094439309f24b8963,1
4430295667,canonical_job_f7ccc52057064de6aa81a55f250f1f4c,1
4431003403,canonical_job_a38c46e7806a4b378755c0cf2a6e3668,1
4438074037,canonical_job_b68f9201c22a4ffc97b8d5d6f1baf888,1
4440113934,canonical_job_c21f5305eccb4a578ff69480cd7c248d,1
4441039796,canonical_job_8eddf28c637743f09352c1957ca4e910,1
4443691456,canonical_job_63d9fd8e4177485593a182d420355053,1
4451207711,canonical_job_c9bd1ea258844d32ab92923c9c5817dd,1
4453416122,canonical_job_f31e838a41654deca1b5d851604c1646,1
4453884753,canonical_job_61e26344909949d2866c6d6ed136b560,1
4454102965,canonical_job_5b0a0a1997be49e6bb9045397d52d6ad,1
4458092477,canonical_job_e77395b290cf456b8a1b06ad5b6fafc5,1
4376540877,canonical_job_66a2adb937f645c79cc09b924376c2ab,1
4376544798,canonical_job_44e034f465d344439f3b087cafff5a8f,1
4376547641,canonical_job_43dec98c5a114d589df28477b718fa36,1
4393928991,canonical_job_c82ac10d08bf4ffa9dbb61ded2d84ea7,1
4410211837,canonical_job_40d5d61f95e245e3bb4e92016a36aad4,1
4432429744,canonical_job_48795c3bee50433f82e14ef46e25613e,1
4432430705,canonical_job_e126f16846a048329ea830b74a312e0e,1
4439031133,canonical_job_2db000c766874f5f8a1a186c00057184,1
4452651789,canonical_job_ff63c9c137cf4b46af364af34cf3b435,1
4460113125,canonical_job_4493e898b80f4064b95043aa7f13485c,1
4259442209,canonical_job_0e514d90a5d14abda43e734c334352cb,1
4371952122,canonical_job_c8e19a71a968407f949806cf27a29476,1
4409290472,canonical_job_53371a1ce6f846b6a92d2941445801f6,1
4427856148,canonical_job_4de1bffbb6634deca56354aaafde8567,1
4432754420,canonical_job_cf4b1c269d574e4cba2314768d9c4857,1
4433185975,canonical_job_33ae4327357b48fdbb02b07408e684f2,1
4445594227,canonical_job_bef6e6af937544ea8303356d1edc44c8,1
4446223319,canonical_job_243064fd7c014c6f857d21d90a9d15b8,1
4448794729,canonical_job_bf0dc749000049eb8d9b3ad2aa17531c,1
4453420282,canonical_job_b8705873b5af46c9a9b54c70c5ca4099,1
4454646201,canonical_job_b78c4753a144465f9f3c884e524e2099,1
4457747591,canonical_job_6f19a87e073f493f9a5fbcbde24acb90,1
4458076556,canonical_job_90a03615f97a4c5789d46aa2a749e977,1
4458861885,canonical_job_2df84ecc0c7a45979074446fb747549c,1
4289978903,canonical_job_cab81412bbb44be7bfb49d8a7d61430c,1
4394945524,canonical_job_4ae0c209c1934323855dbb8580db24e8,1
4400213125,canonical_job_a75533a42f4546d590d7de5c6d58cd21,1
4408021552,canonical_job_5966154aec3e44a48a8a2339bcce7aea,1
4422492177,canonical_job_99bbbd0b2d294801893168e7bd744f7a,1
4435198731,canonical_job_99c6bb630a3c48a89d60d1793e339f5d,1
4440816769,canonical_job_62145f04ce85407cab9f65498116559e,1
4448609602,canonical_job_31eb123d80914addbe805ef812c942c5,1
4448879603,canonical_job_44dd6a8694b049bd94b8c04ef83dffc2,1
4448889112,canonical_job_f6d8ecd2d0454f74aa91ed0700d338ed,1
4452643023,canonical_job_a3bc607ef2034a8290d74c9f4bb48ad8,1
4453349524,canonical_job_7ac2d9c05f1b4f4fa2ca326aa3d0de16,1
4454092409,canonical_job_6742c9d05f274240a241d797a0aa95b8,1
4455726850,canonical_job_3722dedc7e0a4dd09454aac45430d2e1,1
4455727867,canonical_job_4be5bc2a73ad47c0b39383ca4e632daf,1
4458206770,canonical_job_9746e0faa0344ceaab1775971235bfad,1
4460396625,canonical_job_b3d64efa5e394eaa8fda4399e15a0158,1
4460503391,canonical_job_33f03c04af8e45b3a0ce5f9968dedcbb,1
4443911867,canonical_job_69ab0980e36a4034a1082a7a0854c9c2,1
4443914599,canonical_job_beae631485044b63b6763ddbca07ee21,1
4443917739,canonical_job_85bc21af40fc49c49172b4194befb333,1
4443920813,canonical_job_83fa47db525a43fea3411c68223e1693,1
4443924504,canonical_job_03f5048fd51d44af954263d7689325f6,1
4443925678,canonical_job_bba136d977d748aabaef87b0c5296dc4,1
4443931256,canonical_job_deb08810f8d74c44a23c70ff588e4342,1
4444952921,canonical_job_eeb0f10c09c541058bfd32c315e064cc,1
4450214754,canonical_job_ecb5b29378454ef3a11a58ba9d1b835d,1
4450215667,canonical_job_418e5b2a1bbc4845aab0ec0643f61b10,1
4450217588,canonical_job_e8660268dbee45c2b244297d57e40479,1
4450217594,canonical_job_c350bff12ded4f4d91f1d2b240189b27,1
4450219614,canonical_job_10d341c770ac4298b00cb5dfc6d21d4d,1
4450222543,canonical_job_b28fdc19fe5140c1af32088e83b634a6,1
4450223549,canonical_job_01e57aafbb544f329808482e6b850e44,1
4450225502,canonical_job_f955ce6d8fd649fca67d96126b09b79f,1
4450228493,canonical_job_cb406b08e8f64e3995f5082e272e5f46,1
4450232402,canonical_job_0685fcd6958a4746804c37d079b80021,1
4450235241,canonical_job_4c3c6549e6774d46877965f0401ca046,1
4450237087,canonical_job_5c7c45199b87437f869e1bf42bff0af3,1
4456175663,canonical_job_724a5978ec5e48dfa9eadf805237013c,1
4457318117,canonical_job_2f1d8e98d98949d9bbaef5b3ac1d2913,1
4422828586,canonical_job_b80e68d8600f4e76ab967add3363bda1,1
4449364886,canonical_job_f333dc42045d4d0eac3add267fce7c3c,1
4454734379,canonical_job_3bd759043ecc44108043f74c029262c7,1
4454985694,canonical_job_fc17b3e480764e9b96e9b47ca8f34a5f,1
4455601027,canonical_job_e9018b27af5343eaba56c081d53535e3,1
4458390113,canonical_job_34a6b5816fe64f9eb5982b2fea6932b2,1
4457262430,canonical_job_b3a5766b13d64d31925a1cd6206b0309,1
4457264432,canonical_job_d151205bd75d4ea3ade80674aaee65e2,1
4457265414,canonical_job_c46b91af3be34530b151855f4859fd26,1
4440984453,canonical_job_3153cc78e3494af5a09cff2d069565c2,1
4458204652,canonical_job_494dbcb5c2c5411fb9a10dc60f54424d,1
4436709102,canonical_job_68502200b4cd4accae276f7336210654,1
4452466738,canonical_job_a42d1d418b9840f29c974bc453af0e31,1
4457344718,canonical_job_9c6797a5d81544d883ff4e397f6ea749,1
4461073989,canonical_job_737ab2d9eb5441cda5dad7a5405ace27,1
4461073991,canonical_job_58538365f644467cb31e191d3d638570,1
4461073997,canonical_job_7e1bb96a008345e587f2a85543167591,1
4461074992,canonical_job_691486a1346f42e195a8cf9be302cce7,1
4461074994,canonical_job_13a21d44190348919403afaa8bc970fb,1
4461075947,canonical_job_d2e48ec3dde04ad685d83cf8c33d7cdf,1
4461075948,canonical_job_a50f949a1dcd4c24bc64036706d5f0c5,1
4461076966,canonical_job_daa7ae065db3422385d3cae670bc0f2e,1
4461076967,canonical_job_d1470156a4034936894bac6561fd5f49,1
4461077954,canonical_job_6c74916cf2f041eca3861baaeb1e7040,1
4461077955,canonical_job_de3cbf607531415ca5b260a2267cd9b6,1
4461077958,canonical_job_f77730fd4d8448a8aed5e9041867f6cf,1
4461077960,canonical_job_18e4ffc9f1804412a98b3947fc287195,1
4461078960,canonical_job_2daa070ed6bf406aa40398c416c70247,1
4461078962,canonical_job_0e9cc03e8c924504ad9d671e421b33ec,1
4461078967,canonical_job_5bc1448cb2f744ae9f51ce4dc4504ffa,1
4461079959,canonical_job_c41c7d4e47464563be2d7d6e73a8c554,1
4461080880,canonical_job_72aa85eff282465e8bcb27a146ea5694,1
4461080881,canonical_job_d8e5a9b969e24381815185f77d90fb1b,1
4461080882,canonical_job_76f1991d8cd744188d0549edb4d55d4d,1
4461081905,canonical_job_29e4d405e21649fd8d7ac388e83ead84,1
4461081912,canonical_job_594548637bed4b17987ff7439d7ad2e0,1
4461081913,canonical_job_2942229568a744848373cadf7782a363,1
4461081914,canonical_job_67f9b2460e2b4ea9a6f97510e73f2152,1
4461082924,canonical_job_a4956cf500d5486885b1c4a25c1266c9,1
4461082929,canonical_job_cefedd3172274774b869e71ccf0f87db,1
4461083938,canonical_job_dfa23a3d216743e18df8f4598545346d,1
4461083941,canonical_job_3a3d31db917041159584bf9b49efddad,1
4461083947,canonical_job_a2d8aed6c1734310a4360b4c4e727fa4,1
4461084880,canonical_job_0f50340dbbcd48fd96844873db49318e,1
4461084881,canonical_job_ad465d9a2c584a4b96364058c4c79d96,1
4461084886,canonical_job_660161c7be3b40b09de40bc381eaf695,1
4461085893,canonical_job_2719109dd0f64e7585d8307fde2ed94e,1
4461086299,canonical_job_3544ddcda50940c8abae01f09bfc4eb2,1
4461086300,canonical_job_78daf299024d4022b474a06b9adec196,1
4461086306,canonical_job_f9b0f440e87e4fcf8a669faccc9dd674,1
4461087168,canonical_job_4defbe739cc944eeaa87991b9619a6e3,1
4461087169,canonical_job_5b535cf324c94a4390d880041ff88c2f,1
4461087170,canonical_job_e323677ab677478c8a8d1456bbcd531a,1
4461087174,canonical_job_c8b8a6c32e47464d9042c922970a1f1f,1
4461087177,canonical_job_62594d64aa08403889d8f1e23d583a5c,1
4461088142,canonical_job_85f473832fb24a608e3dc19ddfe64b3a,1
4461088143,canonical_job_04566eda145e48e3ad9dfcab34007f23,1
4461088146,canonical_job_c678b478b9264eaaa8d351f488d5852b,1
4461088155,canonical_job_844d3370999b4502b424ccbbe878ea75,1
4461088158,canonical_job_1880b6263c1b448da03a15ee9b4ba9df,1
4461089131,canonical_job_4b5937eced7448efa0b6b5d1f7c43a8a,1
4461089136,canonical_job_702201e73d0342a1bf7ae3c0fd46f192,1
4461089137,canonical_job_378e73fcba45408b86c09c6a98c44117,1
4461089140,canonical_job_14b50d8c82a94665b03920d39e0537d1,1
4461090103,canonical_job_cefc5b161c7b4982914966e51cb7e4bf,1
4461090109,canonical_job_65f74f1ce3d44d4e8257775e6270b16e,1
4461091071,canonical_job_7dd9faaf7cf9400e80fb2cdb9a0f325f,1
4461091072,canonical_job_509cbbc0770347a0bdf75a16bbed6549,1
4461091073,canonical_job_5492116a7c114ca88f867142abe1cc77,1
4461091074,canonical_job_dfe08e1bc4144f2b84e90c2be2de79d8,1
4461091076,canonical_job_490ae75e68884c30b323e4118d84f75c,1
4461092061,canonical_job_32c1f39806184ff4843a901d411faec6,1
4461092064,canonical_job_1791951ac45341fb94f80c2b8ebec821,1
4461092070,canonical_job_7c1641609e634fdbaf4bc48a38fdd69f,1
4461093036,canonical_job_bcf39464cbe142c7b33e14da8f9461b5,1
4461093037,canonical_job_c7288c4b373f4f498e8623c698be2e17,1
4461093038,canonical_job_aaf285df979b46e9a3174d6742bed051,1
4461093039,canonical_job_cdbe6f28a325473ba0958f7c1828143f,1
4461093040,canonical_job_cd0a8fdee4644023b1b637903df45dbb,1
4461093044,canonical_job_65ab9c5bc32649ed83379c582c3aafa8,1
4461093045,canonical_job_9fc597939d48486f822ae34968c35409,1
4461094008,canonical_job_86c533c9a7364085b74b4f168305fcde,1
4461094009,canonical_job_99b94c85de594a789d5c1e4da9a979de,1
4461094012,canonical_job_96ec623f16d04dbea9d4ba4427807067,1
4461094014,canonical_job_21cdaad9c056430a9e17c7b88f27e06f,1
4461095006,canonical_job_987eae5dd13b4c88a00e4c353b9bd139,1
4461095008,canonical_job_d1131ce449014814a2a3407097aed38c,1
4461095010,canonical_job_2cd8c7fdfebd4001a6665633a0a486d6,1
4461096014,canonical_job_c3fdc831c9174be9885f7fa3beb766c3,1
4461096020,canonical_job_7834aa69bf1342b3b1ab6dbf5f855618,1
4255401130,canonical_job_d4562aba6bcc4632b6d33ee60743c9b7,1
4350444571,canonical_job_2630e3770996482e80aab5edeef6a2bd,1
4350454545,canonical_job_f096e06998734fb2a0a98e7a026b1c99,1
4350484602,canonical_job_d54a0ca6131b44f789c4661a6eca7ce6,1
4350602277,canonical_job_2ced4bb0447e48a79e4abf02f18accdf,1
4350898828,canonical_job_444b8f6e81e545a792238b4f763aa378,1
4350903506,canonical_job_91a50ce5f0d2467782ba36e0ea179261,1
4350908917,canonical_job_fe0f4733649441fbb3890fb318e30dbb,1
4350932006,canonical_job_c0e9d0cb83f7457799fc8fb9dc5a7e20,1
4350935292,canonical_job_3e581eba69924c9e968e9f5a66f9ab2d,1
4350938702,canonical_job_3307bb893f17405aa67f79290916cd56,1
4350945423,canonical_job_5b3c0bf88ce04edab415f33411a8b066,1
4350955472,canonical_job_65668375c30f4f2b85647dbb2cd4e879,1
4350958929,canonical_job_85a7aa8c9cbf434595d8d6fe24cc5105,1
4350958930,canonical_job_005df2dd4b8d4bf8abee7b95e3fc3597,1
4350965378,canonical_job_5d45069d77d3401ab734b39d24282118,1
4350968857,canonical_job_71f456df27f941c0acdf2cc74171f7dd,1
4350975462,canonical_job_d57b2da901944c7eaa81d4fe5e73c588,1
4350985372,canonical_job_36efba45db764671a2194d199b6d7eea,1
4350985373,canonical_job_9330d79ac7134f53ac1636e06c069840,1
4350995330,canonical_job_df65bf74a8604497a13847f925549518,1
4350998817,canonical_job_d5f7b9a1669b474dabd4a111c486c567,1
4351025134,canonical_job_3f8be0e265d14deb869ab83a9b199780,1
4351048704,canonical_job_f9a2d8aea2c848c88866cd6aae0ede90,1
4351048705,canonical_job_a6db2e5e9bc2406e8a31b6945df37c12,1
4351051772,canonical_job_bf31c592495e47e8b4ac393d7cc80283,1
4351098582,canonical_job_7e285833ad1b4a04b8b91f91932ed775,1
4351098583,canonical_job_7bdd3b7fcd894357b04cfe9fbd3951c0,1
4351105007,canonical_job_d16bc3ce907b435bb6d8f523d16b67fa,1
4351108505,canonical_job_0296be9aaa4641a196353f4652efaa6d,1
4361444633,canonical_job_9b49458bc1754cbc81bfce28921122ee,1
4383618384,canonical_job_f015c553302c436a88540cd2b58cd008,1
4397508492,canonical_job_ea7f49fe0d7e484884f2ddbf72589d9d,1
4399706440,canonical_job_b4ec6c781bd84b94b817a06df31c33e1,1
4402479949,canonical_job_dac1811ad06641b6b4e06d2e41b9424e,1
4427315651,canonical_job_5af0b7cd50184f98b2d60d6473e61624,1
4427317644,canonical_job_41101caf27ea42fb8c9623bfdc9c5109,1
4429495948,canonical_job_7ae8a1d9b4e547258bd68e4f2e7dc753,1
4430299454,canonical_job_cd4bc72cb9f34024a532d3d21e3da5bb,1
4431144717,canonical_job_13d7d3a680634e86b70e094811f1ec99,1
4439604124,canonical_job_127e7d5938184f6daa60056e5a775af9,1
4440479640,canonical_job_89da75900c3246df8dba349561d59786,1
4440480667,canonical_job_4ae0224af720424e89c296e8833d0b4b,1
4440482595,canonical_job_ec4fd0c7ef0649ca9527a66384750895,1
4440483575,canonical_job_5d5a898426d7494ead76d7aafd3ed946,1
4440487453,canonical_job_d07bf3e6545f4fad81fa41fc1145b2ec,1
4450400162,canonical_job_b11c457b47f24d278a0f7ab5af9a7e4c,1
4450884043,canonical_job_633602f2c4df40d091c72e5d1416b01c,1
4454312780,canonical_job_5b76ecbdaff94468b24046ab6569f5b3,1
4456992812,canonical_job_e7fa68a1c1774f3381180c5df4e29f61,1
4457025850,canonical_job_497bc467ad5f49619095242213262c28,1
4457547061,canonical_job_78198085eea94bccaa20e37ad6984738,1
4458520974,canonical_job_cf9d95dc447445d7b294a725d5410f62,1
4460849367,canonical_job_dd03f315221841b09b6a6db0d17adde2,1
4461017640,canonical_job_a4be90b295414a27898e31feec43709b,1
4461029521,canonical_job_a380ca45a9244ec684826c659fcadc1f,1
4461037484,canonical_job_bb6bffd7c47a46158783062315dbce29,1
4403770530,canonical_job_e6bb198298994f7397668211c53ec710,1
4409698896,canonical_job_fcdb2cb0c4ae43c1b567c826feda03a9,1
4411867828,canonical_job_fd171ff6863e4489b65b2b9e0a4d591f,1
4411867836,canonical_job_0a95082b4492474eadcfcca18b4a9073,1
4411886156,canonical_job_741503ebd3c74028b24c7b30d6fa74fc,1
4412470617,canonical_job_3c6b2fc13f3448afb39694d368f5c3c9,1
4412476308,canonical_job_b005c7b37cac49559382beee572f64b2,1
4412482209,canonical_job_0bd8314cc29c460fa19c3df4134b574f,1
4412759625,canonical_job_d19f7117c03c418d8a12516bf9bd67b7,1
4412763933,canonical_job_50eb2bf696d3445298c91b96a1b6acba,1
4412764383,canonical_job_2754c42c253e4813847382c2976a925f,1
4412774602,canonical_job_ea9531cf5ffe4935b11abd9062851edd,1
4412784365,canonical_job_78c38e6302024580a5938b8a64098407,1
4413309485,canonical_job_2e5925ac3b0f419cacd521317a7e9872,1
4414820298,canonical_job_1a0f58aeb733448ea11ae5fcfc0312db,1
4414822268,canonical_job_60a50ad10fcb457a9e1911a486b1379d,1
4414823275,canonical_job_c4c2679a51e5469a8880a0bc9e9f928b,1
4414825221,canonical_job_02758c99c5ee4377b8ff824be3d7028f,1
4414825222,canonical_job_74b761891a064252a7579202d77ee61d,1
4414826205,canonical_job_70041571d8cd46d2a85ddeabe02856cb,1
4431084916,canonical_job_cead921f58704170a4fb51b60ccd2146,1
4434839110,canonical_job_6f8b638f806e494d835bb1ae4cafc07f,1
4435962547,canonical_job_28533c92af2a4398a56c9d2533b64272,1
4441588655,canonical_job_c14c4adb7035438cafe159c0a8d08ea6,1
4444122626,canonical_job_ea0250eebd354ed196f6561d7b5c9182,1
4445078960,canonical_job_e7059526290c4b32b0c3dc360f1a2ead,1
4449861112,canonical_job_1dea213c3b414949b661859b24666364,1
4456593066,canonical_job_2e69f74b252042098bdee587b747d5cc,1
4456904138,canonical_job_81cfc6f9c8a0478c96e5a05c59aa49a0,1
4457749668,canonical_job_e6217545e7384a46aa94d9ee1e06e08c,1
4457756318,canonical_job_0412dcf7270c409f8b6bd2413d9ff30d,1
4341193313,canonical_job_8c9f39288d6c44beae682ad7cc3cf8e1,1
4405973287,canonical_job_f8cfcf0e3367431ea18d2596a1240b30,1
4429268852,canonical_job_b1d853724d5e486987333dc31f882634,1
4436078772,canonical_job_4d9d865aa26749f7afbe2ae938a2c0f4,1
4440134873,canonical_job_c83d52946ba34154b911e0cd3cf4752d,1
4440155042,canonical_job_9a7f59fa6bee4190a3242735b9a7c68e,1
4443103506,canonical_job_b40ba156bd824ada8510e7627661cbc4,1
4443113202,canonical_job_3a8edafa43fc4c39bc9bc4ea90fc9531,1
4444319895,canonical_job_4f8fe34e0bf1457b90db670946ef2ecf,1
4448277761,canonical_job_b0c81b1281cf44d78332a191a15ddbff,1
4449734664,canonical_job_d7a595d620b4467da6a50945ba87e7b5,1
4449745530,canonical_job_093f43a836b746c0a63481d8e6737184,1
4451127023,canonical_job_5042a68e7c444b059532fe654a43609b,1
4452969192,canonical_job_3c3a11c058f049009878cac183c05c0a,1
4454281176,canonical_job_5ca2520d0965495c8b0325bc0eb0bb7e,1
4456214179,canonical_job_c88bfa8505c941a999bc7febaa962c20,1
4403355542,canonical_job_8e40d7c73e7c4e28bd55c7ea7eea9ed5,1
4403359497,canonical_job_99ea283623a041638bad5767c94960ba,1
4403365457,canonical_job_65c0a2802c5a4394a40d56f27c7fcb05,1
4409938497,canonical_job_84fc7622610c497aa87efb883f320131,1
4410468383,canonical_job_f82213d1bbbe430bb72876bc07c7dcf1,1
4416329218,canonical_job_611fb79c333d41a9a642907670430915,1
4425084445,canonical_job_3d4c4dce07804f1ea10e28af80d0ddcb,1
4434612505,canonical_job_eb50d3a5daf34cb8a48d66a25f91ecf3,1
4434617364,canonical_job_50134e47fa5b4fbfae93e28a8ed56f5b,1
4440655673,canonical_job_3ef5fac58afb485e92f357d680c87504,1
4451190853,canonical_job_e7de6dc01fba4432b2e02837fda1c10f,1
4458302192,canonical_job_26a7c14485dc4704922663c7f4a2e2cd,1
4456188313,canonical_job_4713207611cb40a18a1aaa1102eda51f,1
4457308671,canonical_job_3484ddabc9d44e5db793f5fc9ab1475f,1
4457527203,canonical_job_65090ebb835b4515b1d5d0237bb6b392,1
4460807682,canonical_job_16ede40730214e44b794312792305995,1
4436947040,canonical_job_d8a3cc6ff27c434e8bdd60c0c559eaa9,1
4440527157,canonical_job_49e426f5a943469480a981659ed90fc6,1
4448871810,canonical_job_98860772d16f488eaece8cc88cffc689,1
4448872835,canonical_job_57c956c8ab3043d1b06ec14128f4d2ae,1
4452196984,canonical_job_2e4504a380b54f8fa3b60ed1fc9b3930,1
4454753859,canonical_job_1a13a3e4cec3499986ad73b90cd7a17b,1
4459183327,canonical_job_b3227e81304948dab10fbae17a1431b2,1
4459766192,canonical_job_07c022d686474823a7bcf66ebc90e863,1
4384049734,canonical_job_2de018696ad143ac83cdaf548ff40d27,1
4384052576,canonical_job_6a850747cc17411ab4b0c899303b35fc,1
4384053611,canonical_job_f8059feecccd48729051a4d07b5ac245,1
4384060363,canonical_job_ec966b29f4f7447c83109a0774b8aded,1
4385735904,canonical_job_692ca872148a409594525310e94f1d18,1
4398603211,canonical_job_4f50d7cb6c2046d3854849c4c1f46620,1
4420155159,canonical_job_f535fd7472fe45ecb59b4e4326eed8ef,1
4423116624,canonical_job_fbacbdc01cab48ffa65e27b79152997a,1
4425302438,canonical_job_9f149768e05c448792f4ed8271d259e3,1
4428593504,canonical_job_b92f61cc2db04ca3bba373674115db29,1
4431917090,canonical_job_f9b297ebad6a4a3da5b516ab17e4f580,1
4435812900,canonical_job_00d05ce4473149388a6b3507337cb132,1
4438080309,canonical_job_f75572d4ec1649dba6b8e1ad04bc0aa1,1
4439212192,canonical_job_3a8e9ace06d44b22a58918e6621294fb,1
4445097016,canonical_job_c555e8c4204f4e34aa4d92014f442f9c,1
4448089719,canonical_job_182d3df430a54a5cb97d8a7c55c50171,1
4451238927,canonical_job_6df6611f26be46ffb11c631db6fd1d37,1
4452589534,canonical_job_8800a75f1530476dbf1d6253f49a9a90,1
4454185947,canonical_job_7a97b535b36940fb842df94eddfa33f4,1
4454634825,canonical_job_f4af318e28d84b3fb0fbd2bbc287070b,1
4454638780,canonical_job_d2ad7330cd0f4d32a325eecba874830d,1
4455877966,canonical_job_4f1c12e6ed374eb99c25675322afaa1b,1
4455897054,canonical_job_c4508590f4604032b5325e76f03a842f,1
4278038911,canonical_job_07eddf854b8642568417346d9a429dcf,1
4278038919,canonical_job_ee6bb6f0a4a0491ea8a2c3cb4f4f4358,1
4278039840,canonical_job_a0034225e7974d23b86d57bdd70aa3ee,1
4278040788,canonical_job_9cfdf68c655c4637ae75e00b598a774c,1
4278040789,canonical_job_4e7e08e6a93546be899d2bced5a43b6e,1
4278042551,canonical_job_37dcf39e57a14138a4a8772701d60267,1
4278042552,canonical_job_edabd84a6d454d55b8d37d562b3467d3,1
4278044491,canonical_job_05cc4b52c3364bc6bc359d3d58e7b577,1
4278045213,canonical_job_e5e34d221a484dbe8a78a25c75ce2689,1
4295935135,canonical_job_182eeb1aed0746c39e2c6d25ae6bf20a,1
4366746133,canonical_job_459ff653725e44099bca20b5b25de1d8,1
4377845139,canonical_job_c88fb7e4d79341da9bc09f665150fd16,1
4411375940,canonical_job_b1a073bc8831474484569a1518a97842,1
4411621331,canonical_job_83d2ef59b9b4409abef24b9710dbaa75,1
4417713922,canonical_job_5c61e7117a4a4994874798044037fa70,1
4418140087,canonical_job_6bcc7b0e92394c4491f955b2895137fd,1
4425658874,canonical_job_4c680bb882a744ed95a854a1812e91c2,1
4429524209,canonical_job_192f6dac9444471a93835c12d649381d,1
4431754689,canonical_job_d7f6433838ee440da68b2d528fc4c89d,1
4431768503,canonical_job_e37b09e6b1584fd084722d2340f309c8,1
4432581649,canonical_job_baf099e0f349408294921a110a462493,1
4436351037,canonical_job_462a014e03ad474d999a88ed69f10c60,1
4436351039,canonical_job_63e03f51e9f04ccc9f5bae70a92566a0,1
4440029623,canonical_job_d8458ebe517f409d9be263e176078845,1
4443313778,canonical_job_d5eab718f26644b79c0bfc8ccabe09c0,1
4444975000,canonical_job_57e6e19ba2ac4af189158fa28a89816f,1
4446190919,canonical_job_8ca4a438fc1d42339db9f63c155cabf4,1
4446566262,canonical_job_bfb4448cc7af4d4f836f3a7103afce35,1
4446711853,canonical_job_34dd08e4b010453c9203b0eb7dd66242,1
4450251548,canonical_job_f5ac28e4798a470f9df566003ef8b07b,1
4451559530,canonical_job_3a8f9b4909874b09af187b9f4de71969,1
4452623174,canonical_job_6da0c07ae727487692fb3b673603eec8,1
4453353019,canonical_job_9946f09dc7444b5a93fdc4757b9d00da,1
4454522816,canonical_job_28cc00e907c947b1804415e158d9a482,1
4455280583,canonical_job_18d718e5cda549638f88e03b328f9fa7,1
4455349919,canonical_job_36a3da3673814c1da58ab61b23482739,1
4455352365,canonical_job_99803411276f48dcb8ad17c63b237348,1
4455364031,canonical_job_d39fd86a2214465280ad54af8a9978b8,1
4458206560,canonical_job_f46d96acbb3248daada66bdaafebdbe3,1
4459305179,canonical_job_b6790fa1adeb4ff3b8c9554c1e25df93,1
4450301900,canonical_job_1dcd0775a7ae4c0483088a352ce6dd5f,1
4445889751,canonical_job_798a00bb4e6e412bbe6520acd3fa824c,1
4452427142,canonical_job_057e55508f2644a9ac3309b0bec72147,1
4453420242,canonical_job_fc8b617fc8e64794b6556186168f563f,1
4262859781,canonical_job_95a618a9a0a04030882e1df125f2aeac,1
4262862533,canonical_job_38cbc156362c4f0b9990df18664b2cde,1
4262864305,canonical_job_c920dd8947d1435cb7cbdb22c5c2d590,1
4399672961,canonical_job_5fde62ef2be04a82aa22159b50b2d5ba,1
4399673983,canonical_job_0e45c2523e8045138c879779d8e43a5f,1
4399676964,canonical_job_c1e6b38991894456a4038f92195f94cc,1
4399676965,canonical_job_42183eaf61504c2291d4bea43857d8f6,1
4399683097,canonical_job_b684322a08b247a4a93842672e66c385,1
4399686098,canonical_job_82ad0efcdda8494da6c3d57134566ee2,1
4399690056,canonical_job_4057165617914656ad6e269a86fd16d1,1
4399691031,canonical_job_1142e9fbf88b4fcd92079af51f243488,1
4400756092,canonical_job_41a95dce81c040ab975a4fe3230a7617,1
4410821939,canonical_job_7743f690757e4ca79c2e037d9cad85b1,1
4414161319,canonical_job_491b9767473b4dc3a874f8d9000bc572,1
4423923138,canonical_job_e1529c04afba4d6bbd53468daee0f2b0,1
4425229685,canonical_job_2c075215291f4302be1923ba3ffe0544,1
4425242664,canonical_job_76d3875447b64bc18822d000199b9bf9,1
4425278630,canonical_job_675fac6b5fc7495bb01f7f6019758899,1
4425821787,canonical_job_5a2c9359b4364752bd5e94822be92cbc,1
4425823821,canonical_job_5d7879802c26490a83003e6bdbbe03d4,1
4441176992,canonical_job_05cb956f5f64494886827be9b5d4dcd6,1
4442070299,canonical_job_c6a3cf4f20484d4db3ea4c940cacf069,1
4442071309,canonical_job_d90ee850d215453bab4a4db9b871f62b,1
4448772946,canonical_job_8e7bfb4ada744be39bbc5de447f7f058,1
4449730962,canonical_job_a73be12178a541e8af24e17314b3d832,1
4449750135,canonical_job_3b4b5a8a6087486882d2371c3a0e6eb3,1
4451113584,canonical_job_f47ef6c6c160437597eb2bb2327ac55e,1
4451630133,canonical_job_6cfe6c320d5e4ada9b43816243f1f4cf,1
4454265058,canonical_job_164a1505fde8461686cbcf80f4eb08ce,1
4455413089,canonical_job_0d6917bb40aa42d5838c52ef0799e38c,1
4456883745,canonical_job_b41af75717e7490b8ff854e6beb5c739,1
4448970346,canonical_job_2796f615ae2d4c10a9b6dccd7da7fe5d,1
4459186757,canonical_job_d6ab6caded2449e39c1b64af9f4eae80,1
4459306956,canonical_job_42b5556a2b534a7bbd07760b247b6a9f,1
4446194596,canonical_job_749a58d216904bac856f292fe747f660,1
4454511990,canonical_job_d8b1a0c37c49432e99c45133c7ffd055,1
4455296454,canonical_job_f81f7eafc6aa4e8585643225a4b5c925,1
4455924735,canonical_job_cebc3d807dbf4c0fa6a2541d9a04b402,1
4456163894,canonical_job_8515980004a649f6a815da386f1603dc,1
4456192943,canonical_job_0b2735668a4c45288b102b93dba0bd72,1
4456307824,canonical_job_159f7d7b8354419c89b4c5f5df97d57d,1
4457351293,canonical_job_e14999ededbf40b5bc0ae294d049dc8e,1
4458200973,canonical_job_9ed2c2fcab204ae08f8d986547cab5bf,1
4458269868,canonical_job_158420c614344ba094d92cb1283997cb,1
4459019650,canonical_job_96e415a7ee8140ce98bbc66920c74b02,1
4455688393,canonical_job_9d58cd1ecf8e45aa9e9abe9a303684d0,1
4230718523,canonical_job_80938448d53542e5a179db9134e73017,1
4285607129,canonical_job_0296b870e0b2436084acc1cd54686daa,1
4309627344,canonical_job_9810fd940f344356ad2e785986571b99,1
4383815885,canonical_job_1138dc2f6e8348208d8f5e7586620131,1
4384841367,canonical_job_a153ee33ed56428cae24aaf7df6fc3fd,1
4384850043,canonical_job_7335fac6fd454b4a9debf40a1735d79f,1
4402501384,canonical_job_ffb09f6b5e1b44179d321e502954527d,1
4403411385,canonical_job_cf657d9518c94081bd2eb16524d8c6d0,1
4409072363,canonical_job_5b7bcb349d04436f890ec853fcd36106,1
4410703205,canonical_job_c8ee23f1817b4551977810833524e5f2,1
4411624942,canonical_job_9ca1656baf4347b78a138b80f49b84fc,1
4412170843,canonical_job_a76274c0475143859997e70cdfc12a9d,1
4419413981,canonical_job_5d30b2403ee4412aaa1f27e9d7ba4526,1
4421693019,canonical_job_8e2ee4070941415c80f7af81a5e723ee,1
4421693020,canonical_job_1153c98504eb4b2aba4604b9d871ee65,1
4421693021,canonical_job_3d84c3414f6d4320b4f21379cbf79794,1
4421697223,canonical_job_1c949b6522ba4d4d8d5abae2f4409c19,1
4421801006,canonical_job_003b5a6d270f440e82093e5f45805dfb,1
4421808004,canonical_job_73ff709ddc9a4b2f9c17fa7bc069d7ed,1
4426334955,canonical_job_79b1ea8443a34271812ca93a2e211705,1
4432026299,canonical_job_a7260d08f4bf47c9802f4e39f32c3e0d,1
4432808054,canonical_job_367b2a503d154005a28ec324f99bf15e,1
4436353299,canonical_job_fa9b0eb9a3a4476c976bbcb12515c4bd,1
4436742439,canonical_job_83382693633d491e86acfcda13b62ed4,1
4437801534,canonical_job_5b45cd153d0e45d6901027983e6a98d9,1
4440982800,canonical_job_eb40b7d3e2d64331a8419b031825153f,1
4440987596,canonical_job_9fb3c42d93b54452a6166d928fd37398,1
4441201098,canonical_job_c87158992d40466da6a756855d8824b3,1
4441495409,canonical_job_041194d9a2514803bdce95b3e5ac5110,1
4446591832,canonical_job_7ef22ee3f6604cd7b430cba64c2eebdf,1
4447528738,canonical_job_4f535ee07001400db47cacf13ec4c985,1
4449062045,canonical_job_3f4bf2a9437f47628e7e650dc18b0f47,1
4450259865,canonical_job_4ed9120d15254d349c1456177a49669e,1
4450698937,canonical_job_1cee83a5efd74ac898f7e25d4a177009,1
4451537996,canonical_job_30527e9287f843769b489e1d3800dd97,1
4453667859,canonical_job_a487d89c8a2d4fcdbb77754b1e807f3e,1
4454304571,canonical_job_65585998b17b41b780fc42a5a0f595fa,1
4455254945,canonical_job_975d4a5548314c478ce0a9f488642519,1
4455748467,canonical_job_4763882aac2e408ebeb9df66a9f726fd,1
4455753367,canonical_job_9f824772e800499b9f7d3e12a5bdeaa0,1
4456178439,canonical_job_e811f64d40cb48f199380fc149028325,1
4456736075,canonical_job_893a61df4a754f69bd3f23ee72b65a2d,1
4456742006,canonical_job_a83d6211f23142bdb86386bfa28ea0f3,1
4456745005,canonical_job_9abcd51a19674ee192d2eb93dc7e7e01,1
4457082879,canonical_job_7374b809ed2c4d1bb4366eca9ca25cd5,1
4458289655,canonical_job_969275b800b5492184b298a98e7d15b2,1
4458294538,canonical_job_0de1cdcf651d4699b5e40eb19d04b3d9,1
4459023698,canonical_job_c203f35bd8b5461f99fca37e0f828d5d,1
4459194766,canonical_job_dee4357a686647338e9e6359aa95bef9,1
4459667560,canonical_job_c208c8479b1c4153bc31d0e73523a622,1
4460306443,canonical_job_4543ccac5fd04aaa84238fb19df197a7,1
4460348717,canonical_job_a4ae368cf2d5458596a0aa11680b2a2a,1
4448094070,canonical_job_8129dddec83d4b348d8574ffedc11b21,1
4448410467,canonical_job_864d93b2c2364532bc1281817b1a99e8,1
4448418172,canonical_job_0b66657ed2e54c89adc78bb67cc952e4,1
4448420138,canonical_job_3b454b5743c544749db9021a0b169e47,1
4448426049,canonical_job_efea59518c7e41c09df964574a0e9157,1
4448428014,canonical_job_f16aa69102a74ff4b67a7c7f3cea95f8,1
4448798592,canonical_job_7c77c5fbef234b5d9385569b3bddf20d,1
4450896148,canonical_job_8df5b683af9643c49fe1b5d41c117344,1
4452247215,canonical_job_02f7ce30899742b383274f4190d4066c,1
4458877733,canonical_job_3d62ddda70c74a9881f9bc4f220a58ac,1
4293821340,canonical_job_2bde97e079f14b29bf55c25410050fbe,1
4330565995,canonical_job_be64a030eb914968a692049c5a90307d,1
4414140296,canonical_job_d255ed6eb1454176a6e42d066981cfb8,1
4422830548,canonical_job_4f206848289d43e1b2f127013f8ce06e,1
4435215779,canonical_job_ff5f76df5b50432fb63e8360abc44b0e,1
4441303768,canonical_job_7925303d16aa4785b822b3d4b208ba68,1
4443153845,canonical_job_70ec1d56e8444f27b6e701412c41895f,1
4447905401,canonical_job_22f6a5b61ecf4730a2f51e3fd8508597,1
4450357019,canonical_job_765ac19bbd98473fb898449a42b411e2,1
4451138091,canonical_job_e56cc78009f84577b324a20c3316b299,1
4453597281,canonical_job_5d8b9362164a4d48888d77dc1f8ec1db,1
4453705259,canonical_job_2f727f737867441faed148c056de301f,1
4453706233,canonical_job_4254296ab66445d5a4c9ecb1b8ddbee6,1
4450036576,canonical_job_9385711898854c7c85b97c4de787d6b2,1
4450039593,canonical_job_9fbfd84379724ced9b7182cd8e9965ad,1
4450040508,canonical_job_7d5a3b8aba584519b3aaf0c404bae668,1
4379955190,canonical_job_0dc2a1dcac8a4880ab710088e62ed97f,1
4385141452,canonical_job_50e33d313c7d478190b23ed4cca88b1c,1
4400435490,canonical_job_446bb4e5e0254686990e488f4e6e52e4,1
4400439416,canonical_job_8477ac8654324ba9bf09739b7d161a49,1
4450788662,canonical_job_f777134d70d740678ecceb8d1dd49583,1
4458528292,canonical_job_38170c4d5f77470c871561f4f45be64c,1
4460125981,canonical_job_7cc37425eb9f4beb8f4bac536708433a,1
4411923464,canonical_job_5f1564ee33ab482bb961a47d4819363f,1
4427154390,canonical_job_690a517121434d99ac2871e6d9d6cfed,1
4450026705,canonical_job_a772a39296f84d39b331dfdb195c9674,1
4458073059,canonical_job_6acdfaed009940cdaba6c57a04482c34,1
4458080021,canonical_job_919debee30074f16a70905330d320cac,1
3981221838,canonical_job_2925b12c7f2f4a088c3d61644f719ce1,1
3981221848,canonical_job_08b9990300924bffaddc5235a568a884,1
3981221872,canonical_job_95a26d49b5b14433baef42c396b4f120,1
3981221877,canonical_job_26c881f7e82645d89eb946904ba4b6bc,1
3981221915,canonical_job_37a3753517c3463e8b99a8b3a435b95a,1
3981221969,canonical_job_09a4c31113cb4fde91d2a31d4c44eb2c,1
3981221980,canonical_job_301c5fad206847719057af50beddb99d,1
3981221990,canonical_job_6b1a3833cfc2440b86d66d48f78a9028,1
3981222722,canonical_job_99d4284b8eda49298271340eef2225a0,1
3981222726,canonical_job_9809e305eb1046d1a0e17399d799b0a1,1
3981222752,canonical_job_8ba7d8d1a1e74dc69f28ceaea6523005,1
3981222779,canonical_job_eca9b16ab3124c9ea688a2102eb32d62,1
3981222879,canonical_job_763b16f42ded44369b3efbaec722b652,1
3981222906,canonical_job_30b5c9d31ec64bbb998333a7f61a1baf,1
3981224686,canonical_job_e7e9f57d4cd447b284562eaff8a517ad,1
3981224695,canonical_job_fa5a1564fa8c4a848853bbe4dc1fee4a,1
3981224700,canonical_job_c3729718552649af8efb3288268206ef,1
3981224731,canonical_job_dfae1fb587574e71b85ed7a54a2ebe66,1
3981224763,canonical_job_981612a73f8445dd90590145ca5a162d,1
3981224766,canonical_job_d7794825899e46c0a1f6f891ddf5e80c,1
3981224774,canonical_job_4d8bfaa0a966485d843be2189d9a74d8,1
3981224781,canonical_job_124d0936c93e47c588369a0591c3a047,1
3981224786,canonical_job_d9a081d6b9594c1694919f664b0dbabb,1
3981224867,canonical_job_129a00155ce54841ba59a80bb378e574,1
3981224917,canonical_job_e2abd214976e46f5b25497d4ffdabeaa,1
3981225664,canonical_job_4af6c1b94ccb47bb99a3be90e6d02769,1
3981225667,canonical_job_bf3f6a9237d14b01951aa7451dec0897,1
3981225695,canonical_job_e05728b27c8f49979dbd7f312873cb39,1
3981225785,canonical_job_ba27adebc2ab4ccbae3de0778e68f5c1,1
3981225835,canonical_job_120b214307ee43f88e73daae6fc728f6,1
3981225858,canonical_job_c03aebec765a4c8bb20a4c063abea622,1
3981225871,canonical_job_04f1977c20fc4d1291e328692c7bf811,1
3981226457,canonical_job_5f0053c0cbb948cb938544f3772188e2,1
3981226528,canonical_job_0706a854ea84471887da1952d6e6ec86,1
3981226535,canonical_job_6e8e9304137c4900a2a27e97a408ad77,1
3981226547,canonical_job_8750483f9bbf45c6a9df4e8e0f0df43f,1
3981226569,canonical_job_05a3e0da925e42f9bce55ea8629e7a1d,1
3981226607,canonical_job_eae42b5967ed42d8a559f0c8544ca547,1
3981226617,canonical_job_aebe040027ca497dbe922ee5f05f4923,1
3981226628,canonical_job_b8afa149d9fb4de7838d243d06ad244c,1
3981226666,canonical_job_fdb69a0aa9464022b7d7ecf8ab146713,1
3981227300,canonical_job_2a6f40d750a74ea7bb35d882e6f78b54,1
3981227303,canonical_job_14818454a817451fb821eb4cce711e15,1
3981227306,canonical_job_903edf2b1bd14385800b20972f780bd9,1
3981227312,canonical_job_0700bca3382b43248fb1f0031d760ada,1
3981227362,canonical_job_52c6f8caf92f43048465479052bd0d77,1
3981227375,canonical_job_7ce7621c48a84fd785507b7d5c6b0479,1
3981227411,canonical_job_1145d6d859374f73888cd91e36af0cd5,1
3981228382,canonical_job_9275b60823bf4c72964d7666108480e0,1
3981228409,canonical_job_a319f593e5ad4e1fa4a08ded03a9f0bb,1
3981228410,canonical_job_0cc81879f75b4acea788568d6f67b7b5,1
3981228414,canonical_job_8f8f1d57684d4f6bab5a068e0c366850,1
3981228429,canonical_job_e240d8d04c8f4df29e1803a5a3845092,1
3981228478,canonical_job_e1a84acbde014c46a6e6f86688446dbd,1
3981229132,canonical_job_7a666a3e812443d0b1c64f9e9a21ed1c,1
3981229146,canonical_job_42ed92732fab43cb8ffed269a684ae31,1
3981229155,canonical_job_4d7e540c3a5b445dadfa068db9b1fef4,1
3981229189,canonical_job_a7a76d90a1d44cb2a0aad1955731fa28,1
3981229220,canonical_job_7a3d6aae7b904d85959c2439aa883b2e,1
3981229278,canonical_job_28de76f938914d94a3fac55933d12a1c,1
3988022795,canonical_job_d5ad8e99f7ee46b0bead0783503f4696,1
3991344512,canonical_job_e10cda1a794a45ff89796572dee62d37,1
4008702135,canonical_job_335229e5dac44dbb8ac8327777a36bcd,1
4010852701,canonical_job_f97eb61a64464b1baafbdacbe724cae2,1
4028252650,canonical_job_31512bbdf4ac4e3c8a0b7d4785a2b225,1
4029043998,canonical_job_fbb09f0acbb44d898a4c00c57dff8e6b,1
4029049045,canonical_job_c6b52ca5dc9849afa7261c3ee20a79fc,1
4036612706,canonical_job_777fc408627e4847b4daeba2e0af691b,1
4042960231,canonical_job_26ef051971d64a6480dc881a8585eb43,1
4048091648,canonical_job_f6a1bf4676a549b7a46a6b81e468d402,1
4049555354,canonical_job_21b049bd17b645bc9deee49e2ade352f,1
4051866328,canonical_job_85ab2a4c54894dd2ab61198997978783,1
4054999302,canonical_job_64b337adb93e48548fd4eaa85afb8024,1
4055988622,canonical_job_dce3ba1170ba4ddf83403914247ab596,1
4055995031,canonical_job_d718eb3513dc4300ae90a40937e7b1de,1
4069359642,canonical_job_a208d1e25e2b449997286290d1669df5,1
4071790486,canonical_job_86db83f10555483a8846dd6c38f875de,1
4072765430,canonical_job_e2f602776b974532aec4c4fd9f19b116,1
4078003420,canonical_job_5441b6af21374780921248a7ce9aafa4,1
4078838677,canonical_job_4bf1e1836c1c43d493a04441b8907732,1
4088568735,canonical_job_9fffce2378d64605962bc3e632650744,1
4088569679,canonical_job_4c441fcaa623469cb92310dd2a0c2577,1
4088570719,canonical_job_6772b5d402084efbbc9e23d7e6a9730f,1
4088570720,canonical_job_9520ff3025384ab0aac71b35b3328fd9,1
4088573296,canonical_job_aab22f0139e645b5b9ff096397511ad1,1
4091552146,canonical_job_183247db9c544022bee64f61d5e55e80,1
4092817915,canonical_job_67201f996fd746f5b5576b2487af084f,1
4095606086,canonical_job_b38069807ffe4f2ab04c783d979fa08a,1
4097621359,canonical_job_66e25a9b10f940ed8e00f9f627e08831,1
4102978395,canonical_job_f25628ffb8f5420593a06d0894d104cd,1
4103721353,canonical_job_106e99f6cc02437c8476e2d06257387f,1
4104364499,canonical_job_808bc96547df45d1b5ffa37f3dff521d,1
4117843959,canonical_job_32892e1c349f4649ae9eb99fc3d207d0,1
4118647841,canonical_job_952e4605015e41a1b1e06a1c0d29137d,1
4119580344,canonical_job_d89e50c7105c4434abf4e9001f60677a,1
4124688729,canonical_job_678544f0eb904b6e972b2fbef8e20456,1
4130625055,canonical_job_4164d41749934a0fa404b9caf7e611db,1
4141176965,canonical_job_7eec41857bbf4fcaba695670222c90ba,1
4143298936,canonical_job_852923467f3c40679ef8441a2f849615,1
4153830951,canonical_job_2a05995e39dc4cd8860e20976ded23e9,1
4153836343,canonical_job_b9ff0844308540e99ffe5c280d8611fd,1
4155478877,canonical_job_010541b631824586ae8ab22dbfda4693,1
4162260509,canonical_job_09cd544c6758456ca2c15b36b022b633,1
4177552716,canonical_job_c1b03c70e4b940d386391d52b4d31d71,1
4189469838,canonical_job_deec152322294d6cb0be9427c7a8ec92,1
4189470705,canonical_job_ee41162544cf4cf28458233bf69ad85e,1
4189473397,canonical_job_61aff02b0c7449fea93a9ff6a2665bbc,1
4195491513,canonical_job_c9f1ca20a54d457f89fce10d32ec0c70,1
4196566056,canonical_job_5bf0e2bbfa1f43aebd8aa83bffd32923,1
4197915544,canonical_job_b3290a1b03194ea591c55ea56d9d7091,1
4198592572,canonical_job_927a71c866194a8191aab3e94786f337,1
4198879924,canonical_job_83372b5ada9241e5a59de1f8deff70bf,1
4198879925,canonical_job_7335947273a247faa0d960a04429480f,1
4201819990,canonical_job_23959b4a0b114001a6f5eb651c1bb74e,1
4201821818,canonical_job_4cb21de0a8194c40b11929b417c51cfd,1
4201822776,canonical_job_d816506cd2db44758825f7f64d4344bf,1
4201823752,canonical_job_acd0b8eb2af84b8fac0ee54be721c396,1
4201824542,canonical_job_459c5b284e804d5abf98ac3f7e8d7ff9,1
4201824543,canonical_job_10838fff76554e5e863550c83b19e204,1
4201824544,canonical_job_b2d25c8de9c44fcea58c979cb1f28ef0,1
4201824594,canonical_job_192abb1d70824912859403c161bffc28,1
4201825203,canonical_job_e4f2704c211c44dabfe6ed0df00f1f6d,1
4201827056,canonical_job_c628fe803ba342f98a10af76354090f0,1
4201828064,canonical_job_4db124bd18b449a4a2c994610389ab0b,1
4203629981,canonical_job_42db8f944ae04eb98f97465e99719a7c,1
4203633780,canonical_job_519a99b59215441cbeef3006c7464e40,1
4203633855,canonical_job_7abeb8bcf9834b5f904ae22f86df8101,1
4203634588,canonical_job_c4b50e3f2dd745f5a1ce6ced1e4ce394,1
4203635437,canonical_job_d8df5aecd32d46d5b212b30caf9fd123,1
4203635554,canonical_job_14d9f94d32fe4c58965d86f3aaab5b92,1
4203636483,canonical_job_79898ef6350f4704940bcb67e9f2ecc3,1
4203637304,canonical_job_ea2c097ecbce4e608d7ebd98cd14fe5c,1
4203638011,canonical_job_5a1d62f607cc4ca69c7024c80484fa42,1
4203639185,canonical_job_5fe6d44f07dc47b19835ff4e2243618b,1
4203639208,canonical_job_3ae13601cdcb41e6ac0ea3df71689e9e,1
4203640101,canonical_job_7063df770fc349769714f45e81e7caf1,1
4204614959,canonical_job_6c42f9268fe84725975c58bd2dca9fb4,1
4204614979,canonical_job_778fcbd3f84b42f39410ed2e0a91b0e5,1
4204964924,canonical_job_2bdadaa19dd941c89fd9a21406b8a1c6,1
4204969336,canonical_job_0183f69f445a4c3ea5164539913b4035,1
4209780070,canonical_job_0a4dff18ba9b494abf64af910bc323d1,1
4214492791,canonical_job_f4052e704d6044509fe20b1210db270c,1
4222335804,canonical_job_4daf25a011ba4784a25ea8248d2f5c71,1
4222339246,canonical_job_294a5939fec34c33a32ed61db7062f80,1
4223397637,canonical_job_b8d6bff5bac649a68f839078a4d86b5b,1
4226986964,canonical_job_42aa89ca6eba47aaacf5b415699e60ee,1
4227348193,canonical_job_31fea163fdd24e5f976f9d744d832610,1
4231150985,canonical_job_d756289b8c794d8ab35a77652dca50cc,1
4231155137,canonical_job_3232043d769b4fdb95d2368a971145f8,1
4231426950,canonical_job_2290faaab7f840a8847de41ef7f2efbf,1
4235873250,canonical_job_ac09ef2bae0543aaa161f51efc9b811a,1
4236575211,canonical_job_be195fa61dff42ce9c4d1f668441a68d,1
4239571752,canonical_job_f47b2a6bcb96410897dada59f94e9323,1
4239574562,canonical_job_a90fca778105447bbf4628bf37c5e85e,1
4241687707,canonical_job_6c76f6541a234c42909fe321894b41b2,1
4242914282,canonical_job_f9184f17cc064cf0b9edd38997101ca5,1
4247365161,canonical_job_a3749ff5610a41e68d28b330ab799a26,1
4247795730,canonical_job_65f0c04b04db4ff089fb0e06a3b9574b,1
4251198231,canonical_job_af1739e8e00543bcb578546b12fb59a0,1
4257963491,canonical_job_3693e67109a448c1a5cb89f3e38becf0,1
4258666663,canonical_job_34388957b16f464fa3177fc75536a965,1
4260181353,canonical_job_3eda1e19225045d0bfce09063689ba3a,1
4260952816,canonical_job_8112e9799c89413096b9f6d10a3a376d,1
4262510164,canonical_job_f648f739d53c4b05a827b539e769dffe,1
4267973232,canonical_job_ed0a6c17ed5740b9843902cedfab835a,1
4268765989,canonical_job_023674ad42ba4a33afa8ee1c00d24996,1
4270718817,canonical_job_4ec231371bd7428cb653e8363b113b86,1
4270722000,canonical_job_8abbb19e1060468e94a748e656eb5161,1
4271348109,canonical_job_4a34185c765645d38ccebe5f08eb61f4,1
4273750837,canonical_job_d19424c07f9a4b10a2594b311906426e,1
4274098449,canonical_job_b7a28ba98c98492c92afb87b3f7a378d,1
4274335847,canonical_job_886cec4636bc4ae8bb7b6e69a65880fa,1
4279258199,canonical_job_34e9831f659e4a0e8bcf238ddc4d110f,1
4279475674,canonical_job_bf38bb128246484a937172683d517626,1
4281358642,canonical_job_781021efd4fb46b4b56b3c101b67c827,1
4281598476,canonical_job_5422dc0a1d484371986345606cb65f7f,1
4281598477,canonical_job_31b76e762d8848fd80e3f5b149dcc87e,1
4288009961,canonical_job_4e95866673b840d1883d86bf424e8257,1
4288011612,canonical_job_612c8e802779406e9fd12e0f08b1aa47,1
4289467496,canonical_job_8026ebe6523a435ab0be69595461219c,1
4290821807,canonical_job_ad80b21d72c24432a210a728822ab6f8,1
4292697801,canonical_job_dcf71a4c52d74082bd2a624dea72d829,1
4293594721,canonical_job_7e0f12f249724102af17f83436dbb109,1
4294260870,canonical_job_fec433df280c48439882ccbfceefe638,1
4294889673,canonical_job_a46186cb946741989a99df05891af912,1
4296056630,canonical_job_efde15f8ce744c399b5ce340ea1914ce,1
4296062022,canonical_job_867a8bdc3c50436c87886151fc326a4f,1
4296094868,canonical_job_031f0950c93848e3bd676b315875b443,1
4296099585,canonical_job_994f29942cd946f08ce3c08311fe2361,1
4297300264,canonical_job_e0d7ad0ea53844658e702a77aa97f796,1
4297841609,canonical_job_00ea60a6eb08472096cb13d2af1942c3,1
4298380400,canonical_job_6774ec5f6523428ea03f639e0ec66fb2,1
4298383250,canonical_job_3d83e5e4985e47b0b9c805d9d2ce4749,1
4299342143,canonical_job_d1d141b7bf6f45c9a3e5d122d6c8ca13,1
4299345083,canonical_job_0f423cdadbfc4f4a9d8483e912b79dc2,1
4299346071,canonical_job_c619ef92bc124b20a18ff8cb8557bc50,1
4299606852,canonical_job_b40970f8226d4c6ca4f19c673ffbad87,1
4301192208,canonical_job_861ba73c32e94260b187fdc8ac111121,1
4301325757,canonical_job_a364a040f7a5431d97213cb26cd72911,1
4301687922,canonical_job_042402192d33495fb5023de3854fb589,1
4301699232,canonical_job_27a4e37fa4544914baa3913096f86667,1
4301908011,canonical_job_e1f60deaf9094330b90b6c0d6cc15ad3,1
4301942570,canonical_job_941c34750c8c4ace92d15decbe931958,1
4302182628,canonical_job_e0c91ef89a1e4484bb9ef1f83f5951e6,1
4303485796,canonical_job_9a9244189f8d4aaba10a955bf0088c95,1
4303640183,canonical_job_c00a032b79bb4d7fbdc6397a8d68fe9b,1
4303648063,canonical_job_59a64e68cdcd4703998d60c8d7b86689,1
4304230924,canonical_job_a85cc9395cfb4ab4a8990076710c593a,1
4304564713,canonical_job_8cc5d6b6c0394cddafc5611ad2b7946a,1
4305814099,canonical_job_7cfcf72798ce4c26bfe328cebab3e64f,1
4310922773,canonical_job_cd9244deec7840c5b8261945b7e5de6c,1
4311689498,canonical_job_10c61270f89143579be1f87bc8ee9575,1
4312146775,canonical_job_cb0831acd5574e82a5d813fd8ee7b59e,1
4312147772,canonical_job_7e57f41ac7fb4146a47b5b48d35c48bf,1
4312162347,canonical_job_34834e5964cd422ca916d70592308849,1
4312167055,canonical_job_7fa801278e93461396ecb046edcd9c5c,1
4312816763,canonical_job_474fb6ee3da2477280953c57b71b75aa,1
4314042188,canonical_job_7b360cd8763e4d3a9b14610ccc22aded,1
4314288829,canonical_job_9e69867d12604324ba25fd5407675fad,1
4314289750,canonical_job_280f2d01ba80424d88c499f1820ed736,1
4314504043,canonical_job_12203f5c90b447d68c2fbc114a0522bd,1
4314776454,canonical_job_b6c24c4bf12d41e6940a38244ad3eb99,1
4315286927,canonical_job_def7d3e8eba3482599749a423ff92fa5,1
4316946614,canonical_job_7d9ad21b3b0841fe98baf5874b2a5d59,1
4316958252,canonical_job_1265b53aa48149cca9ea2ea2e41bfaf0,1
4316969060,canonical_job_f883ec8c0bc548f08925fd64cc6e4a5e,1
4316989625,canonical_job_4429173a269f49ea8be8437e53a0c4b5,1
4317449794,canonical_job_30bfa41c9d1d4abf8fd38fd04d2e4881,1
4317463016,canonical_job_531f6f4365564edc804aa32e38cdd0f3,1
4317498624,canonical_job_a30a166cc1914260a6c05971d9563197,1
4317706158,canonical_job_33d492f0c45541dfa0be443eadca53ab,1
4317965791,canonical_job_38cd09ad379e495c949ac21c0d6a0ded,1
4318357767,canonical_job_676febcab3a846b0bd725cbc2513f3e8,1
4319176303,canonical_job_2250525049f04edd98370e8efa96eee2,1
4319342206,canonical_job_aff56b0993a14773a8fcbcff86cf31d4,1
4320290248,canonical_job_95136c3e127445f4971f2accaf5505d5,1
4320383939,canonical_job_a898099bb5f143c4926b0971148221d9,1
4320415727,canonical_job_239bbfcd35c0492b8d394428d59743fb,1
4320463583,canonical_job_efc930346bf6480d88ad1c00eae53b94,1
4320762399,canonical_job_ab6c04f1d30f44d4a87f6f41be95c482,1
4320934584,canonical_job_d3f8286ef21c45439e6bfa61c1fdf0d4,1
4321144134,canonical_job_de927913d38240b88ef05bcf65c06973,1
4321390448,canonical_job_040d71abf5c9445d9f23f6dc3ebbf59e,1
4321997275,canonical_job_f48e0e178fdb49a9a1dc9a0cb4c10003,1
4322114695,canonical_job_790435c9d62e4fe28d6f1e297e2bb15b,1
4322132928,canonical_job_0b81ea9b2f544e4097eafb4f0019d87e,1
4322513555,canonical_job_481ecf043bb24502a052f57e930ddefd,1
4322663488,canonical_job_964ed5210a684fc687ebde68bf951d82,1
4322797869,canonical_job_01b1eb1b1c6a413f8435475da5b44f24,1
4322827975,canonical_job_4f8fda60114f4265a60b4daa61c91fd5,1
4322869729,canonical_job_cc0f69153fb749dabbab8c0c1c85a567,1
4322969583,canonical_job_483ba24cdcc2454fa51cf34ef6dc3cf1,1
4323161607,canonical_job_f845b2a9f8d34d8ca3e15dac6e2dcef9,1
4323519264,canonical_job_24cf4695c1af46259755ecf7552a236f,1
4323609067,canonical_job_e04d0042c5174d48aeaf48dfdf470429,1
4323659131,canonical_job_b3681c2b596044bdb6152739c3af2963,1
4323669028,canonical_job_6f7e9ad1fce948e793db63ae672da9ae,1
4323678799,canonical_job_519bd0df148542e1aefc9539c2ab0230,1
4324330367,canonical_job_36066ee242a8407d840b08eb297cb9de,1
4324336614,canonical_job_a997b18aa80c44809e3fa304f045337c,1
4324461912,canonical_job_a67efdf530d7471bb740dd4d000cfdf7,1
4324481745,canonical_job_8663469c39d5471491b7f4f60820ab93,1
4324573066,canonical_job_a99a6b71daf54bb4bf026332910fd0d3,1
4324611929,canonical_job_4fe3f971ebc44633be4d31b20aecc655,1
4324656390,canonical_job_0533101e00d9456f8082415331bad4f1,1
4324661697,canonical_job_4632a4742e0f4241916bc1b379e62f94,1
4324662834,canonical_job_08244aa73b034147a8acac16f9428a7c,1
4324872542,canonical_job_25768807985d476cb7d5c8b134bb207f,1
4324901257,canonical_job_04aedd55d95142b0ac229c25fc107a67,1
4325177406,canonical_job_e3c1cfe623c8495c8275d8e3abb24fde,1
4325177407,canonical_job_4b7489dfa42e4d9dba736b2e2fde3f33,1
4325524134,canonical_job_3f8c657576394ea5a477499f28667074,1
4325744393,canonical_job_f1ad8220f5ff49ffbc3991a44f6811b3,1
4325781381,canonical_job_853f1c04b0e741eea0c5a5c69e4d533b,1
4325847696,canonical_job_62f0e83e708442f78e98449bc5f730a6,1
4325862787,canonical_job_51b3b6b624fe48dbb2087f2955083b7e,1
4325921014,canonical_job_6857fc6f4f20416d8f2418da26615427,1
4326277308,canonical_job_e3c2ec50b17142b5ae861e1b2718324d,1
4327312560,canonical_job_ec6cd5ebbca34b469c97f06fbc1cb20d,1
4328160126,canonical_job_efba6207212b493bbb160cae2fd9d56b,1
4329489923,canonical_job_e7c94c7ea1bc4198b82e2b729b0842f4,1
4329544500,canonical_job_9b4a68e0509f4e2885d73688497c43d4,1
4329753212,canonical_job_865c13f60bca49908ad0a3493c01b925,1
4329906569,canonical_job_59e0d09b73aa450c8515e2bf3edab047,1
4330438279,canonical_job_59a3b689c1b741499594c74e51f9c6f5,1
4330623774,canonical_job_62441fd6253f4c8cba27ac37db78e273,1
4330901029,canonical_job_4894cfacb1244585b6f2b88089b47ac6,1
4330962358,canonical_job_2dac17447779442fa393078c8bb180c1,1
4331001982,canonical_job_63a6d86f36774b09aa44d12319c5d99b,1
4331081718,canonical_job_3420aa2d912d41b5be189bddbc50d99f,1
4331500537,canonical_job_c6b53c4bbf17424fb757ce325a12c05b,1
4332264953,canonical_job_2f0f7a1b342244aa8dbc9ebbb446cdcb,1
4340652709,canonical_job_5ff1cd133e054f8792f9a01f6451225b,1
4344454590,canonical_job_fd61b4fe575147e1bb2caa9d71272391,1
4344454591,canonical_job_4934c7c931c8451387030a5db28cdacd,1
4344944171,canonical_job_4855d8d63a0e42a187c4ccf99d151593,1
4344953999,canonical_job_1ded350158e14cf1bbaa1957ca252ddf,1
4344983928,canonical_job_a792a61197f445c68f323b0dd17428b6,1
4346046905,canonical_job_2424dff508084982bcc96fe67919e682,1
4354816317,canonical_job_1ce551980ab94bd6a462b993b360d2e7,1
4357600060,canonical_job_5af6023d31ad4e18919fbeb05a75b3cc,1
4357640068,canonical_job_d738b41ea49441f29150d3839d789668,1
4357699466,canonical_job_21630cda7fcb480d8042a0afccc6efcb,1
4359019698,canonical_job_2ecc394ae01a4ca68e0260a169d9f862,1
4359191001,canonical_job_99cb1ac20ecb4f9c87320ad590852fe0,1
4359226236,canonical_job_e7eb6da600d54aeea1259ac5debc1a55,1
4359226238,canonical_job_deeb47d66b844112adbc8af14a806403,1
4359285885,canonical_job_db7eca8ad2144d9f8e21b22a94046a7d,1
4360834848,canonical_job_4d36e928ada74e308b416f48277b225f,1
4360914845,canonical_job_be337f0130cd46bb8a2c4cd9f58c3012,1
4362169068,canonical_job_9f064555b2564502866c4a738799a62d,1
4362178480,canonical_job_962b06e768074840ba67a947d39f4b0a,1
4363414040,canonical_job_49df306751b64007ada62346ead92fed,1
4363414041,canonical_job_61cd6911f8584e09a84ef16596e77535,1
4366481856,canonical_job_bc64423ea9ce4028901daf7d7d811f54,1
4366482696,canonical_job_cb7276747e5a4ec39fd43cb35622ad8d,1
4366870750,canonical_job_d681a6f7346d406ab7afc3bf6d14c30a,1
4366871676,canonical_job_4c5d7eabe2c444b2808275fbe20242a8,1
4366872658,canonical_job_1fb70a8a2ae14b69b3adf6ca10925e91,1
4366875624,canonical_job_2743a16bedd34cde8ed1964349de05e5,1
4366879178,canonical_job_d126a6a5fd6d4f888a4e5fe9dd48b867,1
4367023446,canonical_job_7ae02c58de584a79a7b6773df3a29715,1
4368260561,canonical_job_9e281b3ee95049aeb0d0b33bd7e2c4ae,1
4368740495,canonical_job_65ac1d3f7a0c4f969b4aa7586a24fc1c,1
4368743346,canonical_job_8f2630afa56f405fbb9c582da64101a9,1
4368776765,canonical_job_bace0a4126614f419428009d635cabf8,1
4368778698,canonical_job_7c3a6f60b1be48cab3f3f77d59315db6,1
4369184051,canonical_job_18c434fdf51842c1898460801d606ff2,1
4369544527,canonical_job_4985e5de1547446fad7faffc7becf9a3,1
4370676982,canonical_job_f9b5a18a0d334ad0bd5230d5a5d8b5f3,1
4370681711,canonical_job_56208bf3ecc74aaaab09fe9d780d0753,1
4370687507,canonical_job_179c2717f7dc455f9a93d46d4b4c5523,1
4370692386,canonical_job_042f2398a6574ed9be694fb25f8647f2,1
4371152597,canonical_job_9b69bc699d7f411d8e522463523b29a0,1
4371512873,canonical_job_de2a3cfb5ac34b75ab235066e598b51d,1
4371518809,canonical_job_59c742c3ec294a0bbbe25cb74137adb4,1
4371524755,canonical_job_cfd3633a554f4877ad526af1697a3b13,1
4371567639,canonical_job_da682909673e42b59cde667174bc3aaf,1
4371570559,canonical_job_ad5fbd2588e6442eb08edf83b020a702,1
4371794604,canonical_job_1ab99c3d3e264ee38d79be95d2128147,1
4371797239,canonical_job_ddd6ce9ffd5e41479f2a54bbae41336a,1
4372536632,canonical_job_6b55002f85cb491a880f62620b2d9f03,1
4372867851,canonical_job_431294c771c34c8784438d9447383ba1,1
4372875880,canonical_job_8b17df45289c4ff9a1da146a084b488d,1
4373357019,canonical_job_746ae19f655f43c09a5eaeb0841f27bc,1
4374032805,canonical_job_cd13bbef75934765b933def2599c31e1,1
4374034780,canonical_job_3505b4eea716423eb206925c23750bc2,1
4374079829,canonical_job_24d65aa0bdfe4a88b21cd648fe3d9ae3,1
4374093558,canonical_job_3f2bc9053f54494499084e86d3be8340,1
4374094420,canonical_job_a06b65b0386a498f9e530ddc6e708c7f,1
4374395639,canonical_job_a458461c42f948208a72ca6ea08c886f,1
4374659029,canonical_job_4cd54fa3f7364e61a6707b40927c6592,1
4374677997,canonical_job_cd22d95f3f7f40279214fad0bf8b0231,1
4374695098,canonical_job_dd3e6016b826404d941039fd7ad729c0,1
4375725556,canonical_job_c8a785bc3e954cf9adf735aff44c7f7f,1
4375729319,canonical_job_4fd7bb9b317548cfaa31d005a38dfee2,1
4375757869,canonical_job_f6d9548888ac46619b8f7555a9ee23d9,1
4375779064,canonical_job_bc4242ff3b8a4c7e8438b85165968424,1
4375780065,canonical_job_002fb88adc8b4471ae2c5a4bc69a139c,1
4376089707,canonical_job_6b5b333be128419ca572bef06d55ee79,1
4376097447,canonical_job_77284c4e809c4fb98d6025d837968b1d,1
4376097448,canonical_job_cdfe06b7f7fb4b97ba0aeaa62f37c2c6,1
4376751741,canonical_job_68c49f166b924ad49c5ee71db394dba2,1
4376762438,canonical_job_12cea63a4ec84bf38eb781214d1ee07f,1
4376764421,canonical_job_b7279e38fd19496d88cbd28184f5c9ba,1
4377273007,canonical_job_b97d4df196de41b3a59e003776c9892c,1
4377600598,canonical_job_ae49762484e74ad69797eaf17022229c,1
4377910908,canonical_job_57e67791be7947da9ab1e482fdb9e5cf,1
4379198987,canonical_job_6e40994b957c487db8fce5eb6533bab1,1
4379403812,canonical_job_21f7a19b4ec74f71970ccb64dd25383c,1
4379421168,canonical_job_1e2c999c727648fe927cc0cf0b9f751d,1
4379669770,canonical_job_2da7ac9147f94b2686abca62fe7250bf,1
4380450799,canonical_job_b7ec2796fdc641039662b4dc8e7f236a,1
4380455561,canonical_job_fbd62088eb814eb0bc1b274c926c0b5c,1
4380458371,canonical_job_878344f347b34ebbb67d8161ad9de0e4,1
4380458372,canonical_job_26f6f6bd7efb4e9386f38d22cc2634be,1
4380461286,canonical_job_5f8e691ef60948b4bdaa2bfef72ad235,1
4380465083,canonical_job_2265a226edb3417fbb8bc45f4d3305db,1
4380467042,canonical_job_cb35c3e78020434dafa88b1f236e7b31,1
4380469014,canonical_job_3516ccff40234d038b187d4da3763ed1,1
4381067666,canonical_job_a238423b24e145a8bc0f513251f04948,1
4381104958,canonical_job_9cc3975e6878481ab2fdaf1b149d5326,1
4381116377,canonical_job_842c1e60bee444849fd26c26c9daa8b5,1
4381117313,canonical_job_039d6aaa3ee548dc8ec3301dcd2e9ef8,1
4381842823,canonical_job_788219909d2f49b4bf3afe0b57d6c027,1
4381844639,canonical_job_6d778d607cd64252ae23a161ffc86c5f,1
4381851398,canonical_job_4705f5348d5b4365a28bfae0279779fb,1
4381855340,canonical_job_054ff2d2545d4fbbab3ef27a617e27ef,1
4382424683,canonical_job_9a669dd8a47e4eaa99dacaa3cfa598a4,1
4382432360,canonical_job_c79f8ec21b344d9d84a19c5c423bd1ef,1
4382432362,canonical_job_bcca44f7253646389eeca0abf126a85f,1
4382437161,canonical_job_ab4b289c2566477cb388d653775cfdbf,1
4382437162,canonical_job_6bd1ac2905ff46d9875a463d9d61aa9e,1
4382437164,canonical_job_965293a175d9428bb6b2037e9cf0f9a8,1
4382479844,canonical_job_33c2614dc4f7489ca8f3a41af89435a8,1
4383132833,canonical_job_052f3be320eb4c71b6f74c258c62898b,1
4383142406,canonical_job_045aafc783a24e35b115e7d3ddf05bf5,1
4383149047,canonical_job_66310a58e3544a7ab466fe48445e38d6,1
4383150049,canonical_job_a9d61e3f729d499d873874bc0544f058,1
4383209688,canonical_job_c420d0f0c5984215b8496a2d42459e02,1
4383210749,canonical_job_e05ec0d097894c58a8ad3c96aa2326a2,1
4383217367,canonical_job_c671ce9cca8d48a7b44e952bc95bff96,1
4383909977,canonical_job_cdb32d5e037a4880a3d520e0438cfbc2,1
4383913913,canonical_job_f3039027a8304bb8a96c9ddfc5382ba3,1
4383917766,canonical_job_7ea6e73f911543198af8f41ea80b4d6e,1
4383918828,canonical_job_bbfecff35c864651a0b8da2cbeb9f145,1
4383918829,canonical_job_ae5d5401fdbf42408f6ca98c7e39e721,1
4383957896,canonical_job_f3e35e2129594403810caa0c3beda7bd,1
4383958832,canonical_job_bf5ccd3535054c488c6cd70c57c658f1,1
4385260795,canonical_job_a1b4e215a5a4466bab519c7944414a37,1
4385262694,canonical_job_91f5be173c8c478b8b302a24114665d0,1
4385775112,canonical_job_2826434e693148dba850e997e9d31500,1
4385939719,canonical_job_5df9a0c27d3a47fe85a34453747f0a0f,1
4385941677,canonical_job_ec4fa4ed7c5b4beab48737ef420c64f4,1
4385953219,canonical_job_022caae342054406b7d4842495da88d8,1
4387155819,canonical_job_1e460b945edf430f80bc6f39f7c793c0,1
4387396840,canonical_job_92e35fb88abb4231931a07c76bee5e29,1
4387714044,canonical_job_1eb61eb8759243c0b7f6855ccf025547,1
4387736918,canonical_job_4ae90ad0f1e9485795bf07ca7fb3fd43,1
4388998407,canonical_job_4a4bc377daec4ca4b3167fb3dd672239,1
4389301192,canonical_job_c8926feeff944c4b89ff822f4e4b0177,1
4389304003,canonical_job_7da37ad90868409ebb846424b5c8b593,1
4389800996,canonical_job_c7a7517cf53d432783e03f5e0c4e7419,1
4389802910,canonical_job_2f36d5870c1d4234b24b23bdd8ca063d,1
4389816312,canonical_job_1679092724f944d7ae71eff1c87e37b0,1
4390133494,canonical_job_5b4f208436cb4131965a6b5f4b8f8f2a,1
4390150086,canonical_job_8db69744d44543b8bb819cc9109587e8,1
4390255904,canonical_job_ea3fe7e1b8264556acc78605e6c457cf,1
4390703975,canonical_job_9b4d448141dd405db085fe2f02d223c5,1
4390710832,canonical_job_d8a0d516daef41d99bcc3f3ab5ee6ecb,1
4390711402,canonical_job_4dabb620ca9547068efe33ef0659886d,1
4391582943,canonical_job_de9c38a4a24e4c58a586d27694508f2d,1
4391700204,canonical_job_fa7bfa58961d4c379dc908745ba6ac7c,1
4391701187,canonical_job_cbfa08dafbec4305b18d54ad0245a9cd,1
4391882248,canonical_job_a65fc3c3fa454eeab1b9967aa215dce9,1
4392445295,canonical_job_64d908424b0649a98e376ffcb57be920,1
4393002765,canonical_job_8f7c473bef634b1c8cf6d5bfd381ae07,1
4393005623,canonical_job_daa4c38329894164a47ceb4b71707374,1
4393007675,canonical_job_4c8315cff5d243f8adda4b3470343538,1
4393017338,canonical_job_f22c8e8884844e4e88b151dceb96383f,1
4393484263,canonical_job_c640cf6889c347fda33ef24b5e53bdc9,1
4394786610,canonical_job_5ded5139196d4326ace42218e4aef953,1
4396321575,canonical_job_2412b5fd2d514626925bf1d3ef7cc55c,1
4396323556,canonical_job_7d74f95683dd4410a7e7707d24b57115,1
4397287383,canonical_job_cb5e9ebabe8440f89d72a28558d48bd1,1
4397287384,canonical_job_b72ace8941774f55acffbb1cad55a71e,1
4397294338,canonical_job_c533dcfb97a7415192e3554dd6a1a1da,1
4397605101,canonical_job_c806ffecd1904d1db78f589f91d78d9e,1
4398149683,canonical_job_989bcfa026614e13a93f0166b0c7ce44,1
4398151623,canonical_job_6faf1baf79f44cbb9320330e73081059,1
4399670071,canonical_job_37dfbcfc48884799a8b165bc9b9dc2c6,1
4400421887,canonical_job_a2f7f0447919400da0c882bf95212fb3,1
4400424864,canonical_job_c0dc72ea50c54d5cadea7bc2c375c858,1
4400424865,canonical_job_5ebd88b148e842bd8d24cd5bbf6ab64f,1
4400424876,canonical_job_74e8fc9e2a5d4b0ea2a28e52ff65a582,1
4400433036,canonical_job_23ed5756cb7143ef9eb5bcf50b1087cd,1
4400788454,canonical_job_e6772bae90c94cdfbc3d1ac58eaa75a1,1
4401449902,canonical_job_503f5def9d8445089520a43fcb4c8b7d,1
4402709850,canonical_job_89291db7afe249828b678eedcc0e0e1d,1
4402709851,canonical_job_02a0bd8499784cec97660398d8090212,1
4402711788,canonical_job_6d4c84e35a6f40d0860f1f2001f26b86,1
4402718751,canonical_job_5faefec69cac499fba51093c7152773b,1
4402720775,canonical_job_b384e8d822eb4a4892d1bae1eb2f2107,1
4402723689,canonical_job_e752227bc149499bae25a5afbafb2b14,1
4403631422,canonical_job_087961835ed041a89ee76e7a4bc0d7ae,1
4403633383,canonical_job_fb5295a083034aad8bd494a9e5269bc4,1
4403634348,canonical_job_33bfbc54196d4dbc9a5c0c7901ecda7f,1
4403637350,canonical_job_f57d8bf5bea34365aee563214c1bae93,1
4403753838,canonical_job_ce184b430407455c9e584cc1e8022532,1
4403754829,canonical_job_a2b9819c07054d30a89e3dfbe0b55892,1
4403767264,canonical_job_aacaf915fca74ae1bbedb0ff334b3afc,1
4403975806,canonical_job_9ea8744a265343609f58602b44bc75eb,1
4403988438,canonical_job_d1285a3b2c584e588977d4c0b2ce16ed,1
4404425662,canonical_job_9fff6e20903e41afa33c403677fc448d,1
4404426662,canonical_job_1e1a76c978ec4643b0d3e5b58f3b26ea,1
4404444608,canonical_job_4a8a252f8f77415b9fa761abc1a99088,1
4405006350,canonical_job_325e3519b4754b7896e7e2092272b59f,1
4405010267,canonical_job_68922363739d4273b4ec393fed24fa4a,1
4405011288,canonical_job_4140785621894222b9545368ef6bdea0,1
4405991948,canonical_job_39ed66842ea649a5994f82f0086a3907,1
4405992944,canonical_job_a73217b9605546389d69e77a3910c0df,1
4405999831,canonical_job_fe49ae185dbb43158e37a08b340bd8a3,1
4406206741,canonical_job_59af5c1c30744d1abe426d7ef708e6cc,1
4406207744,canonical_job_975cb0ef0a7b4f11b4b534b02366d04c,1
4406213059,canonical_job_27865bf09af34f79a591bdd083151c08,1
4406556766,canonical_job_8be53451646f4b3aaf02820975d57a1a,1
4406557766,canonical_job_03c73c5fd7864d3fb23f791a3dae311f,1
4406558621,canonical_job_a6fa42a0381b420faa83ffebe2483af6,1
4406561199,canonical_job_3ae4aa710f074d569eda8baefedad18b,1
4406564110,canonical_job_68f57b5cac7240309e2bbe8e349dc8eb,1
4407019834,canonical_job_3c4a36e1bd004997a7531ea4682bc107,1
4407030048,canonical_job_ffc78cb1544040db85d261ac6d4a2616,1
4407605306,canonical_job_be45b81779b94954ac41ba24679b6068,1
4407610265,canonical_job_91f2838497aa42e78ae60793dfe108fb,1
4407616215,canonical_job_f8b55d7033004cb7882127e6987e44e2,1
4409363656,canonical_job_1232cad235e64da38d676dc34e5a758e,1
4409961003,canonical_job_f6dbe979105647cfa4abff6e38bf2053,1
4410062948,canonical_job_f087947e3e2d4a369c53faf195a0dcc7,1
4410069892,canonical_job_c53abc290e0048b092b6b336e1c3bbad,1
4410819151,canonical_job_ee422482a3c541d6b2d3634402ff89c9,1
4416576667,canonical_job_5aeba80dbd30446883921a05c97f049f,1
4416580676,canonical_job_6e7db3f81bc2423a8f18afb8f89bd73f,1
4417061984,canonical_job_d19dd9aa641a4101b5802ed4cc3141cd,1
4417065969,canonical_job_db4694fa2b734828849725eaf14014b3,1
4417068473,canonical_job_b58106886a7b4b97ab41fefa674619b6,1
4417069448,canonical_job_3c66293d575d47a1a0f504d7840bed5d,1
4417070275,canonical_job_82e5b428d7c04b8aa567e7bcf5b6681c,1
4417071201,canonical_job_7f080ea47c3e48238168814621ecc32f,1
4417072244,canonical_job_07999008ff5642df8b6220ce5b973b5e,1
4417072248,canonical_job_d52ec5cf8e794263880fe3a5fc4a6b59,1
4417074206,canonical_job_1900d04c56584c188f9c2d4ba6a96403,1
4417075173,canonical_job_8547fb01f03b4fc4ba72dd212bb9cac6,1
4417076161,canonical_job_8fe83ad8dda942808aeb6e9508a43c56,1
4417076166,canonical_job_13ed84e5e9734baa88783080344e6d4d,1
4417077163,canonical_job_36ed6ab6fd7046c48b027c9561873e8c,1
4417078145,canonical_job_571dea978cf1494b867bd10b9f0f0f39,1
4417079139,canonical_job_da3d71c751cc44c2a39a58a96eb8fd7d,1
4417079142,canonical_job_2e05393a18ca48efa5fb600826dbc5e5,1
4417081110,canonical_job_863691475059496e9c5590e4d4f57e3e,1
4417083080,canonical_job_d7ccaa67668c42999858566d43c2852c,1
4417083083,canonical_job_51ce904567934847b0aa36a0ec019010,1
4417085069,canonical_job_d5f4af0676ca44889b0fd0bc0a383800,1
4417085074,canonical_job_1587512bb05c47039e50d4fa20571220,1
4417170150,canonical_job_cfa46948dfd248b2bc814a6e0e7ee659,1
4417174103,canonical_job_cf3bdeebf3fb4727bb7700fc0e29da5b,1
4418269862,canonical_job_b85f470d8bfa4bf58ce75bd441d52481,1
4418274624,canonical_job_d7208bfcc0294a00ab1ce7818c31848d,1
4418762906,canonical_job_825c3e2ad29c445e92a090429ca7c97f,1
4418767900,canonical_job_fffdaf97d9034beaafe71ff288edf61f,1
4418811811,canonical_job_06c5a47274dc40298afaf33fd0849004,1
4418813778,canonical_job_b11f4bc771cc4ba6a487dda1cd17a05f,1
4418820441,canonical_job_8626cd1eec904604b41f092506644873,1
4419082556,canonical_job_9108737a653f4ff785ba66ab64c90ff8,1
4419082557,canonical_job_c48bffa959cb4cad8d5a961589e004c6,1
4422015710,canonical_job_bed22972554f44cea6c382727d62e1ca,1
4422026435,canonical_job_0af0f7156dc346169c295c2e61736f53,1
4422026436,canonical_job_86adda8c12df4019a93add744ac12bc0,1
4422029440,canonical_job_3996cefc483848b18ac2aaa40ccf6eef,1
4422030415,canonical_job_9f338452e7804fe5a710a39fad790556,1
4422031369,canonical_job_f9392917e9484e3ab4fbc13cd9d551ee,1
4423944465,canonical_job_b2894d76f1114971b040ae5db874219a,1
4424217964,canonical_job_6d694066d007445896b3c19df74fec46,1
4424218896,canonical_job_f4ffcf4a54db442ca57cd540e6a2b0d5,1
4424232188,canonical_job_265a412d5ed549de9849dae938270d0d,1
4424431465,canonical_job_76ca97d3ad0b4ef588dffe3703bdc0cb,1
4424438404,canonical_job_dd9d7733b8434a68a40ece1328e4d4b3,1
4424578726,canonical_job_87eaa2bd83284b70b4b56ef749dcb80b,1
4424578727,canonical_job_84ea5d9e9eaf40afab90a06990d40d72,1
4424590647,canonical_job_9e8b102aafbc40bea142b5c0b22c3b25,1
4425258883,canonical_job_c71f6f71fc2d457283cf4658add06cf0,1
4425266794,canonical_job_5f0b60a28eed44abbff08a731e1fbc6f,1
4425853238,canonical_job_d20594d76fd74bbc8d5d8866d303a0da,1
4425854237,canonical_job_37fd8cb7b6524c4da25b0cad1fe9f582,1
4425855198,canonical_job_74b2e8956328469bba322df18ee1c2f9,1
4425865098,canonical_job_512132150b2742a8bb15546021c5aafc,1
4425872050,canonical_job_92aaaccb7bb5437fbe4bbd82963e27fe,1
4426095918,canonical_job_9c05cbfb8ca646fcbd7abe395b5aab6f,1
4426098959,canonical_job_c34f9533992e489e9c2ff700109a96ea,1
4426101893,canonical_job_b156b11eccd34979a9e78390ec0a941a,1
4426104688,canonical_job_88a8193a3a7c4299a925b25f2f461b3f,1
4426107254,canonical_job_2e582e7c410740ddb7e3b772bd924884,1
4426622828,canonical_job_a3b438a7708e4ce095527045c9474bd7,1
4426624855,canonical_job_09beaf6b27e8417b930f71aa8cc7f596,1
4426628373,canonical_job_1402ebb13da34b6cbacd602052b41ee3,1
4426634047,canonical_job_9c9eadc383da4b828959d7b4a1ef5881,1
4426966925,canonical_job_6814178752f4429797a3b8a826adea09,1
4427717705,canonical_job_5eb282ed2aab4a4cb1e7ec2e195d4008,1
4427719668,canonical_job_7fb9fadf234746068bbcc385033de00a,1
4427728560,canonical_job_e3dbb99eb89b4de09b71fba233b34d41,1
4427732426,canonical_job_9048c1a5a49e4835a9ce1b356eb15304,1
4427733406,canonical_job_ba016232e12648c89aa031273119527a,1
4427737131,canonical_job_d795486d52594b61b065099ffeb22a09,1
4428043968,canonical_job_af6d2aac73d64f39a1793bd53c887f6c,1
4428043971,canonical_job_e746943bf93a4e1486bd9e471bedcf28,1
4428059809,canonical_job_83ad2318a6b94a72ac367665d9fef9a3,1
4428715555,canonical_job_44c47f59e85248f7bdec465b4cc48c28,1
4428727168,canonical_job_a5a434d902d74e30b2f391a4635434b7,1
4428728157,canonical_job_f3281ad4ece645828f02c69974c35893,1
4428733123,canonical_job_aee0c0a61c5b442284746625cab7e595,1
4428738016,canonical_job_dddcae833f794c8d8136aa01e50ef095,1
4429320836,canonical_job_75c31809f4b14db5b88ccecf287fdb9d,1
4429327720,canonical_job_a0dc69a475454723bf13f6d27995923a,1
4429329651,canonical_job_53b7cf11a69c46c58809e7378e23da78,1
4429330671,canonical_job_9656a4aba4f84904991c6675600ba955,1
4429336630,canonical_job_ce0ef3a89638429995676534346b9049,1
4429672948,canonical_job_91a45bccfbd04ac09689c1b1ec036e52,1
4429681662,canonical_job_1e46e8bb677e43f6b1c8504fe7e935d7,1
4429686633,canonical_job_5c59de6ad6f74b199e40f356d8778a5f,1
4429692578,canonical_job_3f2dbec66e614bdda3ba0ab3c83ffb14,1
4429693428,canonical_job_328fbaf7761e45b09db4559db4d477ba,1
4430090700,canonical_job_a8b81efd09a14760b03c55d8ad073456,1
4430571941,canonical_job_9226a79da12442b1bdbcaeceb2517f29,1
4430575261,canonical_job_9bf8ba482bb4468ebd30ebcea9f7ddff,1
4430576157,canonical_job_494f9b2fbb3545b6bdaabf0bfd8386ff,1
4430584023,canonical_job_1c749474038c459cba6f9fee890f158d,1
4431261916,canonical_job_dfa8aa391bd34d9aa96bf886800c7d9c,1
4431267893,canonical_job_2f62528c7ef24d33a65b4bb37b8f9916,1
4431274773,canonical_job_5bab2c4a195c4ab88dd0d9a3a43036d5,1
4431275812,canonical_job_582403add2d048caa7a01cc759306630,1
4431855862,canonical_job_622099b781454a3c9a561906458b01af,1
4432661259,canonical_job_f0fc7434c5744b1fbbc8f03ac5ac2e27,1
4432663254,canonical_job_301a9c9830da44be83bd8c82789569a1,1
4433245689,canonical_job_c75956672e34439693b317ee64a4ca0b,1
4433256180,canonical_job_849951d637694fde89bbfa0479ff36ea,1
4434133546,canonical_job_1737bfafc00f4fb2a65ed4d41e3a1f97,1
4434136196,canonical_job_15712242ba0b4de081918ba3dbdada76,1
4434136197,canonical_job_d653a7ce33704694b95546b2338f5041,1
4434141041,canonical_job_77fb68dfe5e34f93bed5f3e3f4b7ef19,1
4434321981,canonical_job_7e493f6757f04dc48548f8a985c9f316,1
4434326772,canonical_job_d11d16ff11af4282b1c0ca319a951ec4,1
4434331536,canonical_job_797985055ca64f4a8ccd8b114dcdb23f,1
4434343041,canonical_job_cad4545890814c9694328afc5eed29d0,1
4434345001,canonical_job_3a52ae734c7445ee92bdee885844e141,1
4435237322,canonical_job_821ba71e83be4d69aa19f52139a0d509,1
4435241064,canonical_job_9e94764bf52a47d7bddaa310a9ff4319,1
4435454900,canonical_job_2c0992964bad488694c82580fdbffc2a,1
4435459835,canonical_job_58e8db2072134b07bd3215be1f7f1a3e,1
4435461604,canonical_job_ab623bb8fe9d4596b23efccb982f86ce,1
4435465525,canonical_job_154f86b704ff4b09bfdfc10df95481c1,1
4435469438,canonical_job_2030229801194348a2e4fcc75d9af9cd,1
4435471308,canonical_job_df1661d70e5f4de2986fdddaa6f30231,1
4435477065,canonical_job_7a64986d5873430eaefe257ec5ba5198,1
4435825935,canonical_job_203feef0cccb47abb62c394aaaf932e0,1
4435837214,canonical_job_e47c4d2c417f40c68f745c7a887e1ad8,1
4435838210,canonical_job_4337963eae3243878a235e1e4f56fe82,1
4435840151,canonical_job_d6fde0cba467471eac510284d361ebb5,1
4436220694,canonical_job_6ae917b51dba439db5c3682024631caa,1
4436223502,canonical_job_6ebd0bc9bdb44acf9d9689c590243fe6,1
4436232100,canonical_job_39e5f1e4410d46399bf68d912fa1bc79,1
4436232102,canonical_job_0ef0f4ffc07f432da6a19c1a99cdca3e,1
4436233071,canonical_job_433558e45b624ffcb1e4a2ec5b98a131,1
4436235049,canonical_job_5217d5010f4d4b56a91683a2b1a95b22,1
4436813704,canonical_job_778e8446185b4a71ac423e831910cdff,1
4436831025,canonical_job_93565de916414614aa89fea9e89d44d6,1
4437073613,canonical_job_9a9c9b5da1b9424da4c7236f10e1d824,1
4437077236,canonical_job_d8b513cfaafc4b9b883f44b7a5df2e49,1
4437085015,canonical_job_397b0388fc754f73990c367aef87e64c,1
4437561872,canonical_job_c501aae080174d9e8ae0c230220f657d,1
4437568634,canonical_job_6a32bda350ea4e6884234439128d196f,1
4438321917,canonical_job_5524d68949ab47ba89277cae552837c0,1
4438326681,canonical_job_282d17540b184862af55ec53f7126561,1
4438328404,canonical_job_397ebe2bd07e4c76b42f58667c5456c1,1
4438334273,canonical_job_86f0c66157db45d1a614bf399641003c,1
4438338174,canonical_job_481e5374881a45f8a70adbc1b8120590,1
4438339101,canonical_job_facb51bee18e4df1b46c10e4e5306889,1
4439436290,canonical_job_afc4681addfc4ce1a616d28b9e34b657,1
4439437262,canonical_job_93c7fa1e11124a648c4626fe3ee13f98,1
4440231855,canonical_job_59723753c0674a4d8dffdc18256bd84e,1
4440246398,canonical_job_a7fc9f05991940e4b64feabc90293f44,1
4440286481,canonical_job_d20e41ed36a6484080e22f0b153bdbcf,1
4440777002,canonical_job_e30163960e184344b25ac5e94d6b29b0,1
4441311720,canonical_job_ced4ad1ffd3447d8941626d373ca4c6c,1
4441313604,canonical_job_e839276f5fe340a4a28e10f67a2074df,1
4441324278,canonical_job_0086d47d4718460ba7796e568717a64e,1
4442081978,canonical_job_5b15772c469f4ee78d56fb4ebce8165f,1
4442083946,canonical_job_771f11ddfddb4d90920333f7264b7512,1
4442087752,canonical_job_5f5f9a87b823465c8aedf571f4d12871,1
4442094418,canonical_job_6642269ff853480ba028cb01d087a8a3,1
4442653836,canonical_job_5122ed322af24b92a75a099029318dc8,1
4442658543,canonical_job_491af79a54d547838eaae0f7ecdf2ad7,1
4442658544,canonical_job_0d4e566b84af40d29f03546d55f8273f,1
4442659552,canonical_job_225f0a331ae2441187ce2e0395117d87,1
4442666271,canonical_job_6eea75972c2a4dbca125e13b29b8c349,1
4442670040,canonical_job_f4048a9c12b944099d668b4760ce8b00,1
4443177141,canonical_job_d9b7cb28eaa547ffba6ab83f934692f8,1
4443180143,canonical_job_5f054b7aa65d4da4aa017697d88184c1,1
4443892269,canonical_job_b852cf663eb649ed8183cd1ee480511f,1
4443892270,canonical_job_df70d6077f1649ee98ee2601115b6fbf,1
4444369512,canonical_job_974f5d52087049cebe77f8cfeaa165dd,1
4444379341,canonical_job_2452ffe347b24cc38d0c4e513b77377d,1
4444387227,canonical_job_29ca4dacdf4b4057af52ec57b45c56d2,1
4445147912,canonical_job_d599138980cc4a4cb6228e1b0482738c,1
4445152495,canonical_job_464cbc8c4d5d475bac5b8a31f5a44788,1
4445160453,canonical_job_19a28249ff0f4791911643f7d20479f0,1
4445167420,canonical_job_54274dbf1e5841ea8b2d80f8713ee057,1
4445167424,canonical_job_777c450433864a008152f4ae89085167,1
4445732839,canonical_job_52f3f5178c9e4001abcef637ce910bc9,1
4445744709,canonical_job_b059594af82f47808e8708dc47b0fded,1
4445787289,canonical_job_ff902623634f4b85aea6f6661063f9c5,1
4446407502,canonical_job_7231d7f36462498ebb162ea1eb236a69,1
4446408518,canonical_job_0fac6edd55fe422db5646a12fcedf321,1
4446412549,canonical_job_0be7c5a17f204f9cb5b917ffe1367b34,1
4446414522,canonical_job_4711dd5c685c4a8a85f20eb6fc2c228b,1
4446417509,canonical_job_9f1fea92e93345b49639f935e19440d4,1
4446421517,canonical_job_f435dd3c11a044b7be9200518b5479a9,1
4446774976,canonical_job_33bdb681168c421faa85f51364f717d6,1
4446774977,canonical_job_e5729e85d760440daaed41ab3131a820,1
4446775956,canonical_job_5ef5a3cd6cb1404caf5600dd724c7b87,1
4446777971,canonical_job_9f30361fe4554814ac5607cdfca554dc,1
4446778919,canonical_job_562f1025df9c4c09a0a5cdf9877732f7,1
4446787707,canonical_job_10153b74889c48bc9152ac3a9a4e0d75,1
4447148958,canonical_job_27c7a04b81794a9c83883ba720c85796,1
4447153395,canonical_job_285f3a83b58347b9826a6210240227e6,1
4447154356,canonical_job_2dd5020e10d54fe896c47e35bec9333d,1
4447156255,canonical_job_c31fcf48e272409698e548c3655073fe,1
4447158225,canonical_job_1277a3264bda44d8875bb82a490c852f,1
4448201449,canonical_job_0fa48cdae6ee4e37bf5891eefb2219ef,1
4448204182,canonical_job_a981dadd84704677a16ee15796622ced,1
4448205192,canonical_job_dcdab18464304120a6e12ba988f82d1f,1
4448207187,canonical_job_8f5dbeb80d924a0380342cbeef906eed,1
4448209139,canonical_job_5c850f7926124c24b9c5eef325565653,1
4448539329,canonical_job_1ae96e92bcbf4c1bb09fbffa23c782b2,1
4448541329,canonical_job_02ab3e06dade4ee096ce73dfcc50de3d,1
4448544291,canonical_job_04dab891246c44cd89581a12f67abe71,1
4449123991,canonical_job_14fc58dbc4d049a5b6d841abcba5caf8,1
4449125987,canonical_job_29b8881285924afa9fea33be90bc8a90,1
4449128877,canonical_job_83590162367f4655856ac490bd6cc2bd,1
4449128878,canonical_job_575ad3d312594489ae5dd698e4ebc4c3,1
4449133254,canonical_job_319ba7f4fb5a49ed93bcc21ddcdb53e1,1
4449134245,canonical_job_cf55ff9bbbab401a94b12132df42ce26,1
4449137115,canonical_job_54f94d2945f3498bae98e02c1ec0c300,1
4449138114,canonical_job_83269422278448ea97f5f5ffd015780c,1
4449141126,canonical_job_bb9a263854a449fd8cf794e05f93f98b,1
4449141127,canonical_job_cc90aa010e744d4b82d267e974aaef6f,1
4449144064,canonical_job_f0b7fad939f041bc81db6b20c71b9acd,1
4449144065,canonical_job_88c1500d88a94e3eaa73d7673ffd115e,1
4449145039,canonical_job_f92fdfb02cca46068774fe039fe2861b,1
4449383623,canonical_job_5fca3540b38f451a81487dc0237f0aa8,1
4449394437,canonical_job_eac102197dad47a6889dd13e7672ab44,1
4449754977,canonical_job_b0a66a8bc5d547f4ad30dd7fbe2a9c4e,1
4449759533,canonical_job_c86f883c781049af94d24be02385c84f,1
4449767320,canonical_job_0d261c7b89784534911ed036c95b730f,1
4449770258,canonical_job_f47695d203bd4090a54fd2682b0583a7,1
4450334995,canonical_job_ed4f7156484f4ab89a1d1b72425b0329,1
4450341774,canonical_job_9443295bb5d34fd6a6c68668e51cd788,1
4451401487,canonical_job_9a0a8020515b4f6889cee09530ac7b2f,1
4451402486,canonical_job_064de3e9f624442b91ca7220e612cdad,1
4451414390,canonical_job_7c441c39982c42d3b09511ff2f851dc6,1
4451415372,canonical_job_091e6268478d441b8576e954e03dcd14,1
4451417336,canonical_job_3c83583d337447a58f0a7e2c8fb8af43,1
4451476251,canonical_job_7d117486b8e14588b14516a3cd3c31c3,1
4451901976,canonical_job_432cd76b2b754b8eadacec6af35745c6,1
4451902810,canonical_job_146e74eff2ce43719f4924bc57915fb0,1
4451907168,canonical_job_cb8a8dbe24c2459bba8b3c78f19f7691,1
4451908156,canonical_job_f4f7c9fd7df540fd87552bfcbbe20575,1
4451909140,canonical_job_15c234c3d8704a0398dfb6763ce81f97,1
4451915081,canonical_job_f32c1d6f9b3a46969adb82b9db72ea93,1
4452708769,canonical_job_cedca9630a634f298c54c1dc77a511f2,1
4452709639,canonical_job_4f8d95735bd54d94893167ec9c6a4b0f,1
4452721600,canonical_job_b926988e7c344180bcbd8c68e858e6af,1
4452724586,canonical_job_32add5f1a3d44823953f0f4e90be7dc6,1
4452728208,canonical_job_aa0ac5d9b5d0478d9114ab5e4cd2d479,1
4452729140,canonical_job_336fe0cf7608437da3710a1fd1978a90,1
4452997805,canonical_job_1ac001eb390e41afb6b191a817acead6,1
4453200793,canonical_job_6c05dbe4d2e441f9aebcb01766027ee0,1
4453201786,canonical_job_c4df21a767a344bcba8c75ecb6fcf8cf,1
4453203763,canonical_job_4e4d4d85a50948dcae67dc507bb5a860,1
4453204785,canonical_job_5c96375bebf040a7bc36afe08c42996e,1
4453205759,canonical_job_fc6379a409724e49bfec1ec51db11a04,1
4453585530,canonical_job_079ca7dcae3444b4b6aff37ad1c0f2b3,1
4453704426,canonical_job_2af59d0519204d7aaa218cce81445082,1
4454289354,canonical_job_9b50b6a8df0d4de197323b85db7377fd,1
4454763696,canonical_job_fc86664f438440ac9ce956ea703c0456,1
4454763698,canonical_job_2ce7a2dea0ff4c66a1eca15490aad0ef,1
4454764715,canonical_job_fea9de7201e24fd3bd3af5e90abd947e,1
4454766661,canonical_job_5d23838896da4ede9dc575094fa93f2f,1
4454768669,canonical_job_d8aa98d1e06240f1b9eaa0e89b931eaa,1
4454771615,canonical_job_6658a8d73cb34602800fc0f2dd0258c0,1
4454774610,canonical_job_c07ad2cb6cc24d57abe252d5a823dd0b,1
4455423315,canonical_job_d1368ae77a0a4bb6afec1406c6c59dfe,1
4455427336,canonical_job_19046b0061e64c94a72ab915379ec33d,1
4455428289,canonical_job_9e2c2975feaa4a9a88f0c1cec1c8ad22,1
4455432274,canonical_job_9f7bd3d757ea442896610eb875f63193,1
4455434260,canonical_job_90dc1cee80eb4745aec46288c5e61b68,1
4455438238,canonical_job_82f53f2d725b4b41a685a231e15c3f37,1
4455442192,canonical_job_8b23e89542f94c6f9f703fe31c798a5b,1
4456014480,canonical_job_15aa0ac961e74e23a21e78fa032dadde,1
4456015428,canonical_job_6e11794005c14e32881aa40b38cd7e07,1
4456016499,canonical_job_300e4fe98b7f45ed851bbfb9aced0e00,1
4456019477,canonical_job_d1739c67121d4740aa92f0da29b66a34,1
4456022435,canonical_job_00d0d8a058cd4f5bba2f144a11c2fdd0,1
4456256189,canonical_job_4264fa3148004672a2b6d54521466ea9,1
4456257207,canonical_job_ebf66dee8b0f4f038f539d8792f05c25,1
4456258198,canonical_job_eede9d0e2b5142e59c7d25046f2f1ca1,1
4456265492,canonical_job_0e24e3e0664c4e299f010131eb34206d,1
4456265495,canonical_job_ebfbce8bb258496186c0c0cb34e0e071,1
4456268174,canonical_job_d2c2fd05ea584f6184066b803ddeaaff,1
4456269176,canonical_job_99f93bd4883b469cae0b684de587c101,1
4456893819,canonical_job_2dd56de8382a46ef8d264055e4c910bb,1
4457107684,canonical_job_fec08eb227334fb993a8bac28c7eeff0,1
4457495516,canonical_job_83daf6d87ca741589f04d2a08b146c28,1
4457603454,canonical_job_76e3092b20d64040acaa6d923d8eb3d5,1
4457606412,canonical_job_cde8779ae79f4ac28bbbd98e679f26e9,1
4457609384,canonical_job_3a927e18c3f94db9a586e1e4bbdd8d24,1
4457611382,canonical_job_5bbd0658a6fc40c2952cef00912fb8d9,1
4457942994,canonical_job_7e8257a0c8c14962af04963196fbf588,1
4457942995,canonical_job_d6c6742a41b941a1a54d7696df5d253b,1
4457959955,canonical_job_0037fb9429ee481b8c50764155fd4045,1
4457969075,canonical_job_b10c57646fe5490cac73c33e3fd42964,1
4457972079,canonical_job_18d7b7b26494490185a28b56ea399634,1
4457972080,canonical_job_b4caa735c1274b8b8c5f29af78dd951b,1
4457977005,canonical_job_d11e20d858584bf18d5e8d056d82bae6,1
4457978009,canonical_job_91f5a1fcfe6a4f9cb0cd8274d73cb8bc,1
4458652124,canonical_job_ffbc39a6342a4676baf1e1957e72b6a8,1
4458653105,canonical_job_890142d6dd10484388fd703057d44bd9,1
4458654103,canonical_job_c3ba74385dfc48b8af504a29ceb921be,1
4458974766,canonical_job_29688f329e7a456a8df217a31eedae2c,1
4458982630,canonical_job_72f4b811091c413c9bab91355afce026,1
4458984635,canonical_job_f680fade5fd6455e858d2ce432a59e68,1
4458994366,canonical_job_74f88c491c5645719e72059ad96d735c,1
4204649757,canonical_job_19df7bf029d44e8fa1397ad25b0ecc20,1
4204650530,canonical_job_15f7e0b617bb4f34b4ae408ea87b357a,1
4204650531,canonical_job_96a2230586ee4f178ba0b0ac4b73935d,1
4204650532,canonical_job_adda0692243745aeb3b29ed012f0e7e2,1
4204650536,canonical_job_2a9d95b3ccc64734b4cf188d03338787,1
4204651411,canonical_job_1fce1744a2b14cbf801bda77ee5df69a,1
4204651412,canonical_job_dbf069a3b7704253b28efd9f6debf28d,1
4204651415,canonical_job_c47cc11c23d648b9b72e26257e22be65,1
4204651416,canonical_job_520ad0d43a514801a77f51bd51c9a20c,1
4204652370,canonical_job_7986d6cdefc74f6ca3947b714c687a5c,1
4247330353,canonical_job_4d5366ea51454bc598b5558a5f286ca1,1
4281274840,canonical_job_808f5e46f8eb4716b6be0ffa5bf3e867,1
4343852141,canonical_job_87de0216a33c4045a897b75f172b66a6,1
4344648340,canonical_job_186ef57d980c466c85814c21bcb9c27b,1
4363453274,canonical_job_c7b4811203fb42df9b5ec868348ec7f4,1
4373328675,canonical_job_583ce4019883469389480eb4b0b2ffb2,1
4381000935,canonical_job_67ae5e46d3224154b7720144004af2c0,1
4381003828,canonical_job_5cdb86888db841b1a9b70b9b78be95a2,1
4381004782,canonical_job_855974cec0cd4ad9aa78f438d956a3c3,1
4381004783,canonical_job_199e740377cf465a8e3b93daf0727326,1
4381004785,canonical_job_0bae979ebe4c4cef80071777146bffe3,1
4381005623,canonical_job_539e2d5069f2437eaaaa7c65d5efae11,1
4381010393,canonical_job_a3cc399610814bd587c2f63e8164c519,1
4381010395,canonical_job_4fbfd69ae7b54b51b12a1dad929d3b30,1
4381011366,canonical_job_0a10010338d84dfb9aaa5340058a4641,1
4381013359,canonical_job_cdcc5e67adca433a88846d2bc4c5a9e1,1
4381014376,canonical_job_6e59553e8bbb442f9f02c24f9f9ebe3f,1
4381015284,canonical_job_d789b639f06d449ea265c0b0761df9e2,1
4381016267,canonical_job_1016dd63737842c68b8166e6942b9f56,1
4381019059,canonical_job_b4598777182748a387fd8b62e57337d9,1
4383102880,canonical_job_0f3ac9f1601d4a35b0f3989aacdf9d58,1
4412772647,canonical_job_139e9f3d882640808ac08e3c1a222195,1
4412778432,canonical_job_fd63442022914427b79f34644bfb4364,1
4412786044,canonical_job_0ac09664cf564b79b8a29e0edb15ed66,1
4425823992,canonical_job_a50a3d24db8447cbb91c7571e642f54f,1
4425839014,canonical_job_57e3fda573b342dba3c382487d1fee71,1
4426146567,canonical_job_99151042329e4796bd3399949bec217e,1
4435457162,canonical_job_d94cf9b1b85c4e08b07ceffa613df483,1
4435457171,canonical_job_52c5f8f13ced49268f18abb75209fd7a,1
4439413183,canonical_job_9400c18dc8194df1a2a731c4768ab4ef,1
4440218586,canonical_job_e25dab57c6a3446cbbd10c662d605fd8,1
4440749255,canonical_job_90fb8e482aca48868af9d692c8ec9c0f,1
4442081110,canonical_job_e019983d912a423598dabc9987762fb7,1
4442297442,canonical_job_f030e872455742c9996d16f9c4cf63fa,1
4443133714,canonical_job_7e233735884c487ca238819a54f34353,1
4443151173,canonical_job_d94ae150c5f74cf3b2be8f19b1d077af,1
4443227568,canonical_job_407ca74a9f6342c6a22115c823758fe6,1
4444918386,canonical_job_b616c964c3394f4d8b930b03be50e609,1
4445140480,canonical_job_4e7bf55e97f3495da38893f1a3206990,1
4447624962,canonical_job_38d20001fa914b04ba9174dfda3342d1,1
4447693788,canonical_job_c80b1c1d33cf4d50b507ddb58dd9b9f6,1
4447693789,canonical_job_c01eaa8c5ccb40238bd03ed0afe2a0d9,1
4447697684,canonical_job_513b352fec664375954b210700bdba1c,1
4447698601,canonical_job_a6168cb7299849c2bdce859cfec6bbda,1
4447699334,canonical_job_e4458b5a2e7d4de7a6405b75c9d4c143,1
4448523358,canonical_job_1576be4b5a60460993d23a91b4a2110e,1
4452971969,canonical_job_be104dbc6d9145ccb401bf7d0a79bb13,1
4453560519,canonical_job_32287ee3cfe1424295e0d984cbb91814,1
4456083986,canonical_job_067bd5651c7147419b0dccb135b0597b,1
4456869976,canonical_job_dbade92934d64fad8b5dcba5498475f0,1
4456871918,canonical_job_beba4238b0774cf899b3ddcbbd5feae4,1
4456879857,canonical_job_91aca05529d5414eb2de2b81aa5c7006,1
4456891201,canonical_job_7e2aba0c074647b3b2dbe937d9e03e24,1
4456892180,canonical_job_e96d1f2de98b4c81af2f8ae7cf2eee25,1
4457946231,canonical_job_4e4e7ca17f29473b9ece7daf64acfd13,1
4457991651,canonical_job_0e6fea2682964d3eb00cbe356b548837,1
4457991652,canonical_job_2c2a2e40b153414aa0f9c7c8542de74a,1
4457992625,canonical_job_8e702116dc37498db905653dd9339ac3,1
4457993430,canonical_job_68eb125dca7e44eb9756f53e71de1840,1
4458621279,canonical_job_8c7b1bd283684b53a3f578b1ec4d3f8c,1
4459481008,canonical_job_17a1e8061ae04fa294b598f73fff8430,1
4453120301,canonical_job_7ed08966d7a14e8980860d8d62598efd,1
4455737136,canonical_job_59f6fd19762b4bcbbc6e3a8336e34700,1
4459181792,canonical_job_e6f06630fc934c279c38810fd1387f84,1
4459184800,canonical_job_c4bc504f772143e28ffd3d92b6b64397,1
4430618946,canonical_job_b15f0807b74349399f325a1c759845ea,1
4430619999,canonical_job_0160a59e3881485cbbb001cc8fd1e1e0,1
4430620947,canonical_job_b5d4d5ad493540c29c584b7467b72f08,1
4430622874,canonical_job_8163a324e90b4908a423db896a3ec2e7,1
4430622875,canonical_job_e02f6cb2990f4eacb16e84df1d7f59b3,1
4430623888,canonical_job_74c350a504224dc8ae7fb8d930f94dfa,1
4430625932,canonical_job_5ca21ebafdff4f3482fe51d62d896068,1
4430628892,canonical_job_df8b13b8784b4eae8f2680d553b250f5,1
4430628897,canonical_job_318ff40d95da41799d3044b9eb7a3988,1
4430631834,canonical_job_5ab26a7d609e4e03b3f0d10d255e86de,1
4430632819,canonical_job_cf3711a7364e4088a4f81c476b1197a6,1
4430632823,canonical_job_ef88986a1b41429ca47b600e5ae8fe72,1
4430636084,canonical_job_68eab5642ea44ffea93767476ae8be09,1
4430636086,canonical_job_eca3d1ca7b1c411cb66dd05614d84207,1
4430637026,canonical_job_28f872a654904aa9b60c29b15c7ed60f,1
4430637031,canonical_job_3f86cb31baed4a3185ecce3d2e8ff97c,1
4430638022,canonical_job_eb9cdc078e1a4106a64a74e987c2449a,1
4430640012,canonical_job_dd926b7a4ecc47c7bc4531f96ecc3a4d,1
4430641000,canonical_job_e071bb521d854205bbc503164967d869,1
4432764778,canonical_job_274a3804fb3d40f39075b999d8ee8f86,1
4433164021,canonical_job_683eec21a1f147a7a5ff6c1f35f7c9b6,1
4433951015,canonical_job_16f789e2a399406c97d29765f8050471,1
4438491649,canonical_job_0e35c968bc254f42ab2936c0f204c4bb,1
4439200245,canonical_job_e48b0aac6e7a45028fe8cfa670dce19d,1
4440130121,canonical_job_40e2d5f75abf4200ba680bd6d922d5f8,1
4440439839,canonical_job_1e8175f3c03f439cb99c00ac3b07f36b,1
4441096567,canonical_job_84ab0a3743514aa9856915ce1dcc3a2b,1
4443270338,canonical_job_5656d03382ba44a6a24b3c7978827eb5,1
4443345645,canonical_job_d1ca2f174b444bc6a10caaa15882b694,1
4443357304,canonical_job_9db3a9b921f64b9e8f21304d70edb742,1
4445071560,canonical_job_3d1546f8d7bd4741ac359353ee3161bf,1
4446630226,canonical_job_6810e0b47bdf4e029c1e02fd6c782be8,1
4448408365,canonical_job_3cee3708d5494f8189b4d995ac9ad95b,1
4448410214,canonical_job_09a9d7fe9c66404b841fcf85716d765d,1
4452415926,canonical_job_b4e10711cd1f40999f152d7ee97512e8,1
4453856280,canonical_job_be35a11f55ea424082a59edba59db2cd,1
4453860036,canonical_job_725bec6e00474b33ae6579cf3fc391ea,1
4453874024,canonical_job_5161ff42bd834a60bda10aabe899f889,1
4456901347,canonical_job_9252323a481f460f93f0669e3db177a8,1
4458882564,canonical_job_bb39412246a140978ffd44e08a55207b,1
4392826807,canonical_job_cfb0a7938fc9427e8f8f929de43ab53f,1
4392833790,canonical_job_040d4af3757b441abe67901ca86b98e6,1
4392838549,canonical_job_84c328d5cfae4248b7190a26241d4390,1
4392845103,canonical_job_b1eb553d60a947b3b143050651aa179d,1
4426822227,canonical_job_7374d80a59cf4803ac902ff389d9b01b,1
4432398657,canonical_job_74fd540671d8413791e62ca09f06bd9f,1
4432781597,canonical_job_5c8d870944f74bdaa9cd69bb4c7a3403,1
4433832874,canonical_job_9da693b581e04728982f78317dfae00f,1
4433832902,canonical_job_671a1ec733ac44c7a6350e125664c5af,1
4433845513,canonical_job_e90989ee78f04aefb5154e310a1d2b0e,1
4435687110,canonical_job_9532138b64e7427da0fc68126f5f4f9d,1
4439228448,canonical_job_8883e4dfdea645c1b94b29491f525744,1
4439233174,canonical_job_091c4b2759da4a859602a986f402ccaf,1
4439248933,canonical_job_eebd93fb98d34191b09fae831fa80909,1
4440461097,canonical_job_30173eedfe6e4e43b6df0d54191f7eef,1
4441594789,canonical_job_d105cc2e260249678b8223b0e2eb946b,1
4441824886,canonical_job_087ad20e404d455c93a06a0a44b080ce,1
4442846478,canonical_job_3d3d71961346493dad8bc0a3343466e9,1
4442850450,canonical_job_28af395e70cf4caea7961f4ff4c0e55b,1
4444166023,canonical_job_04a6f70a298a42b38c2734c86f565261,1
4448036765,canonical_job_ba8a9685f9eb4be4aaa1f3495bc4a345,1
4449573139,canonical_job_54c8c9b5f2e548a5b0f2bfea104a1aa6,1
4449827730,canonical_job_73846e65fd1a47f9aa2db3aa069021bb,1
4451238185,canonical_job_ccc97bcddd2841a68ba3d9bcf933037d,1
4453464591,canonical_job_97069420c8144e88854ba9ff04ef9b42,1
4457253402,canonical_job_188db22758b04c5b8b762dcec00fc009,1
4457287690,canonical_job_70e8ebee05b34245a59a3c285bdd5987,1
4458971209,canonical_job_cacc969787b3449499c0b586ed95de6f,1
4460313463,canonical_job_808e85e2418b482c899f02b54f5dbb6e,1
4460317404,canonical_job_55286530eea746e9b24d13e5c321a685,1
4371766025,canonical_job_167756d231684878a7663cb4b58c5587,1
4390497981,canonical_job_7ea3389470ca4692b4dfec182fe4db4e,1
4392117741,canonical_job_97c1074656794601a60134d0f65a8e68,1
4400841801,canonical_job_d373bd08d67d4ec9bb9460037b7842a1,1
4405094880,canonical_job_3cbb17355d86474a8524e03bd37535f0,1
4413528894,canonical_job_6e9990ad0f8c4d9ea0cf6af9b2fbafdf,1
4413550023,canonical_job_363d8fb87cee4f21bdfd773b2a54ec10,1
4422814811,canonical_job_5693c9806d394b26b1c8b08ce2b5bf18,1
4426094871,canonical_job_75c628f3c5434563a0d8e653cc534e21,1
4426245346,canonical_job_70e28c5f8a18499182d3d30799085134,1
4426619856,canonical_job_c8413750b52e472da7456c4fac1d7fce,1
4426630131,canonical_job_4bbd1a4f623b4722b57d2366cf63d4d9,1
4426954225,canonical_job_9999ba6eb4ac4e0dabcd7de23412178e,1
4432355713,canonical_job_dd3b57d5636546de89af9fb12606576d,1
4432364434,canonical_job_78a80fd9aa6547fab5dde843824f91e4,1
4437037027,canonical_job_dc244e53c4e246f5b0c86d5355d5b3cc,1
4438333199,canonical_job_7b0970ffa6ed400cba27faa13d4d5e87,1
4438948580,canonical_job_2cabdf51f14546248cf403c7a7fe5649,1
4439253247,canonical_job_dbb21828fe2d484289886b86b076de8e,1
4439850067,canonical_job_d7a79870e26349d28b6b2d7307295c95,1
4439933100,canonical_job_404f84d57de64b16a558dad3f903d90f,1
4441320321,canonical_job_8c92a191be55443abc8084673587be26,1
4441324201,canonical_job_88eae4fca0074e138f573a3adee52ee2,1
4441325078,canonical_job_50a774edbcc54e85ab7d8e6fb8eb0f72,1
4442026782,canonical_job_663801089d55456f94471814a00db551,1
4442032454,canonical_job_119354e4881a420aa0cfb94c0e7c2a34,1
4443112882,canonical_job_98a47d6c0f5446ec949c2501f1468074,1
4443117690,canonical_job_1986767e142d4b14bad0fda787823c7a,1
4443117691,canonical_job_eebd62b3108842bda9430dc933aab9ce,1
4444875955,canonical_job_41196cdecd51499dbcc10f8a95fd1692,1
4444882853,canonical_job_e92e69085ef24398ae79b64fd4e7fca8,1
4447900778,canonical_job_542387640a9743aebe6d56d0fb174064,1
4447900779,canonical_job_e481dd5f59614d388d782bec28b8c4b4,1
4447906482,canonical_job_2facd44568ee4b6db3590a82d44047ca,1
4447911343,canonical_job_e017d16ccabf45b3a3081045a1602ac0,1
4447913351,canonical_job_6314b02897b442a290d5b063decf33d9,1
4447915296,canonical_job_4c929bba8d704c5f9c8897b16e018e4a,1
4447920172,canonical_job_d24c3a0b9b8342aea88c69cb34c47b03,1
4447920173,canonical_job_d28be5d60abc42adb8dca74ed9d820ce,1
4447920174,canonical_job_4a6bbfaf432b4ec9a5e6c4f3061e709a,1
4447923101,canonical_job_7453e448d988450d94de0aa46d4cb4c1,1
4448534245,canonical_job_98c50f24eac34745a792f1d541211aa0,1
4450338779,canonical_job_d3bc5bfe261e4025a334d5d14e693147,1
4450349511,canonical_job_5fb03fb87e97407883aae94fa7f495d1,1
4450355320,canonical_job_bcdfa728634f4ec9a3b6a2b38fac5d2b,1
4451125348,canonical_job_8ea3392da669433e9165e0bf97b49228,1
4451128282,canonical_job_f3f8c366e7b94af8a83dba8c984b4be7,1
4451131279,canonical_job_b32a569e3a1b412eaa300a2df8158c4d,1
4451133265,canonical_job_6b6f2d4e833e4fc1aac1b3c2f9a8a54b,1
4451140212,canonical_job_b96450d99764488ea75078708e3d9657,1
4451205699,canonical_job_b4e0546b2e2d433e82768931a598666b,1
4451225643,canonical_job_43a946ef3d5b447c82f5fa9a99172575,1
4451239547,canonical_job_8de8aa7415514929a888a4ecc196a6f8,1
4451240599,canonical_job_141ee8765310439680854a67a267ba95,1
4452719497,canonical_job_ef4af8bb946f44f2b0219f9a333bb0a0,1
4452909769,canonical_job_5d907576c1ef49a8b668197b20ed1286,1
4453599432,canonical_job_6e81940ce18e4a23bcac0ad8112f793e,1
4454235715,canonical_job_61e25c6ae9aa4feea7f81cec89386b7f,1
4454254545,canonical_job_4d6838e3bd184b58b9cfeb941a9efdba,1
4454257528,canonical_job_aae653e810c541f6972611f6d8af3532,1
4454769563,canonical_job_d69b0d6413c24c56b0798fa77864f212,1
4454778488,canonical_job_9578b6a1db4b4005a582b09716f6ca9e,1
4457944933,canonical_job_af6047e7b2434f63bf84d682baaa9d1e,1
4458880479,canonical_job_f2da2c5eef704639946c9f5b707f7922,1
4458986460,canonical_job_0a2f96fd8fe84ace8afdf745da8dea0a,1
4458989423,canonical_job_d3b6138f6e8f49e195c2b6230ebebcfc,1
4460535255,canonical_job_a125327f98404e24812f117594a9c48a,1
4407179738,canonical_job_b1e68820809c40c884e51803f0571efc,1
4418230511,canonical_job_d0a4eaf42b154fb58ecf3876102248e7,1
4418247400,canonical_job_155f0490f4d24ef6a7d011b894ee41a3,1
4434307410,canonical_job_24d304abcdd44031939f162920b47fd8,1
4434947614,canonical_job_85b560c9b7c94e70ba8bb2cc39eae79e,1
4434948494,canonical_job_0686881a98334a719b357fb1089c64c7,1
4434955417,canonical_job_7a85f401f56647b5b38b44a76356e72b,1
4437366981,canonical_job_85ccb2735d924eb08ac2c4a1920c91ca,1
4439141370,canonical_job_c94be85db40b48658550dfcbec73968f,1
4439141914,canonical_job_ac18a21ffaa54ccdbbab75b4e52e8b90,1
4439148773,canonical_job_420ad70f7eea43608e2854cefc2f5672,1
4439149625,canonical_job_fe1b6ccf48704dc7b4a68c438d424192,1
4439153384,canonical_job_4a74050140a24cc98a111fbb0cae0b7b,1
4442603852,canonical_job_85ec75d61bc84e8b9df64d561d80ff0e,1
4442617330,canonical_job_b3a93988d88f4b5cb9f8bb2e4c5abfe7,1
4442621112,canonical_job_a218f8ed11f348dab7d9c65852c34a73,1
4444346032,canonical_job_4b55d2758111462d8a656f22bedbd5a1,1
4445481324,canonical_job_0ae0bd06b7b649eab75f6543bac1db92,1
4445485351,canonical_job_5606463ebb804e1090abf52f22d5d6c2,1
4447968725,canonical_job_b299d1c497bc4ef8a49fe91d948813e0,1
4451683788,canonical_job_c659b0fdf64244b39ff7d690e908fe05,1
4452386382,canonical_job_2d4a0f183bad45e9a6d7ce71835f570b,1
4452387442,canonical_job_7f2cb7e441ab44638ee9390eac86bb1e,1
4452388394,canonical_job_0d3b1c7ce41747ffa83fc1c7413b5dd0,1
4452394351,canonical_job_87ccb05dace04dc9a827cf7c95aca13e,1
4453574241,canonical_job_4a0d8331228f4b5184d910e8d8a08d48,1
4453576259,canonical_job_093a59b718604d73a0d5672a0b558afd,1
4453580252,canonical_job_83a464d07f564b98b437b652d2ee7fa9,1
4453581234,canonical_job_45995caecb9d42c3b54e1ab8f16fddc8,1
4454241063,canonical_job_a91b21ddaea54249af4bcc1323536f62,1
4454248062,canonical_job_b87a8f3761ef42108c1c802c0713b70c,1
4455677641,canonical_job_f881f06d1d274cba81602df93fd86146,1
4457698583,canonical_job_a9ec92015f604be48ec5205b52d38726,1
4457699507,canonical_job_483e664fc0d7431da09b94eb8f100947,1
4457900548,canonical_job_3d0db73b572e43418a2bdba7b6553029,1
4457905529,canonical_job_77f459e3a7f543ce8fcacda2234cd979,1
4457910386,canonical_job_aa96c9bd85934070b92b581b0dd206a5,1
4457915314,canonical_job_93a59868bae74d81af63c16bb49a3ba3,1
4459305424,canonical_job_80f93e69a65544f09079b0e2c4060eff,1
4109932777,canonical_job_1a410ac694794b82a3142fd8ddc65f4a,1
4109936538,canonical_job_344a5d10efba4e0db6e693869da71a4e,1
4109936548,canonical_job_28c80281d02542ceba929c793028fb3c,1
4109938116,canonical_job_8ca75a1e22464697a07c4b2f5f8a7073,1
4301921758,canonical_job_41c3146ce5294cc9bec7bf32cc260f12,1
4303676240,canonical_job_80e4b5ea193840a29abf38fad91f533b,1
4322088867,canonical_job_4a2e639206f34f3abfb2367a4db95ff0,1
4330742932,canonical_job_4dc9c4d65eae46b38b8f7299759b648d,1
4332232936,canonical_job_e55aeeedaee24cf5a7ed7c76e7ab4004,1
4382434092,canonical_job_e0db47676a014531a2fbfb1421bb7bd8,1
4425850306,canonical_job_4e282c7189194f029abdbbc7a5a05980,1
4434622363,canonical_job_c281124e660a4b93829d0730d469cf34,1
4437936873,canonical_job_cdaafc5a9aac4a529b2a21a9eb9bf864,1
4440234281,canonical_job_cb1a0bea5cf14156874fdf5f3155b316,1
4442653260,canonical_job_94dc131917be4560be7fd166e0f24db7,1
4443156430,canonical_job_2f446ff1cb794f5a9fc8fdec4fb742cf,1
4443162248,canonical_job_8c9869c2a2234a63bed3e74a09276760,1
4443166154,canonical_job_ff01390f2a884dd283544221af3a6265,1
4446776370,canonical_job_de871d841aee4ee0abac6a0d961df4ba,1
4447635259,canonical_job_84142c984d0d402db81877b9a998c5a3,1
4449734931,canonical_job_4458c8bd6680480b8bf33099a1fd45bb,1
4454765094,canonical_job_d20e119d6cdb4ccf83e4f30f167fe21b,1
4455681970,canonical_job_d99d91d463f9496d8a4c032d9bda6cbf,1
4455693999,canonical_job_f44068d6857d43cfb074563b7c67d5c9,1
4456224954,canonical_job_106b5722891440789db8e451bcd99def,1
4456225700,canonical_job_1136c8f433e448559e545737eea0620e,1
4456246195,canonical_job_862fda2fdc284b3092c082f624a118f7,1
4457101111,canonical_job_3794fa587232479582c853031f7c7a90,1
4404610885,canonical_job_82e98148a34f423b927e63d8cc1066fb,1
4404610887,canonical_job_d6644db50f4e4d138b85420729538ac7,1
4404610888,canonical_job_46cc54d741c04681b88fda572c390f29,1
4404611911,canonical_job_a2825df7b13041f2914ef81d2677f4b8,1
4404612894,canonical_job_b2e55ac743d6458794ec3cf9d0763409,1
4404612896,canonical_job_6ee77c39b68040258dbd101b66425ce8,1
4404613881,canonical_job_ebccce746ee24e92876b455d9f438d65,1
4404614858,canonical_job_660bd8203feb44d08c59fadd37d7079e,1
4404614859,canonical_job_74c8bfd6b60841e5b5a038adbdd73916,1
4404615828,canonical_job_6069b87f28a1472caa9151f421d8e421,1
4404616832,canonical_job_dbccfcf09dfb4b8e937ca2a57915dee8,1
4404616834,canonical_job_707565ee353144d2b2a1d237cc3e377c,1
4404616839,canonical_job_9a97e32c19df47f38a482ce95e3c4430,1
4404616840,canonical_job_10cfadb923194620a680127e82396111,1
4404619792,canonical_job_f409d4d143064c1d9a6d082c912eafb9,1
4404621702,canonical_job_c0e024b117b54f29a8e0cb3971eb1574,1
4404624674,canonical_job_c2abd8880a0842ceb716681c3f81b4b0,1
4404625609,canonical_job_3433b991aa00415996fd2bcebec4748e,1
4404625610,canonical_job_3af14fbf57114cc98f2ce39b3c3d9378,1
4404627258,canonical_job_df9bcb10d9834d27a039b67911d447bd,1
4404627260,canonical_job_8143f1978dbf4372bf265815a54be83e,1
4404628123,canonical_job_bfd58d55a1cc4ed78bacb6aa1addf8a1,1
4404629100,canonical_job_7593953d305547199042eac16223d6ee,1
4404629102,canonical_job_d2c555672f614a968821debf3fdd2f18,1
4404630064,canonical_job_5ff71a3d98ab4f84b365ed31b0678a6e,1
4404630066,canonical_job_fb8345fb926b43c2ac9e70251a7650c8,1
4404630067,canonical_job_412803bfc35a44d4ad30c583fed26806,1
4404631005,canonical_job_9113437aeb644520a82aec355c5da6c9,1
4409686812,canonical_job_981c9c84d6a3464e9a8d73396a4b2ad0,1
4409689862,canonical_job_e143643f2399404d81beb69aa3d59c59,1
4410616112,canonical_job_f63caaf34d324bba837b98bacb933be3,1
4412217906,canonical_job_264e5112a4b44e56a5991cc5d5fbf80f,1
4412472525,canonical_job_447757d4ffa84fdf8e08c69ca997b7ac,1
4412766091,canonical_job_2582a870d1764980bd0aa413e3e958d1,1
4412768228,canonical_job_169f9ab1f4214279893be71b0d9a6108,1
4412811149,canonical_job_50a52fbf42be44a7901cc8316744f0a1,1
4414817375,canonical_job_ad408abffbe64488a9a23482ea9b58f3,1
4414856504,canonical_job_2a0f8c65eb9e44e4bb866a16951ded52,1
4414860477,canonical_job_d38fd287013d4f9295bb10132fb741d0,1
4415259489,canonical_job_57b9c86681a748f19ca788b65f3a8536,1
4415259490,canonical_job_8b3a6b5738124076bba562abd57b10b5,1
4415279316,canonical_job_8e0d6041378f43c280fea2192a01f7d2,1
4422279778,canonical_job_f1f8b2c2f2734035b3d61c9176d3f50e,1
4433161471,canonical_job_5c065c031dff4ba486c4cc7f00f4e6bc,1
4443751727,canonical_job_4279ff5be8e9447db85b917edf392911,1
4445847545,canonical_job_906231d823354d63a432db8e885a90c8,1
4446203964,canonical_job_b1a232e1f8a740bd9e542c40ce7bffcc,1
4452261799,canonical_job_40947f9290914a33a8b384733dafcae2,1
4452278016,canonical_job_36335cafbcda47cc8997588e5674bea2,1
4452281057,canonical_job_f6c42d896bed47e09a7925d42f555930,1
4453443585,canonical_job_c3b24859da044f34871780b23d096dae,1
4454634320,canonical_job_3663bcd554844da2a0628685158777cd,1
4456930332,canonical_job_e5aa839dbd084d16b11c8d1a8593f35c,1
4457218347,canonical_job_a3667cbc4dd041eba74278c9f033f98e,1
4457221235,canonical_job_5edea13323424daea5aa8562e6f37e8d,1
4457222265,canonical_job_ae48f200303547d1b5d33acb98e5b00b,1
4257183737,canonical_job_12e7490c22844a9bbd9e8ac4174e29c8,1
4263287836,canonical_job_4d04c12eb56740f392c101f4467350ca,1
4263290986,canonical_job_5dde0e7f440e4a159b41413811eebbad,1
4263291487,canonical_job_0c795c82d3874bb2802cfdd0c2a24541,1
4263291697,canonical_job_2e8fa1c8304949958c667ba4bf8ecae8,1
4263291848,canonical_job_e168673b2a6b4e748e86c629c82f8822,1
4263292710,canonical_job_f1b29078c3914d85ad2b8db9675b9751,1
4263293972,canonical_job_2749a5320d6c46578b969c527cdee5df,1
4263294233,canonical_job_cec69981606e4a94ae7a3e49803917da,1
4263295267,canonical_job_165641bf77bd4c6baf11f337612e0a09,1
4263296418,canonical_job_78b9a065101246259282bb69e5208434,1
4263297094,canonical_job_ad999c204f9b4261aa2fe83e93af8ddc,1
4263297259,canonical_job_e963d74929d24460afc730219b84a27b,1
4263298080,canonical_job_35de3c4e57a94606a2eb6fe0c2d25691,1
4263298234,canonical_job_7ad0c08d3aed435ab2e665880172a12b,1
4263298349,canonical_job_2e5754efd7d54b36ab5eb4c425a40e8f,1
4263406738,canonical_job_dd864cd04d314c94848453be05947a8c,1
4263411333,canonical_job_a883269046fc4c42985579d26f3067f6,1
4263411478,canonical_job_c9cdc9b73b304f4d97a8e846bec043e5,1
4263412115,canonical_job_bfe6d3e918774f8b8c7841eb1eb7fbe2,1
4273381622,canonical_job_21e7eb1a56734910ac5265b0c3619121,1
4346855328,canonical_job_6f9800b523e3410ab6c61dba1020f1e4,1
4358472702,canonical_job_e758896d6b944871b30b8d208a696af4,1
4372112780,canonical_job_29851372ef90401ab8e8d6371a255809,1
4372120311,canonical_job_606b5396b6714308b90c8712e340a63d,1
4377731617,canonical_job_87da96799b93482c8b72ea9379810c6a,1
4379948408,canonical_job_9004c035f5a843259276d5c36ce1cef3,1
4380202825,canonical_job_c4f91e2dc19f4a2887a11c5050f5c9ce,1
4381603373,canonical_job_b4c4e7ed413546478f398307cbaebd70,1
4388090921,canonical_job_534b81fa025f42b5a125bd3fe078f23e,1
4389798974,canonical_job_3c6f9c0d89404d0bb027fdb0c854e476,1
4402538733,canonical_job_9437964b1dec4687a79ac5b0978bce1f,1
4417936783,canonical_job_5df60fbc6bbb48169a7034492c98bb4e,1
4421139968,canonical_job_37889292093e48989ef3b49e5091b06e,1
4422715610,canonical_job_0b50cea9f317451591bc1da175a83f1e,1
4435808133,canonical_job_49be32991efb468fa76c90940af8b64c,1
4441248133,canonical_job_406141dcb9724881922fe849d2950494,1
4446801040,canonical_job_5753b95abde4462c8b3eb5fe0bcedd32,1
4448018453,canonical_job_d56a065cb9914252b4c76cf386a0fe49,1
4450238916,canonical_job_a969764c50c34519b959fece3e918cfb,1
4452457507,canonical_job_9506ffc565124e529fa1ca141ae85fab,1
4452620663,canonical_job_ea433a19f7094719948df5b36ce777b9,1
4453105936,canonical_job_6838cd3659d942a588f02e88d28e59c4,1
4453118792,canonical_job_11f9d6e46bfc45b6b90d7cdf4e685735,1
4453122474,canonical_job_4d09b1e0abb143f5a4117a1b6b3e1171,1
4454090136,canonical_job_712bafd15ae24b198dfac26b56200a17,1
4455284590,canonical_job_cabac37eddc24f7597257b881675773a,1
4458218118,canonical_job_8ad606c107314f7bafd72eeba0d63ee9,1
4459829092,canonical_job_f176544d31d74815a424cf1ab461bed6,1
4459896382,canonical_job_161290f008bb4b2ea857de19bad090c0,1
4439872524,canonical_job_25d3236636c94efcb86b607fc7719005,1
4440735769,canonical_job_a70c3ce89baf4e9f86a81ccf926013f0,1
4447951905,canonical_job_9968ef9cac894f939a54535113cb8413,1
4447974869,canonical_job_d3dc7f858e6f42fbb3a495df72f0071a,1
4448265753,canonical_job_4b2654015dbe4e14b4d4bed8568231a3,1
4451189886,canonical_job_3e742fe6f62b441ead873ac7beb5b1f5,1
4454496558,canonical_job_ec80f9fc81ec4228bc9fb88771833e7d,1
4457478065,canonical_job_0f87798a98764dadaeeb063c0e5e85e8,1
4458955357,canonical_job_a25bfad77d824d43b6963bbcae99e38d,1
4459778824,canonical_job_44eafcf348a14cef93dd9fb269f5da96,1
4459780768,canonical_job_14fbf40ce09d4f07af320389eff5483c,1
4459793297,canonical_job_7bffd62e7103411e90bd4d4d994b3f40,1
4459796287,canonical_job_d930aa9c74c445968b20f1e254246def,1
4428410249,canonical_job_d40e91a7662742afaad362dac76a4d36,1
4438979333,canonical_job_0d8307fa3c0d4c6389227ea9a9fa05b7,1
4438991006,canonical_job_2c17595b0f0a4971b3d47d5c344550cd,1
4443358271,canonical_job_627a296a0d034130a0ada47a01652bce,1
4453259158,canonical_job_0b23be61525a4b6bbb545ea14f422ed7,1
4453282055,canonical_job_75a3129a2af94cf88a1b56d0fc56c172,1
4454251658,canonical_job_e3e5ba4fdb6349fc90f7db591f0f54b8,1
4457458994,canonical_job_0e8be267cbea45c78478f28ff080209c,1
4161253314,canonical_job_fd73d332074d4133b79ecc584f186433,1
4161256108,canonical_job_11323e76aa764efab338b1f4d773fb54,1
4456772764,canonical_job_5c5bdf4f35444a7d8644f7bd59a65de3,1
4459362287,canonical_job_674718fc894147bfa81803eb7b4ad763,1
4075292763,canonical_job_8c54df85f2b64128818077eddbf14404,1
4075292777,canonical_job_0fad1c6befe24c489c7d96abf85c5926,1
4253783550,canonical_job_0726d8f1ce91436ca33ee19cc3263062,1
4254473856,canonical_job_6f48f1b5a3144abf924f7e8a5a9e1dd4,1
4375718842,canonical_job_fadcef3353d84788a051005fc1d19453,1
4376090776,canonical_job_33cd46ca3ff8492eab8126db54c03568,1
4419080696,canonical_job_43c53ba3c0ac42ff9fe9c522fe66ef58,1
4426967964,canonical_job_b7f7b33a0e4e4bb9ab8b3da81992ba4f,1
4429681685,canonical_job_c47f23abdadb4429aa929d1555f18465,1
4433683028,canonical_job_2825abad22034d7f9be8b03f6b10251f,1
4435430657,canonical_job_2d19598fc51049c185c098834277ae71,1
4436212903,canonical_job_ff9406d0455d4b13a313d605e2ed75ee,1
4436223519,canonical_job_98e68f08d6254e4d84018f19e993d676,1
4436225459,canonical_job_e45658ee6f674adda1887ce3617092dd,1
4436228335,canonical_job_482571979f9f4251badf759e88451d9c,1
4436234084,canonical_job_a0382660d4214544a1c198d54b2299dc,1
4439442155,canonical_job_5f2365fb75c24ced8905986e804da234,1
4446747788,canonical_job_9d9ca91d607947e195d05e79362b265c,1
4448234995,canonical_job_b2a4146b47e241908a81756b18f950dc,1
4449132400,canonical_job_26f96b062569482fac1f8b0c35560dde,1
4451410469,canonical_job_55d66fa6fa864ce1a8ac35ae7862012d,1
4453595498,canonical_job_ab361071e344463b93031f6ab64382b9,1
4453700484,canonical_job_db26e118d6c74a0590ed501012405f31,1
4453702462,canonical_job_4428993856414073afb7b25078289239,1
4454128756,canonical_job_d822d4b4114e4f1595971fc1fcfd72a0,1
4454289384,canonical_job_ea0fe625f3b14fe7bb1fde3546b7a2e1,1
4455699678,canonical_job_550fe500386c4b8c95d756cc562c8c73,1
4457109776,canonical_job_eb614a50634a4bc39345123647dc32f8,1
4457606437,canonical_job_e0f902105122477aaf61a1a01f77df53,1
4458658106,canonical_job_b41aea22ff0c4d819c8d5ab869d2e77d,1
4446819617,canonical_job_bccaa28d6ee04a77b42873f532c52814,1
4453466637,canonical_job_103d733451ab417e92f86973f0f15c24,1
4459695107,canonical_job_67ab8125b07d4ec3983a71c58ec45dc8,1
4170129405,canonical_job_0f37aff5de1b4444a008f968f9f759a7,1
4263283876,canonical_job_9ebaa65464f4407db4088c14c482a18c,1
4391577043,canonical_job_74920d5d822540c7bb5aa7c764a098ca,1
4454013669,canonical_job_ac0809d2469f4791b1699f6bffcdf2ee,1
4454015558,canonical_job_fe2649cfa96446b6bebb770377dc5df1,1
4456300894,canonical_job_f29a779e3bdd42838121d9684096b00b,1
4066386228,canonical_job_b44f7e8e418941a28277b68cd339bb30,1
4400190312,canonical_job_d63630410a874a0c8f867972723237c6,1
4400404154,canonical_job_310b4f37ac614b7e89822ae67c612f41,1
4405540068,canonical_job_f2af2a4b7b5a47228f05f120271c4195,1
4417228783,canonical_job_9a6b56d27aa54375bd5f17d3168fde01,1
4427371275,canonical_job_f58b5f1fe6f34ca6bf63588484ffd024,1
4430684356,canonical_job_5e1f7f616312478490e6761ef082fb35,1
4430688218,canonical_job_2f33e9a1d89b4669880a53da5e91726e,1
4430689163,canonical_job_0f9ba3f205374dcc9ffcca18a5d002ad,1
4430694148,canonical_job_71d130fb90494ab8a5221a8e4299e726,1
4430696139,canonical_job_b54756bd5fa34fc2ba1fc0a24a364e56,1
4430698128,canonical_job_225808835ee349539263781e77e51bf9,1
4430698129,canonical_job_99c4186b2c7d47198d7c6155a6bc7ef4,1
4430699138,canonical_job_b36b28bbad3541969eb956436319fb7c,1
4431004030,canonical_job_d8b291244da1491f99aed7fd1c616e43,1
4431004031,canonical_job_67021fdd54024feb85bf9567a59d43ba,1
4432359271,canonical_job_9480def55b754e6eab05a8141ac4c8ff,1
4437670980,canonical_job_c96f1564465643cb8e1dde9624a489e4,1
4437681410,canonical_job_937eaeeedc034555912304c1b4ce9f16,1
4438072440,canonical_job_e8d3c30a150d478bacbe80cd7d8c4b71,1
4438799971,canonical_job_72b4831e997349aeb790fa1e7f1e328d,1
4442814720,canonical_job_4a4fe8078f0c4ccfa8124736831f7705,1
4442819744,canonical_job_6c4af1b5e8884242851af75743a81037,1
4444555524,canonical_job_2a19ca4630de47ab974c4ddab80a3696,1
4448418253,canonical_job_4de0e49dd06c4ea58dd2071261d4d190,1
4450474373,canonical_job_8c8fba1197814c5bae0880d77962192b,1
4450482982,canonical_job_d26d812850674eb98460b63fe2d3977d,1
4450483947,canonical_job_61d10f7c9df24a7e99f668668ce3132f,1
4455845588,canonical_job_e214bf9e3aca4c5fac23bcb6b55794a4,1
4454971109,canonical_job_16de701c27c04742b641e975f54ee86e,1
4455604795,canonical_job_1fe5a51147054307b7e26270e370fcd1,1
4455605773,canonical_job_cd73cf6117c6423f9b12f47c99608f96,1
4455692578,canonical_job_90323b5808844ff898411b89127c561a,1
4456084920,canonical_job_3b06b48699df4b8681e8fd4a7e8988f9,1
4456099633,canonical_job_13f9e7b2f11d4804b8cbd689e0e56399,1
4456099644,canonical_job_ec4a22369e03454888c740a214e36f71,1
4456200395,canonical_job_0d0046ca322b47978fab3b4da27e554b,1
4456204010,canonical_job_b7ab455944674298a62128102847a6ed,1
4456839796,canonical_job_2e9c5e1e663844feb003b2b310326c62,1
4456844764,canonical_job_616a4732470746ffb82309e7c4d8aa91,1
4456846851,canonical_job_a321756645aa4f3cab7f061bc8daed9b,1
4456848797,canonical_job_51d77d7d013f417386c640fbd7706540,1
4456850785,canonical_job_312d3b7f129e4372b8e5f402a9981e34,1
4456851803,canonical_job_963cc622981749729b63ff313e6bc9b7,1
4456855806,canonical_job_4a24a1db09614dff8370e78f926ab0ce,1
4456856763,canonical_job_bd87aeadbb62409280e68f8cfb2b3415,1
4456859763,canonical_job_c94f1192e6b54ee089a80f993fa874f4,1
4456860873,canonical_job_58ea9e5754304a49bb06e2ee9b05b252,1
4456861773,canonical_job_9bd46781ad424c8692fdd070c454e342,1
4456861775,canonical_job_eefaa7c3a517424a918c7ed64518c6c4,1
4456865078,canonical_job_6348e71872e1493d8a2009137c5a97c0,1
4457445355,canonical_job_99296e4fbd914fca931946362bd0a8c6,1
4458342068,canonical_job_d7806d6d3cf34489b69e96de399a43b1,1
4458348929,canonical_job_31947b866dca437d9c3bc0ea9e22a275,1
4458935748,canonical_job_02d5e4a4cffd42d2a0d17fc4ea55263a,1
4458945406,canonical_job_b60974b055474ac3836174cc5e1a28f2,1
4458946241,canonical_job_2f42d1ec5e3943dc9d1f4bcfa75dc31f,1
4459720885,canonical_job_3085249a62eb4f1fb088bb4376867730,1
4459723948,canonical_job_05b3635953d1436bb8ad568937ddbefd,1
4459725888,canonical_job_5ddd5398a3c44facbec2d2cfceac9e24,1
4459732079,canonical_job_126b83b86ab6445a8fa259c4b1129f9a,1
4459741013,canonical_job_4d5bdb3305c4431c92e0403094fa018d,1
4426823802,canonical_job_3245d1b0003f48fc8444ef326c051afa,1
4428930890,canonical_job_7c43fe7f359d4a76824e98b5c9794cab,1
4433974981,canonical_job_edfe6be3578d4c709148789d75aea122,1
4433975924,canonical_job_85b249897437485990040e5d537f1615,1
4433990200,canonical_job_77ebcb39d00141b08dab8cacc7e1b79a,1
4446248413,canonical_job_538c0e860a194cd2a569192f76439a00,1
4449833955,canonical_job_8d631f412e274008a7c521e9c41bea17,1
4449847599,canonical_job_2ec24c15e038448d8515368d5f5b7931,1
4451731277,canonical_job_cff24217461b40779096aa05871d4a14,1
4451735265,canonical_job_54c1a6beb69646dda28e01212f33b794,1
4451745269,canonical_job_7820200384e1400ea5d0c392ab449f51,1
4451746272,canonical_job_e685ad395af4476284ef0c6f818807b5,1
4426337991,canonical_job_30120c07befe4d43b88f2b2af055832c,1
4434834329,canonical_job_78e7e637ac5e4a38bd9b5db40db78dc6,1
4438403368,canonical_job_4567c447095d4bc2ba3a400f7eda99ab,1
4438404360,canonical_job_5b6e91db34f2414783a93289bc8d1a27,1
4455881735,canonical_job_27956297ddf048348232602a71da9d72,1
4453689195,canonical_job_05541ca767b746248d4daea4dc5497ba,1
4453694051,canonical_job_a0af63d7f0aa45f7831b0a6eac6b2e68,1
4453697038,canonical_job_38bb40e1273240e6a3ba4897dc6b70c8,1
4454000007,canonical_job_e642d8576be04e3a99af76f3d83f6f5d,1
4458059828,canonical_job_a9fbae152a0e48be961507c6b4b910c1,1
4458059831,canonical_job_4a1a4bf7eda74603b6122aca9098ffd4,1
4458059832,canonical_job_bd79c824a55c4ace8dd68c6f7a69f298,1
4458059835,canonical_job_1de037c4511f46d7ad2bc7c768fbad8b,1
4458059837,canonical_job_81f811a6246f409a98e9667771df8e8d,1
4458059839,canonical_job_f7635608ca4244c4814437d1b1fe5c28,1
4458059840,canonical_job_b1bd8a22ae2b4fd6bbeb3a01b7e34dfa,1
4458059860,canonical_job_cf575c360e4f40b3a2686dce1a676b02,1
4458059865,canonical_job_34e232897288468d8f08d1d8316c309a,1
4458059869,canonical_job_bc3e9301d68741a3a3b598440c8368f0,1
4458059870,canonical_job_241228d1631a4fa1a3b0a085b392d4f7,1
4458059884,canonical_job_990015257a0841a292ab73d8a7421f13,1
4458059885,canonical_job_08f555f73a9b48d5a2095f88f2025fab,1
4458059886,canonical_job_7134cdeacaec4ed6a7eb564414dfce9d,1
4458059890,canonical_job_6e3eb4efda6046c191a6afe77cc767a3,1
4458059891,canonical_job_7f7d5713e210488e8c875f2b3b83e62c,1
4458059893,canonical_job_b884f31bd98745dd93f0f3dc6e6e2a8e,1
4458059903,canonical_job_1362c9cb23764f08b3d5de424d2daef0,1
4458059913,canonical_job_86934ab0306c44038e0e14e6552b1a05,1
4458059916,canonical_job_5404ef5c9ef64c99a577a3cd59e11349,1
4458059919,canonical_job_f66ad137cfba47229d03509eea9d7590,1
4458059924,canonical_job_1a04d345e4d444daad7141b75e014f4d,1
4458059928,canonical_job_c79c080007914432b7c2e31a5e2131bf,1
4458059930,canonical_job_7561db3689e2489896758761571554c3,1
4458059939,canonical_job_e180380937154cf6917eef8b0bfb61bc,1
4458059940,canonical_job_8c49586a50c643458252ee010ff700f2,1
4458059944,canonical_job_4d35ae693d354214a9a53b3b53c648ff,1
4458059946,canonical_job_de14172ec5db4d609ad9eb760c36fcd0,1
4458059948,canonical_job_0855d1500c9a4007aebe0d9145a2d4e3,1
4458059950,canonical_job_68dfb277daab4c7e87599a1af9efccf1,1
4458059951,canonical_job_39328e12fedb466a9ef94e811532e0b2,1
4458060768,canonical_job_d0c12704f00d4256bc2d3fa6dc09253b,1
4458060774,canonical_job_2102008aafd54dbf8d75cbfe20f8a86d,1
4458060776,canonical_job_c43d1566c8a14b93aa123084cbf77523,1
4458060781,canonical_job_5345b8f948104ca98887e56431c7857a,1
4458060783,canonical_job_d5fdadbd5ef74b809da34a7c1e50521d,1
4458060787,canonical_job_a341188537b4428d895371fd2add68c9,1
4458060788,canonical_job_fd5c5f3919094d36b5284776d803fcad,1
4458060790,canonical_job_e0ffefe2871c4405abdd23dbbeea924f,1
4458060795,canonical_job_c739b6e398994989b48787d6418a6b85,1
4458060806,canonical_job_522e50fc1f634b0ea077a8850b053a7b,1
4458060809,canonical_job_14a54859816c4c3e80a72ce9a818b642,1
4458060813,canonical_job_648ef628dc0f458583bad31c8f77ddaa,1
4458060819,canonical_job_13b14584cd2247b5a8eb613ad7a9837d,1
4458060820,canonical_job_d7f6d74f1e074ae0895d3995e7d0e0e5,1
4458060824,canonical_job_50fb0b25f72143969955e515bbde7861,1
4458060827,canonical_job_03ee4a1ae70d42ccad2bcd024cdd72ee,1
4458060832,canonical_job_2c05992383e14eca85c32a37a9ed8133,1
4458060834,canonical_job_a03562820e3046958e1c1f498a7efe0c,1
4458060836,canonical_job_b419946d80f547e894b34e1d9d8527ea,1
4458060837,canonical_job_878b8bf4ea8e45b5b9af8ba9f5bfa5b6,1
4458060838,canonical_job_bd2a2ea2b11544f7bdde42af4dcf99a7,1
4458060839,canonical_job_f245e8eb10f14e91822298e0c582be37,1
4458060850,canonical_job_edbedd58d13140749cdc9168e41dea15,1
4458060851,canonical_job_b7f00f6fc41f460b88a7955ef200e13b,1
4458060866,canonical_job_ecd2aea3bcbd481eac60054662214b19,1
4458060872,canonical_job_3840f2a10a58429db23cfec6d12ce688,1
4458060876,canonical_job_c73131a6e36541ad9d99dfb1538a3996,1
4458060880,canonical_job_c8a06067f5a64617b71e840359435c06,1
4458060886,canonical_job_6aaaf8b85844473584ce0b8e3fb320de,1
4458061690,canonical_job_97ce758427274f9891a985f44d80409b,1
4458061691,canonical_job_708757ad1c274251a260aed5ee02aa75,1
4458061693,canonical_job_8acd8a38f8f94377b19be3aa98c799b8,1
4458061694,canonical_job_0f3498f84aed49739454e22d27c2c232,1
4458061699,canonical_job_bd49fd1f337e4b899f012b5a3d1593d4,1
4458061703,canonical_job_d63f65df87804b2091e4b3a0e3e35b6c,1
4458061709,canonical_job_ae2a765153314f76a68aebd83eabce78,1
4458061710,canonical_job_f0d042c9e8984322a9fc84a2e572a9a2,1
4458061715,canonical_job_9edb24a778434cde9890a405298d703a,1
4458061719,canonical_job_f73512abf5524e78aff4b46558c6afee,1
4458061725,canonical_job_a7d39634f16e49578da4328b7dcd0eed,1
4458061726,canonical_job_bb5b47cfea894eb880b8279edc3f9829,1
4458061728,canonical_job_a3e0ac68922f4898b5f0e4f2e02171d2,1
4458061729,canonical_job_4970b95bb24c481ca07cc65cf1fb4a36,1
4458061730,canonical_job_8c5eeac166dc473ba8ad9eda4b3b4d3e,1
4458061734,canonical_job_35d6ac147eba4bf996a91732608ac614,1
4458061739,canonical_job_f028afd5b19346139959515c414d8340,1
4458061742,canonical_job_deca38b362f3498689daca7155125bc6,1
4458061743,canonical_job_4439451b9ae541e0a6000f000482a8de,1
4458061745,canonical_job_9f44636c4938462f8d7e211a9109c2ed,1
4458061746,canonical_job_2c266615e97e4ddca8f3a484fd74a172,1
4458061756,canonical_job_1aaf0fae9cb84a9d828658e476583de4,1
4458061758,canonical_job_95a2f3bee8774364b9cb5d5e0309f1a5,1
4458061759,canonical_job_de2b2ee52d954b8ea94cc5f0cbbe5266,1
4458061760,canonical_job_f85215448b284d79aedd01eaec5db1a9,1
4458061763,canonical_job_4eac1558616e46bfaa2ec0c1e598ece2,1
4458061766,canonical_job_8137e47c5bd1444db809e58f1e6181f8,1
4458061767,canonical_job_5a53f01e91c34abe9565ab3752f2b7e5,1
4458061768,canonical_job_a985c9a0348a42b69b67045e3d76c60a,1
4458061772,canonical_job_b5f9b66627b0431ba4712f7c8d931384,1
4458061774,canonical_job_468c40e7ccb241cca6ff5a4889459ef3,1
4458061777,canonical_job_fffbe0aaecee4bcfa0b50c63bb51958f,1
4458061780,canonical_job_77b06c5c936745eea9dcc9006bd16671,1
4458061781,canonical_job_fa41fa6fdd794fe489823b7a8033bca9,1
4458061782,canonical_job_dbfebd0022ed40ee9bd36290bf998ed6,1
4458061785,canonical_job_aca9ac16966e48bea7e1b10577fe2326,1
4458061786,canonical_job_775cfa18ce4842fe8cbb13d9ad41d3ae,1
4458061792,canonical_job_00c39a7bac9044168ce18d1556801dc2,1
4458061793,canonical_job_10ed228425444520a2ac3a3b77486d2e,1
4458062726,canonical_job_290071558e84490f855c4a390f83362f,1
4458062728,canonical_job_9420f27a5b9b4df981d9aa93038a85b3,1
4458062730,canonical_job_3074fe51a11242bc91c87818c640a0d1,1
4458062732,canonical_job_de80789afbc74f24a58d73d9fe85b3d2,1
4458062735,canonical_job_74845e6c9c504449988e53b9c58e3ed6,1
4458062737,canonical_job_b00d7b0ef26140cabe605682b97f8613,1
4458062742,canonical_job_d7493a587835402e8924109c76ddb5d2,1
4458062744,canonical_job_665ddfaa772342cb911317b258db9038,1
4458062748,canonical_job_bfa9dfd74d06422e8567f972be38c972,1
4458062749,canonical_job_90735e669adf4267bf91babfd96d00ae,1
4458062750,canonical_job_b5a4f539e763496f88ea73b80d271848,1
4458062752,canonical_job_49aa9ddbffdc4b1c952b88784fa281d0,1
4458062754,canonical_job_381e932afc9a4c7ea5a05d00fa8e6818,1
4458062756,canonical_job_843e661f693c4d78876f67389194b458,1
4458062759,canonical_job_a105d4b2ad0c42038908472f6c68c8b9,1
4458062761,canonical_job_c0f40dfd6d1b49a48fffb0414f1cf74c,1
4458062769,canonical_job_9a12884effe94e41a866b6e6950d67ce,1
4458062772,canonical_job_f5e38d53f797432ab5c5c0c822e279a8,1
4458062774,canonical_job_4849dec3f5fc485385a19e01e1c681d9,1
4458062779,canonical_job_a5ca2f74c42243048265d09f1e5fab7e,1
4458062783,canonical_job_de04db69e45e433bb375d45c73163cad,1
4458062785,canonical_job_eb1aa44286d141f59a6779b891650c6d,1
4458062793,canonical_job_52283579c0bd4e10984b4f536d615e9b,1
4458062795,canonical_job_ed9c06f9ba914b0ab7f8051a5af8302e,1
4458062806,canonical_job_b8b7dccfb5ea4c10ab84a8bf47cf07cf,1
4458062812,canonical_job_35ce5765557c48b1a4eb7cb36e58d56b,1
4458062816,canonical_job_eac5e7a66eb14546b7a210a1244e2e4b,1
4458062817,canonical_job_247a0a2f8ca549bbb75d0b5940e4a6df,1
4458063709,canonical_job_68988a5794f84890883174df25604106,1
4458063716,canonical_job_384d1bb6a0a044c497ab2a03bd6f7295,1
4458063718,canonical_job_92aed3519c4545619fb98a7b54eb7968,1
4458063721,canonical_job_18a7b4f717024ef1b00c018b02981778,1
4458063724,canonical_job_e50121112beb48a59bfe1894a357f11f,1
4458063733,canonical_job_4a15af503ee54b40bbe178f11db256c5,1
4458063736,canonical_job_3c959300600d4e5383ad4f228264a28d,1
4458063737,canonical_job_05c4db9e0e2c4973a96527acce2fad5c,1
4458063739,canonical_job_bc835d65f65b4cc9ade42d814cf0aa35,1
4458063748,canonical_job_24ed812b9e964d879e6503f96f5dbeed,1
4458063751,canonical_job_f3b2fcb72f494f0890c3e6000a28357f,1
4458063752,canonical_job_c86b90fd0cbc440d9350ba3e1783489e,1
4458063755,canonical_job_f13cfa8d87bd45bf924cb045facfa0ee,1
4458063757,canonical_job_71b2fc81a2aa426a820c1655c195af6f,1
4458063758,canonical_job_d34265ce1bbc4506b0a8bcaadff5a12f,1
4458063762,canonical_job_cabbb1d082c341a69fe62c4ecc2f55b1,1
4458063766,canonical_job_1c33a329c5ed4e6db9c9805694754c97,1
4458063767,canonical_job_a0dda64b1b894d60b84ceea4577496f5,1
4458063770,canonical_job_c3a94e94b4974dde8a8dce10f101f659,1
4458063772,canonical_job_3d2fe061cf774162b38cd029ed6e66c6,1
4458063778,canonical_job_4d41f51beb0c48518f2b1a4b07c802fc,1
4458063779,canonical_job_8197b4f93ba4400681b40559f07fbc14,1
4458063781,canonical_job_01628c1ebe2d4fcf9fccc01d23fae476,1
4458063788,canonical_job_9aaf818cd7634c65834444f9d157ce51,1
4458063793,canonical_job_bc80b185190644e4a853aaad18da3db8,1
4458063794,canonical_job_ba209328de05428896eb675a364fa79a,1
4458063796,canonical_job_d6243f59b29d46aaa426ac87df73736b,1
4458063801,canonical_job_3a780e8f0bab46b080c4399f64e14c7c,1
4458063803,canonical_job_de0d6a74a97e4329af239c246d62898e,1
4458064750,canonical_job_d08380d4b3044c2f82a06115c77fc9d5,1
4458064753,canonical_job_44752e735a294feeb2bab14864a7f153,1
4458064758,canonical_job_462a5d91aaca41b39cc10fed6f4bc50a,1
4458064765,canonical_job_2998da8c72f542b4951266a4e7613dba,1
4458064770,canonical_job_2571f3f305ad41a38c3abd1360abcf3a,1
4458064771,canonical_job_a45df415fafa4ee3aa41b54b71d9ca38,1
4458064774,canonical_job_cf06d034d9114112b2a30b19e6de42a5,1
4458064783,canonical_job_6b9083bee9c14c8199167456202b6875,1
4458064789,canonical_job_bde9a541c74a47b68ee2f43f4add3ded,1
4458064792,canonical_job_09c9641408e0420aa9791499659cd408,1
4458064793,canonical_job_228fea8343f1433c958d873075079eb9,1
4458064799,canonical_job_c5a27002dd274a749bcbb9e792649dd6,1
4458064807,canonical_job_a146d484abbf46fe8f8ecd955f000756,1
4458064808,canonical_job_cbd13df1d723432f9463a7365c8df3ae,1
4458064810,canonical_job_3e136635539648519c02d4b0cdcdafd9,1
4458064814,canonical_job_165a065bc11b48d8bf663d054c73fb79,1
4458064815,canonical_job_1e8b188d4936447cbe3db078cbda5bdc,1
4458064817,canonical_job_b9aeda6d96484f6dbe78e216b673c8a8,1
4458064818,canonical_job_88c8963445a2476d8bc77c96c924e490,1
4458064819,canonical_job_6492524c68124ca49e3d38f7a5ddd4cb,1
4458064823,canonical_job_d884559ae241447d9736751f3e371b3c,1
4458064832,canonical_job_b7366dfdd74f4c8d8275e0ef278f410c,1
4458064837,canonical_job_b172b1ec915d479ab2f2ce6ea1b806aa,1
4458064842,canonical_job_2d6b09367def44909ef524b5f3137688,1
4458064846,canonical_job_5f4e9373c041477696aeb2b65b3fdff0,1
4458064854,canonical_job_853c1ac00be34a128c1f4bb2ae02b128,1
4458064856,canonical_job_002df9cd3e9c4132b9c73c9f0ac661f9,1
4458064859,canonical_job_a9dd5645b4cc44688e73ed9424aa6a33,1
4458064860,canonical_job_54e3886fc4f34c1b97455966e5679eee,1
4458065685,canonical_job_8a83e457b56646f29148913bae541935,1
4458065686,canonical_job_f913c900999840af88cd0dd1e99eb25c,1
4458065689,canonical_job_f15d694f3a1c4b02b6fda623a2379656,1
4458065690,canonical_job_e4478b61ac1e4977900145871762016e,1
4458065692,canonical_job_dc1dffab4c024658b49bfc448a04aae7,1
4458065697,canonical_job_e99cb753abf94407a1311bbf38d6f694,1
4458065699,canonical_job_6f7de488598d4f4da7bdb919c28047ce,1
4458065700,canonical_job_8f2d180faeb94fc1a38d0389e1206be4,1
4458065702,canonical_job_c399d7f84f5348cf9cc3e92ded9e8d13,1
4458065703,canonical_job_9e4b93a9f612478d887a24e6dab3a6f7,1
4458065705,canonical_job_1566826f879d4770b9d509dbc0ea798c,1
4458065719,canonical_job_bea4528bf8b14f088bcb52f092ef091b,1
4458065720,canonical_job_dabaa3868ebf40c99350c5aaab2a0349,1
4458065723,canonical_job_a9be4b08936740b29a53c04588037ed1,1
4458065728,canonical_job_5226d34a72094ac8b532839a50006491,1
4458065729,canonical_job_16697a4df60841eda45309b3f89c9a64,1
4458065731,canonical_job_ea7c059902164dea9150670e328b685a,1
4458065744,canonical_job_ea4a7fdc575e4521932ca46b6c7041c7,1
4458065753,canonical_job_13021e1c0e3b473f9cf84d6ebe6e341b,1
4458065755,canonical_job_a6f8d9c597eb451c83724147536b172d,1
4458065760,canonical_job_f1bdf95be0bc4e0798ba7b0c84b567a3,1
4458065766,canonical_job_c5c362237f3e48e68e07749209ac528b,1
4458065769,canonical_job_2dd28eeca2d94f1cae052517d14ac784,1
4458065772,canonical_job_5849975effcb45e2af42a3d324f04f4d,1
4458065774,canonical_job_84087d3a319747caa36b14b9522aa10e,1
4458065777,canonical_job_3444a6468bbd44c9b4656b6f6a25ac34,1
4458065783,canonical_job_a4ebad6ef15444a29615a2fa503bd5a7,1
4458065785,canonical_job_a7d7bb88049146f6ac4e93cbe403f7a3,1
4458065789,canonical_job_d79dabb64f94448b90bf390ce0b61119,1
4458065798,canonical_job_da3fdb88b47b445aa63b5651022931f3,1
4458065803,canonical_job_041ca4b24a114f3383f93dc3c888b3f4,1
4458065805,canonical_job_279138af3e0945f78d81b379d6195373,1
4458065807,canonical_job_9ff889ca10e9499bb998971e85a71d5d,1
4458065809,canonical_job_16d9e18fed0147b78286014771be3fa2,1
4458065810,canonical_job_cf2a153eb7c2439c9ec5d10d90982864,1
4458066675,canonical_job_255ed9fe37254cfe90f4c959fbfdcf9a,1
4458066676,canonical_job_a6cac1164bab416e920037e82885c3a8,1
4458066678,canonical_job_c0c3ed293ef045ce832d8702d781a224,1
4458066680,canonical_job_b14baddf4ee34869b9de5d7df1d47747,1
4458066685,canonical_job_b0aefd28ccc74ec89a89767f6ff20aa2,1
4458066687,canonical_job_5fb7a5b8eef34df79fb4cbeca9d7a341,1
4458066691,canonical_job_73132d3883fd4aa6bbf1064fd40b6d39,1
4458066697,canonical_job_0de294777a594128b05d8c9c5ffa0014,1
4458066705,canonical_job_4dc7266c48eb4c5c85fc02c08f69ac35,1
4458066712,canonical_job_066e739c3b5b465c9fb746e41a00fa5a,1
4458066714,canonical_job_90712850f7c84d91be5c40e24409dc25,1
4458066715,canonical_job_3f48dfb791b140aeb7c0e39ff29b51e9,1
4458066718,canonical_job_ad95b438d6ae43b6b28802133f26035c,1
4458066719,canonical_job_8556d825c9a7425c8bddf1b666b4db8e,1
4458066721,canonical_job_24702164e669454e880a43fa9fa060d4,1
4458066722,canonical_job_7f006e4b951243d280aabb9a04122e29,1
4458066726,canonical_job_2ac99b26caef46edac3cccc8b9d0dc23,1
4458066727,canonical_job_6b5270d60a094a52b8c29961c5afb3f4,1
4458066730,canonical_job_6bd465106cbf4d7cbdfbb8de654d5cbe,1
4458066736,canonical_job_21812a575a3f426dbecca66694b7b30e,1
4458066738,canonical_job_d95b38839e6b4b2180439fd8fcc1d65a,1
4458066739,canonical_job_c4758065ad4e49f1ab0156347cedf09d,1
4458066740,canonical_job_b94199ff2c76491ba4625f8364e293dc,1
4458066742,canonical_job_b3fdd21566aa40b59ec3af21f972616c,1
4458066743,canonical_job_6431b346b4084b779d0f3b753fa57e91,1
4458066744,canonical_job_90a892e35d094965bc3021766986f544,1
4458066747,canonical_job_469928fd94c444e18770f4de182ba2ac,1
4458066748,canonical_job_a0e1d345090d4344bce83f813afbecb1,1
4458066749,canonical_job_2eb6eb129b3e46b9aca601e8d4b70dab,1
4458066751,canonical_job_efd281e5985d403087daaffc0ec5ffa9,1
4458066754,canonical_job_8144e13ccdde4e718e4b011efa4c1f4b,1
4458066759,canonical_job_120780f73acc40cfb1732c96e4397006,1
4458066761,canonical_job_e998fb5546df491fab6057f2a5563003,1
4458066766,canonical_job_44b1a26c21e148d8b76b138b7c549f70,1
4458066767,canonical_job_92ea49aa8a45400dbcf3f44ef42234e8,1
4458066769,canonical_job_9a5bae70681743aeab32dfa931cc82f8,1
4458066780,canonical_job_74be62161013414a9036935ee1eb066e,1
4458067679,canonical_job_864e2593fb5543aa85592caf729f81f3,1
4458067680,canonical_job_f4eaf889e9544e3daa0cce4e968232cb,1
4458067683,canonical_job_e3e247a56f064c7daa7635eba0fff4ea,1
4458067686,canonical_job_e286fb53a16c40ff8c8c888130d41773,1
4458067690,canonical_job_5a56ce5dffc242f8ad282c523eb4893c,1
4458067691,canonical_job_67063c27fcfa4cb9ae8d190d8f03880f,1
4458067693,canonical_job_252d5b036ebf45d1a6a96dbc1f1b79fc,1
4458067694,canonical_job_0215b6311e9a420cad930004c419d7ae,1
4458067695,canonical_job_921cc1298b884c2288c6aea6d38e9fdd,1
4458067702,canonical_job_8ac6a37a7e2a46c7b56a2a8098a21bca,1
4458067709,canonical_job_45649c2c42dc44b9985f4d1e1893b13c,1
4458067712,canonical_job_9baf6bbe7f6a4e6b901cb52f0f49cb3f,1
4458067713,canonical_job_43ab811acb9e40e1b040a0b2e3352b1b,1
4458067715,canonical_job_a6750bf28c904271b2cfe4113fc2c671,1
4458067718,canonical_job_27f0ee84c6224f57b2b0fcc8becab1e2,1
4458067719,canonical_job_e76d99daf3c6487d88923c51ca9f9773,1
4458067722,canonical_job_f0fcbd0af87b4088aa2d5b9523216748,1
4458067727,canonical_job_af405d61debf401db4374af00d393159,1
4458067728,canonical_job_1cc4bca0c657418ab39f8f770d81c77f,1
4458067733,canonical_job_3763162c9e664edeb14611c759fd7875,1
4458067734,canonical_job_d8c2dbe87e3d4b11a67482c45d7e082f,1
4458067737,canonical_job_5957ba435625488686b50ee49ddbd3c9,1
4458067740,canonical_job_03bc6aef5ffb47d79f0a87f08d923840,1
4458067746,canonical_job_16e9d5d472e7437f8b2d0c1f68faa646,1
4458067747,canonical_job_eb4102d39b574653a2438750fe7c0210,1
4458067749,canonical_job_504be35e223c473c82214fb87cb5e5fe,1
4458067759,canonical_job_1f6d81c1f5d0463a8a974c18a327dd20,1
4458067760,canonical_job_b809ac31dff44367a531c99c03007686,1
4458067763,canonical_job_7c6323bb56d34c73a25967cf12b2008b,1
4458067768,canonical_job_00043b20e733460cb869455fdc3dd863,1
4458067769,canonical_job_948f6f6d85d6460fa452bc6bab9d3f27,1
4458067771,canonical_job_db3c4dcfa9104eec802923cc1b2b4bf1,1
4458067772,canonical_job_8a817bc21b3443ce90adc16e545ee7e4,1
4458067777,canonical_job_bcee1a2b90014da0b5d3b86aa764a4eb,1
4458067778,canonical_job_34798131b1d44a7d84919fe8115d2c46,1
4458067780,canonical_job_d157afb38a924726b65b560b43dcdd59,1
4458067781,canonical_job_612f6cb783c34f20bba57c2538986eeb,1
4458067782,canonical_job_7c7f46b2dcca4865865a91ea078b84c2,1
4458067786,canonical_job_9bfc15e667ff4df3ab9d939fd5775241,1
4458067788,canonical_job_e4ced854dd114ae1b074a657a59bf9c7,1
4458067791,canonical_job_56c7edc630034cdc9165739b5c1b7d3f,1
4458067796,canonical_job_28a780ea58374357b361453df8a4c3aa,1
4458067799,canonical_job_18244c33ebac4848815743186d73a7f8,1
4458067801,canonical_job_7f899833d6c34bc49026a938cdeea389,1
4458068662,canonical_job_f35f377234a84b8785b71702515305e9,1
4458068665,canonical_job_26fd4902f5424e3e9e96df5e30ed0e66,1
4458068666,canonical_job_9d1d2136532a48f5a152612575b03a04,1
4458068670,canonical_job_c9867b346bac4b54b4f0ebaebe3b735d,1
4458068673,canonical_job_a2cd9ce464244baf88390a9f9ee2a9da,1
4458068679,canonical_job_fb782b7519604f0dae5bd81257300f8d,1
4458068684,canonical_job_6be25c9dcb8e4758a8711299b1158d60,1
4458068685,canonical_job_284af2645471457898a8e6c905589593,1
4458068687,canonical_job_285f26149ff44936b02dc86d4c941d61,1
4458068693,canonical_job_61bf4c54f2074a0b8de1693f5157721b,1
4458068704,canonical_job_1cf0d7fa292f448aa418e5f03a74d4b7,1
4458068712,canonical_job_8e4557bab1e64997a1c902f5a58ef8c7,1
4458068719,canonical_job_e9f794df8247438b8338154e0f1b656c,1
4458068725,canonical_job_28719bf125db4ea18c02edead5de363a,1
4458068727,canonical_job_6b6922a1e2ae460cb177e8be71ff433d,1
4458068730,canonical_job_1471c05da9df412da189fb248ab2b8d9,1
4458068732,canonical_job_1e12ea506b7f411790374d26f5a7f1ef,1
4458068735,canonical_job_d60d095c4a684f5d9b90175902a1b678,1
4458068741,canonical_job_44468722670a422f91af10d04646da03,1
4458068744,canonical_job_4159f81c886545f79ccb8231b8dbe5a5,1
4458068745,canonical_job_143af3d68008421198200c528d47c14f,1
4458068746,canonical_job_07be7f5975ad4d18b401d5f378fbe4a5,1
4458068749,canonical_job_2a4657f790f14fd3935d59c46a0428b6,1
4458068750,canonical_job_1d8b666fe47e468091ac8dcc295fdf8c,1
4458068754,canonical_job_7c146365cb3f415fbe1c6dee42266331,1
4458068758,canonical_job_135a9b11e6e144a992a6aa1e4256ef24,1
4458068772,canonical_job_e250781a397a43fca4789ac7c4f8273b,1
4458068773,canonical_job_315a438f010d477eba3b4bd3b22b6d66,1
4458068774,canonical_job_7467d220c6044000b0e6ba7409d1e170,1
4458068777,canonical_job_e89213745caf42b983ea5aa271be580f,1
4458068778,canonical_job_ba4d6286cd604833acc02393fd4e86d6,1
4458068784,canonical_job_2d69280152984b668f739d9288b6845b,1
4458068788,canonical_job_4d5232dce51b493ebc2fdd545d77d1fa,1
4458068790,canonical_job_a59fcd539ee440e2a1215e4a639a60dc,1
4458069667,canonical_job_2e7e22c4a6b3408fb305da55f8e4564b,1
4458069678,canonical_job_928fab8741fb4e9cba3d8b4e253ea167,1
4458069679,canonical_job_71c47bc453d349a7a793610b1b55850a,1
4458069681,canonical_job_005fc43080c44a3483ead61ac55386d4,1
4458069682,canonical_job_9885054423464a7f816944ec2ba58dff,1
4458069683,canonical_job_b8dbbaf17112465fb286bc2cb96cb16a,1
4458069685,canonical_job_699e522dbab64d859dfdc51064f616ba,1
4458069686,canonical_job_6f27fe48629d4460b04ddf94c329c6c6,1
4458069692,canonical_job_f42cbda3ee56472bbc4fa1bbf40ca27c,1
4458069695,canonical_job_bb36e6981f7941c0bb7fc5473ff03963,1
4458069697,canonical_job_464c5e1a729647f3a3caed9e75e1a17c,1
4458069702,canonical_job_7ab3375d307849d28684d4437b18223f,1
4458069706,canonical_job_4cce675dd88c4c70a60775bb2d21c755,1
4458069711,canonical_job_4e3df5910b0941ccb442c0abf9ae32cd,1
4458069717,canonical_job_209a2056ae594343bb7c512ba5e2346d,1
4458069719,canonical_job_f77ea453710f42ebba94540ea028af02,1
4458069722,canonical_job_4d0aa97811d14906a512c26c0c117488,1
4458069723,canonical_job_9891452acda84fb2af5e8dc71c2a6efe,1
4458069725,canonical_job_ae3bba725ad4476fa3054d6d8115ef23,1
4458069728,canonical_job_376dee3d262d4bb48539045d16deb2f0,1
4458069729,canonical_job_16f9d579475f43e4a1387285eaad937a,1
4458069733,canonical_job_1d2aa5df769b4242a563a8d95db57432,1
4458069739,canonical_job_973f6ed1f2db40fca3f79f38fb25d28d,1
4458069741,canonical_job_bcca84f3134142d3806b1ea4c168a28f,1
4458069744,canonical_job_2f4aea61b1d14f468ad8e01c39165e18,1
4458069751,canonical_job_452e8f150cdf406798553afd7ded51e9,1
4458069752,canonical_job_026c79909eeb4a0c84132b6f03fe922d,1
4458069754,canonical_job_cb3041c8550e458d875dd666e4725d3f,1
4458069757,canonical_job_8c5063cfc74a41ed825f585f234bf6d4,1
4458069763,canonical_job_ee6cc8e9aa234c52b56a2576a7ee8c9c,1
4458069764,canonical_job_12b0b15393064712afa6169b13b6347c,1
4458069767,canonical_job_575dd560ae174cdc8ee0e4ae4a9a2713,1
4458069768,canonical_job_32403a8f8de6456782b6bfb7c0fe0598,1
4458069769,canonical_job_ee0933f00fbb45039a0c542e98fcf828,1
4458069774,canonical_job_2f652c31f57b40fbae043c5fdd27c916,1
4458070686,canonical_job_c595bc0a005f442f83172baec57a91e3,1
4458070687,canonical_job_f9737e0c89b64ca49917de366111b235,1
4458070691,canonical_job_b73315a2b6d6478ca87aca85be059f2c,1
4458070703,canonical_job_aaa6ad02efdd4a96950979eedb2cb8c1,1
4458070708,canonical_job_3f764a1365e74722a74bbe12d13ac465,1
4458070709,canonical_job_c11fda40ded941299c68b63ce594a58b,1
4458070713,canonical_job_4d0abf2ec9d84f858af66d0d213efd69,1
4458070718,canonical_job_34616ac5f62b4405a76708f3eb411196,1
4458070722,canonical_job_a6a4543061254e71ba4a213cb400f1f1,1
4458070723,canonical_job_10ea4641c4434e6db2e45dcc613a767d,1
4458070727,canonical_job_77143d02d6844ecf82a4ad697be3ff5e,1
4458070729,canonical_job_af332690b82149fd93f2fed83a3859b5,1
4458070733,canonical_job_ef6884c49ebf4855bc4ab1cece212fe5,1
4458070735,canonical_job_ee1745e2676e406db46b83357daa6fd6,1
4458070738,canonical_job_e7375bf64cbf4e92ae1760246b49a1fd,1
4458070746,canonical_job_e67152d397c84b0d9f8a9518c332894f,1
4458070749,canonical_job_c62fb7dfef5b45c0b2e9b05b6880cdef,1
4458070750,canonical_job_7c1a24283b8b4504897a7a4961700041,1
4458070761,canonical_job_4daeb98c8add417c89463b980385433e,1
4458070762,canonical_job_a81c07d7628c42b5a5d18852dc58a125,1
4458070765,canonical_job_376d61767da84f0c82e6d51cac7de013,1
4458070774,canonical_job_09cc0dc9c6464142b766290fda66d0b4,1
4458070778,canonical_job_393409fc0c7f4252b7bd9f71df47f772,1
4458071670,canonical_job_9d1dfa7db0064b6ca3d4ff439e9b756d,1
4458071671,canonical_job_e742524658584627aeda7c3290074320,1
4458071675,canonical_job_8e7e66ae346e41aa82bef0afccfd6c55,1
4458071677,canonical_job_af18aaab85494982a74f5e64f25ed225,1
4458071683,canonical_job_6aad10fb26ac468692ee260e01d8ed55,1
4458071685,canonical_job_2ff9d23d372f476f84c220029f5a2798,1
4458071686,canonical_job_6e49cc4597944055ace1b41f77bbf3c8,1
4458071687,canonical_job_240b5bdded9d4eea9605e6d4e6a583d6,1
4458071688,canonical_job_a3e6f71cde874a4a9a7f7cb339bb8aa3,1
4458071689,canonical_job_162dafd043f54dab9b5702c36630041b,1
4458071690,canonical_job_80557f3decdb47279c8d486298c2c5de,1
4458071694,canonical_job_e8c41ec0db304584ab5ec0332e44a3fa,1
4458071695,canonical_job_4786fa422b2a4d04b8e28c660c12bbfc,1
4458071696,canonical_job_29b9a399281a4470b3978074795f658b,1
4458071697,canonical_job_436ded5499714b38bcc3bbe782ae215c,1
4458071700,canonical_job_2fe86d02a0434642bb383843b97995d4,1
4458071707,canonical_job_06be2e0b52764593b23b7eadda4fb8d1,1
4458071718,canonical_job_68e42672dce84dc79b206d2d47eaee6d,1
4458071719,canonical_job_c033297423224c70804761bc3903ad5b,1
4458071724,canonical_job_7b39c9be17fc433d87d8b34594a69d19,1
4458071727,canonical_job_b0276e92ea684a22b9c3f7d5be295fe6,1
4458071732,canonical_job_3cabef353a7e4c76baeec772f9dc9317,1
4458071735,canonical_job_054b862f9038429c9bcfe2325f6db8a0,1
4458071736,canonical_job_b4eb52d485344453bebaede306194e85,1
4458071738,canonical_job_c8bef32123d448afaeea7705ba67ce81,1
4458071739,canonical_job_3a98a4a02c8d4285a3fbc1f5533ac57a,1
4458071743,canonical_job_87c270ad63954950b7a3649efbabaa4d,1
4458071748,canonical_job_a83f25ecf4b24d0293d742d11b8ca01b,1
4458071750,canonical_job_c57edd0e980549b68b2f75ccb318af4b,1
4458071759,canonical_job_cc0d747cea704761bf52a889e3a6be61,1
4458071760,canonical_job_04198572bc9440af96aa522ac13a1f97,1
4458071761,canonical_job_4e95c3e9208f477b90a6d7d2ab75be93,1
4458071763,canonical_job_734fb08cf37748f3b31dcae6eafa18ff,1
4458071764,canonical_job_a5f09bbc9b07413cb029d919f15c53e7,1
4458071775,canonical_job_4d1402c177bf48e3a7d5ff4fda1a29e0,1
4458071776,canonical_job_f8911924386a4afbbad5715c97e1c220,1
4458071777,canonical_job_eccde30e3e3f4fa1af5eab7db03d1a1e,1
4458071779,canonical_job_c43467f0fdc9463081a41afded5b687d,1
4458071781,canonical_job_49f7ae4166d1484d9051be0e1d7fe5d3,1
4458071790,canonical_job_8800a20f80ff481f8a8187fed556393e,1
4458072623,canonical_job_2c1550b7a915432a94df4bdcdad4bf49,1
4458072628,canonical_job_ceea4f85a59d4fd4834d2a778f575afd,1
4458072629,canonical_job_d840ce59ca5041d4975ac9ef226ce9c0,1
4458072630,canonical_job_584687904ef94047a1b76cda654e7707,1
4458072635,canonical_job_37116be44b6547c7aee6b5bd99462d01,1
4458072642,canonical_job_1287fe75875a4d3abe37a2379f79e21e,1
4458072643,canonical_job_c3232c8ee8ad46ccbafc00284b92581a,1
4458072647,canonical_job_41d25ef6f8a04b428735f2b924e47ad4,1
4458072653,canonical_job_4cc26831ea124d01a2c94755beaee143,1
4458072654,canonical_job_d5fc1371c14b440aa709a12cd28ed07c,1
4458072657,canonical_job_604ba0427076458ead144f403adaf088,1
4458072661,canonical_job_9d17f76fdd3c4bb3b4c48ba33fd2b780,1
4458072662,canonical_job_00a2f5ddecad45f5b2f7ff6f7ad2f67e,1
4458072665,canonical_job_d8067f29da6a4bec8150d0916ce990a2,1
4458072669,canonical_job_54d631d7c16945bb869134cac7841a94,1
4458072672,canonical_job_a3efbd61957749748650ea7cee06e106,1
4458072674,canonical_job_e48579b8748646469109125dfcbeb077,1
4458072676,canonical_job_880cdb5a053e472087b7886f915901ea,1
4458072681,canonical_job_9db2c799ce9b4c76b000546ff2f13442,1
4458072682,canonical_job_6d07072b96524d18bf625168a7a13c05,1
4458072684,canonical_job_21d046c599b449bdab2000badc8b0c62,1
4458072688,canonical_job_4ae52d45bd48426dad923a1aea9d4164,1
4458072694,canonical_job_99c21d054d274cce819e34e278852c8e,1
4458072701,canonical_job_5f429ad689e84ecb97e356843dbb95c7,1
4458072706,canonical_job_7b05ec1ef56a49e38ed7ec73faa40262,1
4458072712,canonical_job_125e5b049a024f08a02810fdccb6aae5,1
4458072714,canonical_job_e0069c5fb8a245d29ff0c2855989620e,1
4458072716,canonical_job_aa29ac6c51494391bb2bb3eee3b5e783,1
4458072717,canonical_job_1069ba9979654eac912d6b26a9ac8d7e,1
4458072726,canonical_job_fd8f7448cb754b58ba1fe3e8d365a093,1
4458072731,canonical_job_774e76715d864fb3afbc2b943800c4ea,1
4458073660,canonical_job_0b75e575dde04b0cb5b38226b07053bd,1
4458073661,canonical_job_b057e98d201a42de9799bccedd8fbaf4,1
4458073662,canonical_job_85bb1d3603cc4b06a8355f13a4eb43e8,1
4458073663,canonical_job_ddfaa67a426c455f9b74748514f43ad2,1
4458073669,canonical_job_090ca771260846159a0de2004408b19d,1
4458073670,canonical_job_74718a6e0b504f1f8ce6e84e79642bc1,1
4458073673,canonical_job_742c4809e7a2482ebe5b27693843c955,1
4458073674,canonical_job_1293a79ae42e4e62bb5d11de8b61f95a,1
4458073676,canonical_job_eed518a2c95c48928b8ab866949ef766,1
4458073680,canonical_job_a9f803b65bbd49949cd61a8fd42bc740,1
4458073685,canonical_job_8de5f1a427d74ea99abd0d8fa674e0ca,1
4458073686,canonical_job_f21f35f5b3974af0ab5c5d825253dba4,1
4458073687,canonical_job_16cc1799744b431597a0ef1425e71745,1
4458073688,canonical_job_a035412cee9d49ce8eea152f50dff78e,1
4458073689,canonical_job_aa506c591ce94ca3a97eb9ca8af9145c,1
4458073691,canonical_job_e39f2db1b2f748beb51b006675c8ba8d,1
4458073692,canonical_job_c97eb51d85974645a750ef65797c32ed,1
4458073696,canonical_job_a44658ee1f4140d09a8861a5421c39db,1
4458073697,canonical_job_6d6434e8bedc4a8cb4880c2ad7f40127,1
4458073700,canonical_job_c98ce369da414b4f9ad7a83062edbb02,1
4458073701,canonical_job_3ffd918f5c614f068100bfb832f830a4,1
4458073709,canonical_job_eca5261217fc42ee94239f0aaccbb377,1
4458073710,canonical_job_1a504395313d443e867f3a19de85326d,1
4458073712,canonical_job_90a4c67200e54bb6809da5f44e35db45,1
4458073721,canonical_job_3ca0e60e9a0f40cb954a0f17eb267b01,1
4458073722,canonical_job_5e3a54e6894d4e95ba43b177648c9282,1
4458073724,canonical_job_3a5ce631a3bb4856bfb217dbb94aac29,1
4458073734,canonical_job_1c4a0c112f6243c99887fab854f51dbb,1
4458073735,canonical_job_19af4370b7fb444c9a4c5d6cb660d2b8,1
4458073737,canonical_job_bbcb6e4e08114c648955bf33fa49c9bc,1
4458073741,canonical_job_de488ec6cefd47dc8640e863e1616d58,1
4458073744,canonical_job_e54002f3dde9402894df89b93f42c0ec,1
4458073747,canonical_job_04f7067403e74cd0b52f1b868bec212a,1
4458073750,canonical_job_c968074ecc4f4da1be172a90c0659107,1
4458073751,canonical_job_4b38620ef5d74f49ae1d8276d9c3b586,1
4458073755,canonical_job_a6956eafa7c74ab8b915bccbd6c24a80,1
4458073757,canonical_job_7c1e59c7e412464794f7625dd95d7c6a,1
4458073759,canonical_job_6672190a0f8749ae88ac46c3cd5a122a,1
4458073760,canonical_job_b23512bd454344338fc3584a0ce07a5a,1
4458073763,canonical_job_c05b1729f1ca4e49bfa81c37e8cc2243,1
4458073764,canonical_job_e323f399a81d488d9068a851f2570bb4,1
4458073769,canonical_job_2d8b6958c7ae4ed99b17295fcd9c9786,1
4458073771,canonical_job_ac8ac0398b2d43f69491ba962ab4c5df,1
4458074610,canonical_job_c7cad87e9c344b3682334dde0a73ce4a,1
4458074614,canonical_job_3a4192b7179f47509bfd63a3fbb7a0c9,1
4458074620,canonical_job_47a0aa98abbc4367ad6be88fe266020f,1
4458074624,canonical_job_a7bb45b44bf349e0824a06e9f7ca6480,1
4458074629,canonical_job_1c414bcf51f647d7b6af81f19d2d6f44,1
4458074634,canonical_job_35c2a66e728145d48fb8cc7c309d70a2,1
4458074639,canonical_job_09cc078f23a3476baced07b835234ffc,1
4458074641,canonical_job_de66a9ad41e04fed9bee19f0290dbe8d,1
4458074642,canonical_job_51a7b356c20f4eba896cc1e1690d22a0,1
4458074645,canonical_job_f41987d93b134c488ad2d75810d67a41,1
4458074651,canonical_job_81a8cab17b764447baa73d509163dc76,1
4458074654,canonical_job_6366600e617849c3a46b1c7ef343f62a,1
4458074658,canonical_job_f127882c9f6044fbbcc813f132b00e38,1
4458074663,canonical_job_2323c590194f41679358367abc8bb65a,1
4458074666,canonical_job_b93d0d36459c46e388c7935f1c0b567b,1
4458074667,canonical_job_e8cf5e35d9864b5588b1e2fd3ff9da45,1
4458074670,canonical_job_053dd55d00d14d53a12547c0442ecbb3,1
4458074683,canonical_job_52d50942c0204c2e84ed377c4cb1d13d,1
4458074688,canonical_job_51f392412c9440fd9171860226221944,1
4458074689,canonical_job_3390de71161d481ca22759524c77f0fb,1
4458074697,canonical_job_43ece642c6cf4d70ab5bbc45b11533a5,1
4458074698,canonical_job_79fef0f2559b42999754fe0c281701bb,1
4458074699,canonical_job_947a7921645148159f7a21e6a7d8121b,1
4458074702,canonical_job_ddde472226634a7abbfc815b321d4bbc,1
4458074704,canonical_job_e77d393869064704915a145a6c78633b,1
4458074707,canonical_job_2395822938c2481d9140c5a15c207756,1
4458074708,canonical_job_9a93e8cc6c0f4088907d67fb6a02891a,1
4458074719,canonical_job_a81784399b8142848ccd50e1a9a1273e,1
4458075632,canonical_job_c6a49b3edd9e4fd59ee6c0628819a3e0,1
4458075635,canonical_job_21a3951c83ab483981c11b9ad5be147f,1
4458075650,canonical_job_c9daba49734644ffbf7042e7b4ebb749,1
4458075661,canonical_job_07c885a1b9b54c70a0bd63ca09baff64,1
4458075663,canonical_job_44b680df6bda4c1d8a1ced0afd8b3c52,1
4458075664,canonical_job_30d067235c2a4ea69f13f81d9ac63e26,1
4458075665,canonical_job_43cf1312a27b4d4b8d7fdee4d16354be,1
4458075667,canonical_job_911bb4c172a4463fb5caeb3f387a1247,1
4458075668,canonical_job_3b1a250d76094d83b84fd99917d01b53,1
4458075671,canonical_job_8f8e19321e1b4ed2a53e771fadbdc829,1
4458075675,canonical_job_31ceddd2d9944f0ab241119af35c30b6,1
4458075679,canonical_job_2d7b2d7db7604a48bae86d867f41aefc,1
4458075684,canonical_job_fcf6a08dd24d433d876c4d527b199d82,1
4458075691,canonical_job_98e6b83ae9c248178048ff59ba4b015f,1
4458075694,canonical_job_c29a6654b99d444ea23c524fdeb02459,1
4458075696,canonical_job_198a910c71874015bebde88253a98f33,1
4458075699,canonical_job_9fb7dfd98d884109a663ca2523a26310,1
4458075700,canonical_job_076405d1f7bf454fa6e028a5f6895048,1
4458075701,canonical_job_51ae15461f814b5aa88978c7ad66f05b,1
4458075702,canonical_job_59ede3e5241c48b99c283e1006899f2a,1
4458075704,canonical_job_51db3eaaf34e4ac08bee59d73dd029aa,1
4458075707,canonical_job_451b2f16f5dc4d92a8d6229f31c19acb,1
4458075716,canonical_job_0d33d06992f34b6d9b24f720baedaf84,1
4458075719,canonical_job_1875be0014da495fab46121c6ebb077a,1
4458075725,canonical_job_c3d229cf59524648aa0d80a2423d83af,1
4458075734,canonical_job_465f0f6bc016497fa1c9042fdbc011d7,1
4458075736,canonical_job_c37eea2d0d174e21b536e71ab553cc38,1
4458075737,canonical_job_f7559051407a4ae7871039ad8160fb77,1
4458076577,canonical_job_0248471bdc7a4d2cb9e51a6f3750476e,1
4458076585,canonical_job_882da5d1f1974403ba1dc46066b48d8d,1
4458076598,canonical_job_f2451cdcb0fb4d90a3005bf28776142a,1
4458076600,canonical_job_0d73d350bdb045fe896a109e33e06521,1
4458076602,canonical_job_03542351ac5b43f3b80c7badf4bb44b8,1
4458076607,canonical_job_0eedd89c7e3243d38f3f58d535c056f0,1
4458076610,canonical_job_f5aa72953db24f668d8ef7646dbe77d3,1
4458076615,canonical_job_f85842dab1d143fa8234127696aa5a9e,1
4458076618,canonical_job_392f3e6281ee4867bdf3056f977e548e,1
4458076619,canonical_job_72291598a18e4337adebc548989219c3,1
4458076621,canonical_job_c424b8fa803f4d7885e19161f885d497,1
4458076624,canonical_job_94c745c7f9d8429f9ae454e2f385c351,1
4458076629,canonical_job_40249106a3fd406c9ecc2ecfa4a4e2e8,1
4458076630,canonical_job_29c8debd702343a1a5b3bedfb09bdb29,1
4458076633,canonical_job_d73b6f340c6f475592b9840967ee9e47,1
4458076634,canonical_job_75ba4076388841c0bb1a8606d19e96c1,1
4458076642,canonical_job_f04471911ccc40d493586ed38bcf8107,1
4458076645,canonical_job_ca4b6376216d43afa97b4450a053e35f,1
4458076649,canonical_job_290e22b9a98a40a89e19254346788456,1
4458076650,canonical_job_4cf7f35ef5914eb9a8961873fd3c3fde,1
4458076654,canonical_job_e8a9245920b540c995ab199a3379dfa4,1
4458076655,canonical_job_7bf6daf44f8f4cc389da6b255126163b,1
4458076656,canonical_job_22868c1acee5436887c4abac04559940,1
4458076658,canonical_job_3cdc51f307b44a4799e2209462dc8ee6,1
4458076664,canonical_job_53e64acea8e342e394cdfcb8a4aadf49,1
4458076670,canonical_job_d9c9c3a015ef41fea2bcd3acf9d1004f,1
4458076672,canonical_job_866ad426601c443a80430763f1cac3a1,1
4458076674,canonical_job_29334221e6ae406ea72f066614dd71b6,1
4458076676,canonical_job_4b70f4267c954ff584965f42a64a6926,1
4458076677,canonical_job_8fe796053f9c4e32b6f98671928f20de,1
4458077643,canonical_job_072df0745c41412f8075208a6852cd54,1
4458077644,canonical_job_d199d1cf34054e459a1d73b6e09ab351,1
4458077646,canonical_job_2d4cf65c415749c9884847c7808b261d,1
4458077649,canonical_job_d2d0eec69dd34fa184e1dd21e79c2485,1
4458077650,canonical_job_c12eb1472b294b238bb5fe5d5b353580,1
4458077657,canonical_job_6db1c59782b14029810bce76dda3e0b4,1
4458077659,canonical_job_e1c79ab2781144a78d3f3a97c57a2673,1
4458077664,canonical_job_cdba434265a04d49a70dddded0a4a860,1
4458077669,canonical_job_99dd206fdfaf4b61bc7d403c77b17df7,1
4458077674,canonical_job_22b3b44c0fb6463ea9bacc31877e45b3,1
4458077676,canonical_job_f25cdd75651146d390c39522c1257228,1
4458077677,canonical_job_8ae63a5b32624da6b27ad8bef8fc5a1d,1
4458077683,canonical_job_2fdc9da9be0f4cac80c2eb91eb66d6a0,1
4458077686,canonical_job_615527e81c374455a33be67107b0b1e9,1
4458077692,canonical_job_e43942fb28a04dedb1b5ff0197cde1d2,1
4458077697,canonical_job_b6355c760dac4cf68ba8422222b34f6f,1
4458077700,canonical_job_e388f7df4bf64b0caa63b3e637f55de3,1
4458077706,canonical_job_e0eb65cef1564a66a9e3ab6d99b308e3,1
4458077709,canonical_job_e5e28b45a27d4045b30bc38ba14c6d99,1
4458077710,canonical_job_857950fe7ef644cdba44f80800b265e9,1
4458077712,canonical_job_f6528ea3250c41f293bc121b8350cf84,1
4458077721,canonical_job_c87be4e304fc47cba1e6a2560adccff2,1
4458077730,canonical_job_fb049e74e46d42fb80a63a0b131a20ef,1
4458077733,canonical_job_b245ccaeea9442ccbb5d7078f4b93a05,1
4458077741,canonical_job_bbc0ce39e9974be392c79bd890f4623e,1
4458077743,canonical_job_623dad6fc9594ac2abbbbff6a8573ffe,1
4458077745,canonical_job_6c39842b43824c82ab57ebc2b1c9f31a,1
4458078590,canonical_job_56814568f0b84c95990d51e560930e13,1
4458078591,canonical_job_23a4abeb829e4ccabd2b358655c55279,1
4458078592,canonical_job_28fdeebfb0194546b0dc2c0a61909c90,1
4458078594,canonical_job_a530b7fb82d946daba770368fe0d7d8c,1
4458078595,canonical_job_0bc7d87999ed4f948eb620b29ddb836e,1
4458078602,canonical_job_9594cc3cb47e419bab20edc9f86a0059,1
4458078604,canonical_job_09a0d54e22c64a0dbb88baadc02c9585,1
4458078606,canonical_job_66002d378c27406da3962e1540707246,1
4458078609,canonical_job_bee65ee482cd4095a754d3018958fd1c,1
4458078614,canonical_job_79f4e5bb7c1e4639ad229d0593626bc7,1
4458078615,canonical_job_7e1ae367e1a34b89a0a63fb32fd68d9a,1
4458078617,canonical_job_8203863e65be451d894f6a2441af55bf,1
4458078619,canonical_job_30c42c69976440e797de34ad33b79d90,1
4458078626,canonical_job_7cefb417449b400a96a5892770cf5f9e,1
4458078633,canonical_job_8b4a67438df34efd98ce636c49729707,1
4458078636,canonical_job_32707c538eae4d2e9050b745a167242f,1
4458078638,canonical_job_45ba2c7674aa4ecea9695fd16ee733eb,1
4458078645,canonical_job_bdbda0e710bc49298ec516ccd793b639,1
4458078649,canonical_job_e560e95c24d54bb99a6602718ad24002,1
4458078650,canonical_job_6acdb685975b4533adf6e14476b2fb26,1
4458078656,canonical_job_1836c86cb006421abe2e00f384d55220,1
4458078661,canonical_job_f71084bee184490a9ab9e16bdbec098d,1
4458078662,canonical_job_422504dc1a0248339ca26bb329acbaa0,1
4458078663,canonical_job_3211d4d1e68843cfa63b30f8b0071987,1
4458078669,canonical_job_dca75d9f008846e49308f440bdd635a8,1
4458078671,canonical_job_1c4d88bd96384c73b897712545649569,1
4458078689,canonical_job_42340723dfcc4504b062341dba1df707,1
4458078690,canonical_job_ce1417c3300d4ef1bfd435fe3c9f204c,1
4458078693,canonical_job_26998afb684f4231981c6f3b77b5fa57,1
4458078695,canonical_job_89b4df9505d7453b8bcc8e57611101cd,1
4458078700,canonical_job_1849288d19a248bfa9b5952b001a437e,1
4458078702,canonical_job_b9665cbd9057472ebf86d95a168f5b82,1
4458078705,canonical_job_b45ed7c5d5784866a63eb10216c6ddf9,1
4458078707,canonical_job_70d24ccf75dd4fd18766216db5334803,1
4458078708,canonical_job_a7328a95a75843189a7d1bccc0295843,1
4458078709,canonical_job_3545882cf8894b95a313d0b9148b84d6,1
4458078714,canonical_job_5eec0e98655545e59dafbefae65380ed,1
4458078715,canonical_job_ffd27a5ecd9d47f28d45fb1befb65ad5,1
4458078717,canonical_job_8559a2e8a7fc46eca3ac57f0d05f1f5d,1
4458078719,canonical_job_3d7220113a5743b48b228b0b4d59ce1e,1
4458079590,canonical_job_e65a60ebfae244d1aecf369c4a9eb405,1
4458079593,canonical_job_a730219190a64bccb14c250f12ffbd9c,1
4458079594,canonical_job_63d4ec8f176440aab4475282090faeea,1
4458079595,canonical_job_f3e106971d8e4804a26ec11bc00b46cd,1
4458079598,canonical_job_702056ad42274c5eb3b847a8f3cd86e6,1
4458079606,canonical_job_e204c144499549f08699d78c5742682b,1
4458079621,canonical_job_63f1f03df6d04a0bae2628c4efca9081,1
4458079622,canonical_job_cd2b640186014b7d87cc2eac2b48b2aa,1
4458079624,canonical_job_379f65257633408fb96aa0baef976e32,1
4458079625,canonical_job_570788cb95244b0ca709ade8fc00de10,1
4458079628,canonical_job_e7aa6ae6326e4248909c90dd5f397a27,1
4458079629,canonical_job_aafb9d2605c342c4bfb1746bd76ebfb5,1
4458079630,canonical_job_ad06dbbe61c647658114f5a59788a635,1
4458079631,canonical_job_7f4ebd0e1f5a4bf68ce1341cbac70c09,1
4458079633,canonical_job_70b00510697b4372b3d6cb4a21333dad,1
4458079634,canonical_job_925dbb8488184d7990f50279156991f9,1
4458079637,canonical_job_994a72c89c1d4814bc4a58faed2025e7,1
4458079638,canonical_job_02863dfb74dd4e83a18e97113f92ccfc,1
4458079643,canonical_job_8300e143544f4964b02665553f464a48,1
4458079645,canonical_job_46e2f8cb7f0e4173ac516d9a46803397,1
4458079656,canonical_job_fbb4758ee81b4d9582696bdad09911d0,1
4458079657,canonical_job_fa22e06213ef4cc080403de54fb785c6,1
4458079663,canonical_job_205014a604f64ad7b864fc30e035f464,1
4458079664,canonical_job_931e710f760f4be7a3aa61d9fcd49046,1
4458079669,canonical_job_6b855cf8d56d4910a135c4cb2edca0a2,1
4458079671,canonical_job_783ac12f192d49fda6bb4ef8e41de5fc,1
4458079674,canonical_job_10444229300c45ea95d5a0486d2738e6,1
4458079676,canonical_job_454645a74e7d4c20ad61544c6e09c8a8,1
4458079678,canonical_job_712875da1a1d4ef48547b2c394c90c94,1
4458079679,canonical_job_29d5084c86b04ccfb5c876a4b8f0021f,1
4458079684,canonical_job_b1738b114ecb43b986f84fd218e747d0,1
4458079685,canonical_job_4f6afa4efa3049e1a2a593b39c90325b,1
4458079686,canonical_job_11d2f90e678e4909954974ec38d2f5ef,1
4458079694,canonical_job_41532cbe50654bb5b0f7f14648c86dcf,1
4458079699,canonical_job_506ab459e0ac44419f7f967403911024,1
4458080601,canonical_job_c2e883e438964e6a9092a45b6fc20405,1
4458080605,canonical_job_dac14e0ac4ce48408efb00dfeae1513a,1
4458080606,canonical_job_1e9a2c41498b48219b6c5b4137a0d440,1
4458080617,canonical_job_202f33e854b944e7b7642911985eb59b,1
4458080621,canonical_job_9419c2887bde4f5f8266fabd319453d2,1
4458080622,canonical_job_2c1b9124f8ec44b78b2b463aa7b1e8bd,1
4458080626,canonical_job_96aa73b207ef41c4821fc2fd17bc2c52,1
4458080634,canonical_job_f20282b8ecf84f2e984471312858028a,1
4458080637,canonical_job_65e7c784bc3a4eba8098882fa539ca71,1
4458080644,canonical_job_29febc17964441ae812aaaecbca31b21,1
4458080645,canonical_job_41977cae61e8441ab5b3711e6b887d38,1
4458080648,canonical_job_1674900e47e545d9a3f5805017030261,1
4458080649,canonical_job_83ea7ded9bdf4b28a4caa91506101276,1
4458080661,canonical_job_b394e34bc071426db52c8bea8c876640,1
4458080662,canonical_job_78225dc48a0b4940859a8a973edb03f5,1
4458080669,canonical_job_5382152571554d3ea6ff62f49fe27cc0,1
4458080671,canonical_job_af50e71aa11246d49924225d021ff49b,1
4458080676,canonical_job_665391c9f4f2429a9bad906e014ec63d,1
4458080681,canonical_job_22417766b0054715be3221b1e0430435,1
4458080686,canonical_job_38cb620096004385be5aaf4809565d9d,1
4458080687,canonical_job_027db24186d1438cb7e7d6b5bcfecd46,1
4458080688,canonical_job_30f8c54b26e5435496d604d559fdc219,1
4458080692,canonical_job_8d4115584b534d209266dee07a4c8211,1
4458080696,canonical_job_d8d99f3bbd03445a9af005fa88814a10,1
4458080700,canonical_job_515890a998f542c4bb954cfd293f7360,1
4458080702,canonical_job_c133edf749ee4058b882f470db35928a,1
4458080703,canonical_job_96ba24adcfe04bd499543470acc73f8f,1
4458081611,canonical_job_523a0bb280cb4471abea6e0857914ac8,1
4458081614,canonical_job_e00f169e586e4857a7ab3b44bebb8c2b,1
4458081615,canonical_job_3227c2518a334dbab7c9ff2c5f6bf5a0,1
4458081616,canonical_job_155bd1c22aa241ae8a5ef8515ebb5f35,1
4458081617,canonical_job_5d11184b7e1b42e7acb8abe8162b3da0,1
4458081621,canonical_job_8cebdade17ac44f8ada2732bb92aa65a,1
4458081622,canonical_job_96e12101484a4ea3a473a71e41fd9019,1
4458081625,canonical_job_01de7fdcf6f74630bb286ffbff394c03,1
4458081632,canonical_job_924a9b2b9f1d483cbf9bf343f5a5d72d,1
4458081634,canonical_job_6e522166d2344981a505aa42aee527d8,1
4458081635,canonical_job_cb2257a50c404f609c88a0d0c8a647a9,1
4458081640,canonical_job_2b0e1ad35d9d4e8faa8f2b3b499435b1,1
4458081643,canonical_job_964eefedfe7e4825b3fbae78c8533f6a,1
4458081647,canonical_job_5bef74524d624a75a3ebb26cfe085ae4,1
4458081650,canonical_job_6463d6b9bfcb4809a4bfee0d31de9ad0,1
4458081651,canonical_job_8b00d8fa0d2d4e89b2a4547efe51c320,1
4458081653,canonical_job_9484c5a59c9f40478aa02ff836120ef8,1
4458081656,canonical_job_500500fa3a7e416ba2fc3b10a365b4bb,1
4458081657,canonical_job_7751cd37d7584a9ea7584fe6a9817208,1
4458081661,canonical_job_581e3cbef68b4f339b1391d1cd46ecf6,1
4458081667,canonical_job_da3a84446a7541cfaec47baeb49323d4,1
4458081668,canonical_job_300e0d1b6ab14d3f8ee6bd37889559ad,1
4458081670,canonical_job_08a56dd3ba534f50aaf562ff202ec8c4,1
4458081675,canonical_job_2181e864c96149d7a505bf6f5d9c2de2,1
4458081682,canonical_job_7346940fac6548b692986d5fda1303aa,1
4458081684,canonical_job_e30c8f9d3d0443a3845fe58645d55096,1
4458081689,canonical_job_68c53431a9c248519f3ca3897f479d2d,1
4458081691,canonical_job_0fb55cda7d0d42fb9bf48669f8d5f01d,1
4458081694,canonical_job_a0ddfc2cf85542ebb61bc7b3ae6fbd95,1
4458081695,canonical_job_f51df4484ae3428ab39a63409092ec28,1
4458081700,canonical_job_c3f7e46f2d3d49d98fef693b10b57c53,1
4458081701,canonical_job_3e4711ea689642c39802e1e6c911d0bc,1
4458081707,canonical_job_0af040d7752642c2889c2daef2d06394,1
4458081710,canonical_job_b3ae2f5b8ac44144a79eddcebb2f4b4e,1
4458081711,canonical_job_e66fabaaedf8463c847fdefa5fede5e2,1
4458081715,canonical_job_015ae83c71ff47888012bb2db87d31a6,1
4458082575,canonical_job_6e42c713242a4721a6f258d8fc17fcae,1
4458082576,canonical_job_ca6b68e7a6ad48aa93e8dfdf28f01e9f,1
4458082581,canonical_job_d5e8763f01fa4dbda3d66d44f9774ea1,1
4458082582,canonical_job_9a7a31090c444d16b707ff552b3291fb,1
4458082584,canonical_job_1e1984a3ce17421ab959473dc6940d44,1
4458082587,canonical_job_a523dc75c94d4e87a240926e1dea6a3e,1
4458082588,canonical_job_070cb01ae5034418bbba521457dd8c10,1
4458082594,canonical_job_e0944d2e260940758365b2cd4974566e,1
4458082599,canonical_job_bb2d10c8cf374b9fa90b090de902cadd,1
4458082600,canonical_job_c2d53d06406647d4bf58aea800811231,1
4458082606,canonical_job_e8ecaaa414584b43acdbf302584d282b,1
4458082610,canonical_job_1430ba40dd8d4f07852a383ed82be391,1
4458082611,canonical_job_f799b9019ba4468b8f0342cfa4c6e813,1
4458082613,canonical_job_c5c7580faed847388dbb4080f816c7b0,1
4458082615,canonical_job_ab49f440eea04970ba6a34efeb6b7266,1
4458082616,canonical_job_9214e1908d0d4913a55891c442d4a8b7,1
4458082617,canonical_job_8a8c44eef02c44609112069ce452ec5e,1
4458082624,canonical_job_852292dc87d643fcbbb3a4648ea913ae,1
4458082626,canonical_job_46242b6fe46e4e23ab8f58d740b0e035,1
4458082631,canonical_job_2d4dd58bc2ce45678acde0cbd093510a,1
4458082636,canonical_job_98be22f51f8942f483628eef8aa649a7,1
4458082639,canonical_job_c8b16f4ff88b473885895d0be775458f,1
4458082646,canonical_job_5815685db9b947bbaf34e4b7f122d8d0,1
4458082647,canonical_job_e4d53dfb34514cef9daae3a77b51bd6e,1
4458082653,canonical_job_fa337513713b4a1cb3054de54bb99909,1
4458082657,canonical_job_7bc0d00c0d154b43b6c4588a82e3f1a4,1
4458082671,canonical_job_a44bcf705b2b4c8ea1dafc221a7f4203,1
4458082674,canonical_job_75bdf155080247c1a4646e83a81d0dc8,1
4458082675,canonical_job_a63a5d6763d74ae8a1ce210fd0c2c5f2,1
4458082679,canonical_job_044e7e681042445ebc1a5eeac72624ef,1
4458082684,canonical_job_36e1d7bc71c842b3a0553e81cb10d12c,1
4458082686,canonical_job_0ae772b05543499b8528a77a66d18c6f,1
4458082688,canonical_job_84d47c4e38054428b5568ca760e0aef2,1
4458082690,canonical_job_cef468cc253f4730a1702bce2f32045e,1
4458082693,canonical_job_fc65c92f95a64a6987abde4f1f24c6ca,1
4458086915,canonical_job_27201e02afd5422290f91eb7f7a731a5,1
4458087957,canonical_job_a857445cdf824c1d84fea911aa87ee14,1
4458088933,canonical_job_1f7fb6a6f89c4bc8ba460884fedd46dc,1
4458093932,canonical_job_c9339c871b624967a8e264b66cdd4bd9,1
4458096889,canonical_job_4bcdf7184fa74fff90fe9656843d4fdb,1
4458096894,canonical_job_f44d730809f44173ad72ad187a7eba43,1
4458097869,canonical_job_4bd9d983c29f44e190731f70456c360f,1
4458097871,canonical_job_ee0b21fa634a4f01990d1b097c96378d,1
4458099914,canonical_job_9680fdab62c0458e82ad286297162f0a,1
4458403778,canonical_job_408443680857401e959f86a756d18dfa,1
4458404832,canonical_job_498c06c349a24486877767103ca70301,1
4458407082,canonical_job_1da26116ab584a1387e1bae8619f690b,1
4458467779,canonical_job_d04882e75672498f81b3656df002e9c7,1
4458472760,canonical_job_dba90616cf5a4fd19396a7d6c217172b,1
4458476655,canonical_job_faf5cb7028e644ffa4a15f5c0540decb,1
4458478648,canonical_job_9d9985d559624019ad408958756a75c9,1
4458479385,canonical_job_317d7836f3f541519c7438e95f4235f6,1
4458480316,canonical_job_70b19538ceee483cadcf569dc0727087,1
4458483186,canonical_job_d838a2f53f8c4654bce22d05b0a4c637,1
4458485195,canonical_job_f2c9ffbfa31041a2a45f82face6f8fee,1
4458485196,canonical_job_f6b4f84a642746538abc43fdaf463a57,1
4458485200,canonical_job_6f34e700e5ff487b8b43431c92db4d69,1
4458486171,canonical_job_483c0e882d13477b8ef31e5e9ce40be6,1
4458488159,canonical_job_e7e48e315a924f6da4a85189b732e924,1
4458489156,canonical_job_c81bf8ff5f604ed9abd284320a9a3fd1,1
4458489158,canonical_job_bffd18ef827c450c99bc1fd8ea24e555,1
4458489159,canonical_job_11bed5ba649c4add8ba4fdd833955e2f,1
4458490171,canonical_job_d04e7e08033b4c039fe43b931c692a12,1
4458497089,canonical_job_1fe5bd23dfde4fe195f813d0b34f2a6c,1
4458499065,canonical_job_a599b6e2866a4a128183fd4389168fd6,1
4458800029,canonical_job_faff0d44c8c443e8a03f81e221e51b6b,1
4458802022,canonical_job_83321d6ba66a4d859b78845cc3042c2a,1
4458831986,canonical_job_39ee68f4c9674957ad9b038ce623e3c7,1
4458831989,canonical_job_8c0a6364e0ee412f812e7be2bcc61b8b,1
4458832766,canonical_job_bc0ed93249d74126abc6a120fd6010f7,1
4458835961,canonical_job_a0c68469c11e4c2f816ad3d631b923b4,1
4458837659,canonical_job_4ce0ac28a5514db7a937942ec9529583,1
4458847888,canonical_job_4423cd16e13146abbfa221d66503e75b,1
4458879718,canonical_job_1f9a48483eb94c61880212d0db7fbdc9,1
4458882691,canonical_job_ef49a96c1cd3448a900d4759caee066e,1
4458886627,canonical_job_e22b7c56d86c4fd5917f17a6d3094e52,1
4458887661,canonical_job_11fd09b5efa9408d9004b1f878a5c130,1
4458888626,canonical_job_1e10014e96a64f0a8efdc882f1b0e635,1
4458897570,canonical_job_ed200d8411cf47cbae1e090fb1a1a2df,1
4458899216,canonical_job_eb0c2201c292427795490696e37f8850,1
4459308359,canonical_job_78041dbf8ad2479dbe1256620c7674cf,1
4455302168,canonical_job_9bcaad034fa94d23a1e43fc1f71961b7,1
4438474003,canonical_job_ce9b8b86b6544cbca5ac0ca53f2a4125,1
4438795098,canonical_job_7f42335e20364139b274bd34aa021ba0,1
4446710931,canonical_job_9fe63051a49b4e8c9109558973873c4a,1
4451182612,canonical_job_75f02cb0d9ea415397f2f7fa24385da3,1
4457828222,canonical_job_63b841ab9fd24b0fa1ef37a2ecb90ae6,1
4399951748,canonical_job_c15f3d49c9f14275b09051fd99882934,1
4384817292,canonical_job_22c1a320d456404995817787f9c67dcd,1
4384867950,canonical_job_22465871920d41a5b82f5c5ddd5db1ec,1
4413974708,canonical_job_ca5892aae2254b05af24251edcaaf1a2,1
4426318795,canonical_job_93e49540420e45cfb6628ba54fc406b2,1
4435881274,canonical_job_dedb3c27987f43398801f3ea03da4e05,1
4455300390,canonical_job_3e59d01d0b914839817a68e10de44b65,1
4458274766,canonical_job_77f0700a865747edb775100272315775,1
4263495616,canonical_job_0038249c5dd645d48178e2d1d561aceb,1
4294427805,canonical_job_32340de8f93f4cd18114af3ae8c4b147,1
4382713728,canonical_job_369809e742cc435d9071d6dd097d34c2,1
4382725191,canonical_job_d3350fbe09a44e0bba8b1e03944c17b5,1
4408117347,canonical_job_111bdbb656c34d1cb937f3aaaabc8f4e,1
4413652231,canonical_job_9b6ac6fd926f40d0b174601b412a7952,1
4444171680,canonical_job_b6d94a1b5adb4a3f9bcddecaa571b96e,1
4444178545,canonical_job_7297bf1a4a134d1790187ec1a9a4da58,1
4447302434,canonical_job_724fa131052544bb95d1ad388f422767,1
4458803145,canonical_job_9d7645fa284d4bc5bfa737749a2dfa45,1
4458804145,canonical_job_345d8addc0454a549e782f7ab6e8ab05,1
4458806144,canonical_job_98e9b98ed6cd42f4a5d6560bbbc6b3a8,1
4458806145,canonical_job_627fc698a527418d98cfebb393411bf8,1
4458809220,canonical_job_b3322f2096074064bf7d59f180633e0b,1
4458810183,canonical_job_3466cd4b87954e79b90942432e77e62f,1
4458812133,canonical_job_9120540411d74c5c95ef0e2e4e1ac375,1
4458813203,canonical_job_ba60877cefef49f3b22a8d669d30471f,1
4458813204,canonical_job_032d0cf1faa74415b2cdc542de8c15d0,1
4458814156,canonical_job_271beb81953548e8a027ce64a683bb28,1
4458818219,canonical_job_8cf51a6671634d0d9a687c2b126f610e,1
4458819126,canonical_job_668ae70bbb6c44f0bfa64cdaa44a5b75,1
4458819127,canonical_job_0cf4062263814ab4bf3f5281311348f3,1
4458821143,canonical_job_63c4f3fd189f42f090a418673708ec60,1
4458821144,canonical_job_ca9ed61d859a4bc99ef21a17ea8c6128,1
4458821145,canonical_job_44e903a9827145258b776f3d56844c2d,1
4458822144,canonical_job_58fde9d923d14cffa37f8481f646d7a8,1
4458826147,canonical_job_e80c918b2f384b45b9089b60162a77d1,1
4060380941,canonical_job_01a6ee9c48ed42dcaf8fa879974afc57,1
4263282950,canonical_job_a8cd5ef7c351409a80fb448df17fd58f,1
4362141622,canonical_job_520d70a9b50b4f03a4cd0d9d49fdf9a5,1
4368704743,canonical_job_161887e953c64bdb9077b27a550f6383,1
4385279533,canonical_job_7e1054b59ffb49c194edfb8333cfd615,1
4408646803,canonical_job_69bc7ce4ba0f4fe5a4135fb9e3f7af03,1
4412938046,canonical_job_8d9e4b12ddb24fcc88d68dffe981b543,1
4436734495,canonical_job_35ff4d8aebb14394b91a2f76c2849853,1
4452385321,canonical_job_cc3a638eb93640a1a526a5cfd452aa53,1
4452389321,canonical_job_8b54cbb478c14ed2a90e2d70d3253837,1
4452391314,canonical_job_8094ce2fe0e04b99a940ad1fd532ac90,1
4452392325,canonical_job_3448282a77294d6a8b510ed0454e1dd6,1
4452393268,canonical_job_7d65e33bb3b740368dd11ef12f313cc4,1
4452395262,canonical_job_59375cf54345463287005b50d4830fc8,1
4456220589,canonical_job_16aca9bd719f431295dbc9c3272caa5a,1
4456259566,canonical_job_1a74ba82fd20420ebf4f9fb4d7c05ab7,1
4457334344,canonical_job_e6a9bee891384865b2578ca597d1a744,1
4457348287,canonical_job_c90c43789e0a43d2a20dd7905ce7c712,1
4458960463,canonical_job_e6fbcd312ccc4d1084e413efb3259b4f,1
4460330889,canonical_job_312bd58efdb847db95f523d025761a50,1
4354519672,canonical_job_761c479174334f81a8e354da015b4d8e,1
4354588841,canonical_job_bf4ccc685dc443dbb27a5c639d942e47,1
4354598712,canonical_job_519a43cb98d8454fa063213d30931dcd,1
4354627086,canonical_job_34acb2f9216f44bbb957c01fb1f7ddf0,1
4354692502,canonical_job_0cf965433ecd44d280aa0a7da7898b13,1
4377861667,canonical_job_269c248e0e2d4adc95314badae55db59,1
4392916747,canonical_job_6c58cd902720462fa6377dd8567e059a,1
4398542865,canonical_job_c31450c5a26a4f1ab7d33a5da624bd95,1
4401769577,canonical_job_e06b2f9f3f6441b598d8ff35785f3862,1
4428858518,canonical_job_91e4476dbb0c4dd3ab7877e30b3965ca,1
4430983101,canonical_job_d5db3f3df4a84595ae50478864dbcda7,1
4430986021,canonical_job_8910d3c411c84037bf0032faf1f18a47,1
4431273342,canonical_job_31d84c62f5ae4c77911074ad14d0aa40,1
4432595367,canonical_job_72e09dba416b4f5aa3474f6252b67fd4,1
4433883153,canonical_job_e13191704e8b47d2a3e8c442e84da54a,1
4437803544,canonical_job_9a8c9573139d4c0fa3689bb0eaf56dd2,1
4437804494,canonical_job_518baf5f4b2b4e088c20b1692b01e855,1
4437805474,canonical_job_d56dbc85e91f4623805d94e5dd35901b,1
4437810408,canonical_job_484451837e5e4c4dbabd04657d9cfc97,1
4437811297,canonical_job_734509b481324296af51784c42239359,1
4437812264,canonical_job_c8af1e6dd08046a6a815a8fcc28b0150,1
4437813259,canonical_job_49f02049f13943319ac624bea0dbec80,1
4437813266,canonical_job_ff7ad3b96ae94fdd8642476adbd04496,1
4437814267,canonical_job_b312e24ff0a34401b5fe4e26c753ff94,1
4437814274,canonical_job_a7e28ebd9e584b59a560ed4886e70bee,1
4437815191,canonical_job_ae810fa4d4ae4526860a4f85993bab3e,1
4437815199,canonical_job_781dbb0ad40745eb82f684a4eed5e288,1
4437816133,canonical_job_b01c542eeccd4809baeecb7bf7b69304,1
4437817082,canonical_job_1f74074379df4fc3a714c05c3ca2ba03,1
4437818023,canonical_job_db08b9f9f73d45738f3c26fc266013f4,1
4437818034,canonical_job_fef9cb5d44a44b6ebe9d70017b241751,1
4437818038,canonical_job_45900c8979f744d0baa58b7013b15842,1
4439099535,canonical_job_cc59eb94e031424db2741e29f136ebeb,1
4439301453,canonical_job_c266c95d1ed0419d939428fdae54e368,1
4439303374,canonical_job_0f711fd585f14634afade75535141e93,1
4440063006,canonical_job_cea57266e46948fdbd1667eb727e50aa,1
4443393921,canonical_job_8cdfcfe7a04e45c39242bf6f6186d82c,1
4443395896,canonical_job_054609f5ecf94264b8ac5ba1dcefe3bc,1
4443395911,canonical_job_be5251575d264eeb9466ac8b12d2f1a2,1
4443398833,canonical_job_520afe51e46941fa884b85a90445e925,1
4443501688,canonical_job_bd7e04c779b742a989c3095e0a0977a8,1
4443501690,canonical_job_04e8464fe97e4986a3cd4d9830ef9361,1
4443502668,canonical_job_57d79b53479142af8bbaebffa5ce596b,1
4443505699,canonical_job_bd1c9321e1ac4c84beb4d7ec421d52d3,1
4443511200,canonical_job_8111dea18a194cc4bf6e40ccc5592d12,1
4443512194,canonical_job_4c9b643f0584426ebaaef72e325b813e,1
4443516024,canonical_job_eb634ed5a09446e087793b7212bc7cbf,1
4443946405,canonical_job_fb55d98c72da46bb8b1f0bd5d712de51,1
4444980923,canonical_job_708491c6bd5649a6a034fdc41a2784c8,1
4446178602,canonical_job_536b0d2af34b43ac89ff244a7e879601,1
4446195016,canonical_job_027a040169b549ebae8ca47aa16c5ef5,1
4447732821,canonical_job_cb35cc6a3d5f4b65b400ea1ac4ac2c41,1
4447743612,canonical_job_48aaf04ed1e246148e1bd77367427d6a,1
4448932556,canonical_job_accfcff412044d91a67bd1c70abf87f7,1
4449658063,canonical_job_91a494bcc9c444afae08b625c2f4cb1b,1
4450023985,canonical_job_e0c62cc585eb45a6b8b999c8bc7ed254,1
4450039427,canonical_job_9bc5975fb3884d5ea6b995a915d8ecf0,1
4450718500,canonical_job_7499b72494554a09bed7fe93f68f3893,1
4450720477,canonical_job_23758037e4fd449383b940c301c2c7c5,1
4450725323,canonical_job_ba80bbdb107942e58b8f58c8f3232b9c,1
4450726294,canonical_job_939536d0ef3b4c61a6b7f1f88278dca6,1
4451545987,canonical_job_d777901541df49de87ab6125c1c443d9,1
4451549755,canonical_job_2a38ce9b67b64d60a45feb419476f1b5,1
4451549758,canonical_job_ebc7a7fd28b449c78be20ea7606eec02,1
4451550727,canonical_job_eff21a3923374754ac773a27b7b55c55,1
4451550733,canonical_job_342de3eb14ac4a36804e11dab2f1cadb,1
4451551520,canonical_job_f9a28d24b17f431ebba5008de33f231e,1
4451556407,canonical_job_cc1df5cced3847099703c31286fb2262,1
4451562162,canonical_job_8f488c96e835486a9a249699cf70f2b7,1
4451569004,canonical_job_42458ea2019b44e3aee01d41718cb733,1
4451602608,canonical_job_32cff7570cc14eaf94569e191976a722,1
4452331358,canonical_job_a19c1948bf264e5f8e8bb4be99ff9c13,1
4452343326,canonical_job_1b09ed39206e499695efa1f2980fd414,1
4454042434,canonical_job_cbc5e1006b6e47448270459b3e52b88c,1
4455766595,canonical_job_f71333bc88f249ac864536bbc5cf423e,1
4456738344,canonical_job_56bb609015a7438da43e3be148d37987,1
4456890593,canonical_job_104ab599dc074efbb20a9da2848d0dc3,1
4457551709,canonical_job_a663e5abe5524871888716ea52a013cb,1
4458781124,canonical_job_c95c5e54e07141349c308fa46a8df7d2,1
4459316137,canonical_job_e42cbd629732490e961fb81db5f8d07a,1
4459600918,canonical_job_4ef3ccc1632944ada0359bd7617fe6e0,1
4459636605,canonical_job_80b6fe7a262a46bbbdd9c74b28d817e9,1
4459801472,canonical_job_ac128041232e4577bc3a0c27ad143666,1
4447262681,canonical_job_ed9bcdd04f6f4a71bc4bf4fb7f3c8855,1
4447268639,canonical_job_6a5694e8a55f48ab84d5c5f19f87a76d,1
4448158028,canonical_job_e54a339b5d584b6b97dd86baef79c2a1,1
4448827605,canonical_job_2cda6f41dd5645588303bbaa5cbff9ad,1
4452092646,canonical_job_625c4d9ad3b14526bc674bddfd4280f6,1
4457886541,canonical_job_13271fab5ad74cb8b2ff6bed2a79e298,1
4458708093,canonical_job_5b16584e21d64926a08e709f70bb0aea,1
4458708094,canonical_job_cf56afadf63c4463b464737531f3ba6e,1
4459155114,canonical_job_ce438a3001944e3da9e0181487da9e4c,1
4459682140,canonical_job_c3dbcba223f14285b7ca4b304b65f616,1
4460867811,canonical_job_f953ba7588404980bff60378182bd5fb,1
4460876679,canonical_job_04eeb8066dd441b29bb448ff8880c5b2,1
4460889679,canonical_job_840a746b15ee4fef906ee00fbd37b6d5,1
4446830472,canonical_job_fc7e0da2e45f43f8a6efa955d85eef0d,1
4446834356,canonical_job_e955306165b5495fbdedc067943bc33c,1
4028238920,canonical_job_d711d795d5de443c9b44f6b29170da92,1
4403298684,canonical_job_278f972ce2ba4b89a8cea2522ef1b123,1
4434959981,canonical_job_5d17900dc3ab48ea8cd669c911adef53,1
4435581044,canonical_job_db717c03f1924ed4bfa4751119556bac,1
4380611534,canonical_job_34831c0c144c49a2ae2a2409f6bafb86,1
4434307894,canonical_job_0f5d4ef68cc64665aef00f5db0c81a70,1
4442651083,canonical_job_bc90ad56325746d1a6d5f6698be55f48,1
4454419464,canonical_job_d2d5a9397dbb480da390b76baf74a60d,1
4454751715,canonical_job_697a2b800f674fad95444fbd1c2d0ae5,1
4454905551,canonical_job_bf66aea53d7e406b9c551383cffb1512,1
4454912175,canonical_job_49e06640d4c7485c9599750a6b0b80de,1
4458009438,canonical_job_79f8cb845b47471b8db1bc7cb0b83abe,1
4439088952,canonical_job_9a93601c111746f8b319c74def0db550,1
4439091892,canonical_job_5f2cdbbe14004df4a222311b942f8618,1
4439097495,canonical_job_b501339d682b49d98ea58af913c4ee83,1
4439307215,canonical_job_8f0ced378aed4a0ab9b9ee5b5e7632ef,1
4444845090,canonical_job_919a615a62d04e819b28166cea7fc9e3,1
4452354833,canonical_job_758011bc58dc40798e30fcba64c326b2,1
4452368522,canonical_job_1b7b264b922c4682bbd17b6545c93c65,1
4452378071,canonical_job_12386b9f6a1d4496907e3dd780786998,1
4455556820,canonical_job_4129016e246e4986b3f7e7fc18fab3f1,1
4455560841,canonical_job_9bfba08c484f4636b0b60ce4a2c2e097,1
4455563838,canonical_job_87a965d7fcac40d88bd53e72e415d561,1
4400848763,canonical_job_77a5f785ff384a0996076e532f760f9e,1
4400854477,canonical_job_1af238909ac4451d901c82f9dcb7399d,1
4400859411,canonical_job_1576730d496742f981c6b67f644e2b45,1
4410612085,canonical_job_3c0497615053471ca018bdd6db124564,1
4412756843,canonical_job_78acaccb287a4d8ea3dc688fed6eb030,1
4412763170,canonical_job_b9332cddf6254274acbad68c9c6188fa,1
4448407513,canonical_job_2da426fec244422e8d41a9d98b67a992,1
4453412614,canonical_job_738432bd129d4b43aac41c221a9831f3,1
4452708023,canonical_job_55e0ae9d60bb4ce0b3e415c7a0a5fb37,1
4454004566,canonical_job_900b54937589455490978c1ae1730d5c,1
4454004776,canonical_job_2ffdc6c782c443bd89a302eb62d3c61a,1
4454005531,canonical_job_ffe9885e248047dea54945010cee8e6f,1
4434594133,canonical_job_db9102479a2d465d92a39d20dedab151,1
4434596099,canonical_job_b1503344ba29492db47ae86afe908b39,1
4435975716,canonical_job_56d362e2e14f4a42a4681ac457bd9648,1
4439214049,canonical_job_c6b11cb06b7843f5b260fa03de2cf155,1
4454128114,canonical_job_1a321231d4a849afaaa424f5cab0ed11,1
