BAS.INSTNAME,Country,BAS.WEBSITE
Universitat d'Andorra,Andora,https://www.uda.ad/
Universitat Oberta La Salle,Andora,https://www.uols.org/
Universiteti i Tiranës,Albania,http://www.unitir.edu.al/
Universiteti Politeknik i Tiranës,Albania,http://www.upt.al/en/
Universiteti Bujqësor i Tiranës,Albania,https://www.ubt.edu.al/
"Universiteti i Elbasanit ""Aleksandër Xhuvani""",Albania,https://www.uniel.edu.al
"Universiteti i Shkodrës ""Luigj Gurakuqi""",Albania,http://www.unishk.edu.al/en
"Universiteti ""Eqrem Çabej"", Gjirokastër",Albania,http://uogj.edu.al
"Universiteti ""Fan S. Noli"", Korçë",Albania,http://www.unkorce.edu.al/en
"Universiteti i Vlorës, ""Ismail Qemali""",Albania,https://univlora.edu.al/en/
"Universiteti ""Aleksandër Moisiu"", Durrës",Albania,https://uamd.edu.al/
Universiteti i Arteve,Albania,http://www.uart.edu.al/index.php?lang=2
Universiteti i Sporteve të Tiranës,Albania,http://ust.edu.al/en/
"Universiteti i Mjekësisë, Tiranë",Albania,http://umed.edu.al/?lang=en
Universiteti i New York-ut në Tiranë,Albania,http://unyt.edu.al/
"Universiteti ""Albanian University""",Albania,http://albanianuniversity.edu.al/en/home/
"Universiteti Katolik ""Zoja e Këshillit të Mirë""",Albania,https://www.unizkm.al/en/
Universiteti Europian i Tiranës,Albania,http://www.uet.edu.al/index.php/en/
"Universiteti ""Aldent""",Albania,http://ual.edu.al
Universiteti Polis,Albania,http://www.universitetipolis.edu.al/?q=en
"Universiteti ""EPOKA""",Albania,http://www.epoka.edu.al/
"Universiteti ""Mesdhetar i Shqipërisë""",Albania,http://www.umsh.edu.al/
EPITECH ALBANIA,Albania,https://www.epitech.eu
"Universiteti ""Barleti""",Albania,http://www.umb.edu.al/
"Akademia ""Nehemiah Gateway""",Albania,https://www.ng-university.org/en
Universiteti Metropolitan Tirana,Albania,https://umt.edu.al/en/home/
Akademia e Forcave të Armatosura,Albania,https://www.tradoc.mil.al/
Akademia e Sigurisë,Albania,https://scesa.al
"Akademia e Filmit dhe Multimedias ""Marubi""",Albania,http://afmm.edu.al/
Universiteti Luarasi,Albania,http://www.luarasi-univ.edu.al/
"Kolegji Universitar ""Qiriazi""",Albania,https://www.qiriazi.edu.al
"Kolegji Universitar ""WISDOM""",Albania,https://www.wisdomuniversity.eu/
Akademia IVODENT,Albania,http://www.ivodent.edu.al
"Kolegji Universitar ""Pavarësia Vlorë""",Albania,http://www.unipavaresia.edu.al
"Kolegji Universitar ""LOGOS""",Albania,http://www.kulogos.edu.al/en/
"Kolegji Universitar ""Tirana Business University""",Albania,http://www.tbu.edu.al/en
"Kolegji Universitar ""Bedër""",Albania,http://www.beder.edu.al/en/
"Kolegji Universitar ""I Biznesit""",Albania,http://kub.edu.al
"Kolegji Universitar ""REALD""",Albania,http://unireald.edu.al/
"Kolegji Universitar ""Instituti Kanadez i Teknologjisë""",Albania,http://cit.edu.al/
Kolegji Profesional i Tiranës,Albania,https://kolegjiprofesional.edu.al
Akademia e Studimeve Albanologjike,Albania,http://asa.edu.al/site/
"Kolegji Profesional i Lartë ""Tirana Esthetics and Style School""",Albania,https://tess.al/
Kolegji Profesional i Lartë Gjerman i Teknologjisë,Albania,https://kpgjt.edu.al/
"Universiteti ""Western Balkans""",Albania,https://wbu.edu.al/
Universität Wien,Austria,http://www.univie.ac.at
Universität Graz,Austria,http://www.uni-graz.at/
Universität Innsbruck,Austria,http://www.uibk.ac.at/index.html.de
Universität Salzburg,Austria,http://www.uni-salzburg.at/
Technische Universität Wien,Austria,http://www.tuwien.ac.at/
Technische Universität Graz,Austria,http://www.tugraz.at
Montanuniversität Leoben,Austria,http://www.unileoben.ac.at
Universität für Bodenkultur Wien,Austria,http://www.boku.ac.at/
Veterinärmedizinische Universität Wien,Austria,http://www.vetmeduni.ac.at/
Wirtschaftsuniversität Wien,Austria,http://www.wu.ac.at/
Universität Linz,Austria,http://www.jku.at/en/
Universität Klagenfurt,Austria,https://www.aau.at/en/
Universität für Weiterbildung Krems,Austria,http://www.donau-uni.ac.at/
Medizinische Universität Wien,Austria,http://www.meduniwien.ac.at/web/en/
Medizinische Universität Graz,Austria,http://www.medunigraz.at/en/
Medizinische Universität Innsbruck,Austria,http://www.i-med.ac.at/mypoint/
Akademie der bildenden Künste Wien,Austria,http://www.akbild.ac.at/
Universität für angewandte Kunst Wien,Austria,http://www.dieangewandte.at/
Universität für Musik und darstellende Kunst Wien,Austria,http://www.mdw.ac.at/
Universität Mozarteum Salzburg,Austria,http://www.moz.ac.at/de/
Universität für Musik und darstellende Kunst Graz,Austria,http://www.kug.ac.at/
Universität für künstlerische und industrielle Gestaltung Linz,Austria,http://www.ufg.ac.at/
Katholische Privatuniversität Linz,Austria,http://ku-linz.at/en
UMIT TIROL - Privatuniversität für Gesundheitswissenschaften und -technologie,Austria,https://www.umit-tirol.at/page.cfm?vpath=index
Paracelsus Medizinische Privatuniversität,Austria,http://www.pmu.ac.at/
Webster Vienna Private University,Austria,http://www.webster.ac.at/
Anton Bruckner Privatuniversität,Austria,http://www.bruckneruni.at/
New Design University Privatuniversität St. Pölten,Austria,http://www.ndu.ac.at/
Musik und Kunst Privatuniversität der Stadt Wien,Austria,http://www.muk.ac.at/en/home.html
Sigmund Freud Privatuniversität Wien,Austria,http://www.sfu.ac.at/
MODUL University Vienna Privatuniversität,Austria,http://www.modul.ac.at
Privatuniversität Schloss Seeburg,Austria,http://www.uni-seeburg.at/
Private Pädagogische Hochschule Stiftung Burgenland,Austria,http://www.ph-burgenland.at/
Pädagogische Hochschule Kärnten,Austria,http://www.ph-kaernten.ac.at/
Pädagogische Hochschule Niederösterreich,Austria,http://www.ph-noe.ac.at/
Pädagogische Hochschule Oberösterreich,Austria,http://www.ph-ooe.at/
Private Pädagogische Hochschule der Diözese Linz,Austria,http://www.phdl.at/
Pädagogische Hochschule Salzburg Stefan Zweig,Austria,http://www.phsalzburg.at/
Pädagogische Hochschule Steiermark,Austria,https://www.phst.at/home/
Private Pädagogische Hochschule Augustinum,Austria,http://www.kphgraz.at/
Pädagogische Hochschule Tirol,Austria,http://www.ph-tirol.ac.at/
Kirchliche Pädagogische Hochschule Edith Stein,Austria,http://www.kph-es.at/
Pädagogische Hochschule Vorarlberg,Austria,http://www.ph-vorarlberg.ac.at/
Pädagogische Hochschule Wien,Austria,http://www.phwien.ac.at/
Kirchliche Pädagogische Hochschule Wien/Krems,Austria,http://www.kphvie.ac.at
Hochschule für Agrar- und Umweltpädagogik Wien,Austria,http://www.agrarumweltpaedagogik.ac.at/
Hochschule für Angewandte Wissenschaften Burgenland,Austria,http://www.fh-burgenland.at/
Fachhochschule Salzburg,Austria,http://www.fh-salzburg.ac.at/
Fachhochschule St. Pölten,Austria,https://www.fhstp.ac.at/
Fachhochschule CAMPUS 02,Austria,http://www.campus02.at/
Fachhochschule des BFI Wien,Austria,http://www.fh-vie.ac.at/
MCI Management Center Innsbruck,Austria,http://www.mci.edu/de/
"Bundesministerium für Landesverteidigung und Sport, Sektion II, Gruppe Ausbildungswesen, Ausbildung A",Austria,http://www.miles.ac.at/FH/default.php
Fachhochschule Kufstein Tirol,Austria,http://www.fh-kufstein.ac.at/
FH OÖ Studienbetriebs GmbH,Austria,http://www.fh-ooe.at/
Hochschule für Angewandte Wissenschaften Campus Wien,Austria,http://www.fh-campuswien.ac.at/
Lauder Business School,Austria,http://www.lbs.ac.at/
fh Gesundheit,Austria,https://www.fhg-tirol.ac.at/page.cfm?vpath=fachhochschule/aktuell
Ferdinand Porsche FernFH GmbH,Austria,http://www.fernfh.at/
Fachhochschule Wien der WKW,Austria,http://www.fh-wien.ac.at/
Fachhochschule Vorarlberg,Austria,http://www.fhv.at/
Fachhochschule Technikum Wien,Austria,http://www.technikum-wien.at/
IMC Hochschule für Angewandte Wissenschaften Krems,Austria,http://www.fh-krems.ac.at/
Fachhochschule Wiener Neustadt,Austria,http://www.fhwn.ac.at/
Fachhochschule Kärnten,Austria,http://www.fh-kaernten.at/
Fachhochschule JOANNEUM,Austria,https://www.fh-joanneum.at/en/
Danube Private University,Austria,https://www.dp-uni.ac.at/en/home
FH Gesundheitsberufe OÖ,Austria,http://www.fh-gesundheitsberufe.at/
Karl Landsteiner Privatuniversität für Gesundheitswissenschaften,Austria,http://www.kl.ac.at/
JAM MUSIC LAB Privatuniversität für Jazz und Popularmusik,Austria,https://www.jammusiclab.com/
Central European University Private University,Austria,https://www.ceu.edu/vienna
Stella Vorarlberg Privathochschule für Musik,Austria,https://stella-musikhochschule.ac.at/
Gustav Mahler Privatuniversität für Musik,Austria,https://www.gmpu.ac.at/
Bertha von Suttner Privatuniversität,Austria,https://www.suttneruni.at/de
Université de Namur,Belgium,http://www.unamur.be
Université Saint-Louis - Bruxelles,Belgium,https://www.usaintlouis.be/
Université catholique de Louvain,Belgium,http://www.uclouvain.be
Université de Liège,Belgium,http://www.ulg.ac.be/
Université de Mons,Belgium,http://web.umons.ac.be/en/
Université libre de Bruxelles,Belgium,http://www.ulb.ac.be/
Haute Ecole ICHEC - ECAM - ISFSC,Belgium,https://he-ichec-ecam-isfsc.be/
Haute Ecole Albert Jacquard,Belgium,http://heaj.be
Haute Ecole Charlemagne,Belgium,http://www.hech.be/
Haute Ecole de Bruxelles,Belgium,https://www.he2b.be
Haute Ecole en Hainaut,Belgium,http://www.heh.be
Haute Ecole Robert Schuman,Belgium,http://www.hers.be/
Haute Ecole Paul-Henri Spaak,Belgium,http://www.he-spaak.be
Haute Ecole de la Province de Liège,Belgium,http://www.provincedeliege.be/hauteecole
Haute Ecole de la Province de Namur,Belgium,http://www.hepn.be/
Haute Ecole de la Ville de Liège,Belgium,http://www.hel.be
Haute Ecole Ephec,Belgium,http://www.ephec.be
Haute Ecole Francisco Ferrer,Belgium,https://www.he-ferrer.eu
Haute Ecole Galilée,Belgium,http://www.galilee.be
Haute Ecole Léonard de Vinci,Belgium,http://www.vinci.be
Haute Ecole Libre de Bruxelles Ilya Prigogine,Belgium,http://www.helb-prigogine.be
Haute Ecole Libre Mosane,Belgium,http://www.helmo.be
Haute Ecole Louvain en Hainaut,Belgium,http://www.helha.be
Haute Ecole Lucia de Brouckère,Belgium,http://www.heldb.be
Haute Ecole Provinciale du Hainaut - Condorcet,Belgium,http://www.condorcet.be/
Académie des Beaux-Arts de la ville de Tournai,Belgium,http://www.actournai.be
Académie royale des Beaux-Arts de la Ville de Bruxelles - École supérieure des Arts,Belgium,http://www.arba-esa.be
Ecole supérieure des Arts de la Ville de Liège,Belgium,https://beauxartsdeliege.be/
Conservatoire royal de musique de Bruxelles,Belgium,http://www.conservatoire.be
Conservatoire royal de musique de Liège,Belgium,http://www.crlg.be
Ecole supérieure des Arts du Cirque,Belgium,http://www.esac.be
Ecole supérieure des Arts - École de Recherche graphique,Belgium,http://www.erg.be/
Ecole nationale supérieure des Arts visuels de La Cambre,Belgium,http://www.lacambre.be/fr
Ecole supérieure des Arts de l'Image LE 75,Belgium,http://www.leseptantecinq.be
Ecole supérieure des Arts Saint-Luc de Liège,Belgium,http://www.saint-luc.be/
Ecole supérieure des Arts Institut Saint-Luc Tournai,Belgium,http://stluc-sup-tournai.be/
Institut des Arts de Diffusion,Belgium,http://www.iad-arts.be
Institut national supérieur des Arts du Spectacle et des Techniques de Diffusion,Belgium,http://www.insas.be
Institut supérieur de Musique et de Pédagogie,Belgium,http://www.imep.be
HUB-KUBrussel,Belgium,m
Katholieke Universiteit Leuven,Belgium,http://www.kuleuven.be
Transnationale Universiteit Limburg,Belgium,https://tul.edu/default.asp
Universiteit Hasselt,Belgium,http://www.uhasselt.be
Universiteit Antwerpen,Belgium,http://www.uantwerpen.be
Universiteit Gent,Belgium,http://www.ugent.be
Vrije Universiteit Brussel,Belgium,http://www.vub.ac.be
Arteveldehogeschool,Belgium,http://www.arteveldehogeschool.be
HUB-EHSAL,Belgium,https://www.odisee.be/en
Erasmushogeschool Brussel,Belgium,http://www.erasmushogeschool.be
UC Leuven Comenius Lerarenopleidingen,Belgium,https://www.ucll.be/
Hogere Zeevaartschool,Belgium,http://www.hzs.be
Artesis Hogeschool Antwerpen,Belgium,http://www.artesis.be
Hogeschool Gent,Belgium,http://www.hogent.be
XIOS Hogeschool Limburg,Belgium,http://www.xios.be
Hogeschool West-Vlaanderen,Belgium,http://www.howest.be
LUCA School of Arts,Belgium,http://www.luca-arts.be/en
Karel de Grote-Hogeschool - Katholieke Hogeschool Antwerpen,Belgium,http://www.kdg.be
Katholieke Hogeschool Vives Noord,Belgium,http://www.vives.be
Thomas More Kempen,Belgium,http://www.thomasmore.be
UC Leuven,Belgium,https://www.ucll.be/international
Lessius Mechelen,Belgium,http://www.lessius.eu
Katholieke Hogeschool Sint-Lieven,Belgium,http://www.kahosl.be
Plantijn-Hogeschool van de provincie Antwerpen,Belgium,http://www.ap.be
Provinciale Hogeschool Limburg,Belgium,http://www.phl.be
Haute Ecole de Namur-Liège-Luxembourg,Belgium,http://www.henallux.be/
Arts²,Belgium,https://www.artsaucarre.be/
ODISEE,Belgium,http://www.odisee.be/en
AP Hogeschool Antwerpen,Belgium,https://www.ap.be/
Hogeschool PXL,Belgium,http://www.pxl.be/
Ecole supérieure des Arts - Saint-Luc de Bruxelles,Belgium,http://www.stluc-bruxelles-esa.be
Haute Ecole Bruxelles-Brabant,Belgium,https://www.he2b.be/
Institut Roger Guilbert,Belgium,http://www.ceria.be/irg/cms/index.php/fr
"Institut Paul Hankar des technologies de la Communication, de la Construction et des Métiers d'Art",Belgium,http://www.paulhankar.be/
Enseignement de Promotion et de Formation continue EPFC 8,Belgium,https://www.epfc.eu/
Institut des carrières commerciales,Belgium,https://www.iccbxl.be/web/
Cours industriels,Belgium,https://www.coursindustriels.com/
Institut Jean-Pierre Lallemand,Belgium,https://institutlallemand.be/
Institut de Formation de cadres pour le Développement,Belgium,https://www.ifcad.net
Institut supérieur de formation continue d'Etterbeek,Belgium,https://www.isfce.org/
Etablissement d'Enseignement pour Adultes et de Formation Continue Evere,Belgium,http://www.iepsevere.be/
Institut supérieur de Promotion Sociale Libre de Bruxelles Ilya Prigogine,Belgium,https://www.institut-prigogine.be/
Institut Machtens - Enseignement communal de promotion sociale,Belgium,http://www.institut-machtens.be/
Centre d'Etudes supérieures d'Optométrie appliquée,Belgium,https://www.cesna.be/
Ateliers Saint-Luc,Belgium,https://www.ateliers-stluc.be/?redirect=stluc-bruxelles-eps.be
Centre de formation culturelle et sociale,Belgium,http://cfcs-vf.eu/
Cours de promotion sociale d'Uccle,Belgium,https://www.cpsu.be/
Etablissement d'Enseignement pour Adultes et de Formation Continue Uccle,Belgium,https://www.eafc-uccle.be/
Centre de formation pour les secteurs infirmier et de la santé de l'A.C.N.,Belgium,https://www.cpsi.be
Etablissement d'Enseignement pour Adultes et de Formation Continue Braine l'Alleud,Belgium,http://www.promotionsociale.be/
Institut provincial d'enseignement de promotion sociale et de formation continuée,Belgium,http://www.ipfc.be/
Institut de formation supérieure de Wavre,Belgium,http://www.ifosupwavre.be/
Institut supérieur industriel de la province de Hainaut,Belgium,https://www.etudierenhainaut.be/isips-charleroi.html
"Collège technique ""Aumôniers du travail""",Belgium,http://www.promsocatc.com/
Université du Travail - Institut d'enseignement technique commercial,Belgium,https://www.etudierenhainaut.be/ietcps-charleroi.html
Ecole des Femmes prévoyantes socialistes de Charleroi,Belgium,https://www.efps.be/
Institut Provincial d' Enseignement supérieur de Promotion sociale Lise THIRY,Belgium,https://www.etudierenhainaut.be/institut-provincial-lise-thiry.html
Centre d'enseignement supérieur pour adultes,Belgium,http://www.cesa.be/
Établissement Communal d'Enseignement de Promotion sociale - Couillet,Belgium,https://www.eceps.be/couillet/
Etablissement d'Enseignement pour Adultes et de Formation Continue des Hauts-Pays,Belgium,http://eafc-hp.be/
Etablissement d'Enseignement pour Adultes et de Formation Continue (EAFC) Frameries,Belgium,https://www.eafc-frameries.be/
Etablissement d'Enseignement pour Adultes et de Formation Continue Jean Meunier,Belgium,http://www.iepsjemappes.be/
Institut Reine Astrid - I.R.A.M.,Belgium,https://iramps.be/
Institut Provincial d'Enseignement Supérieur de Promotion sociale Henri La Fontaine,Belgium,https://www.etudierenhainaut.be/promotion-sociale-superieur-mons.html
Etablissement d'Enseignement pour Adultes et de Formation Continue (EAFC) Colfontaine - Jurbise,Belgium,https://www.iepscol.be/
Collège Technique Saint-Henri,Belgium,https://sainthenri-promsoc.be
Etablissement d'Enseignement pour Adultes et de Formation Continue Mouscron Wallonie picarde,Belgium,http://www.iepsm.be/
Enseignement de Promotion sociale d'Enghien,Belgium,https://www.epse.be/
Institut provincial des Arts et Métiers du Centre,Belgium,https://www.etudierenhainaut.be/institut-provincial-arts-et-metiers-centre.html
Institut technique et agricole de la Province du Hainaut,Belgium,https://www.etudierenhainaut.be/ita-soignies.html
Ecole Industrielle et Commerciale d'Ecaussinnes,Belgium,https://www.etudierenhainaut.be/ecole-industrielle-commerciale-ecaussinnes.html
Institut supérieur Plus Oultre,Belgium,http://www.plusoultre.net/
Ecole des Arts et métiers promotion sociale,Belgium,https://www.ameps.eu/
Etablissement d'Enseignement pour Adultes et de Formation Continue (EAFC) Morlanwelz,Belgium,http://www.ineps-mlz.be
Etablissement d'Enseignement pour Adultes et de Formation Continue (EAFC) Rance,Belgium,https://www.rance-promsoc.be/
Etablissement d'Enseignement pour Adultes et de Formation Continue (EAFC) Péruwelz,Belgium,https://www.epsperuwelz.be/
Etablissement d'Enseignement pour Adultes et de Formation Continue (EAFC) Tournai Eurométropole,Belgium,https://iepscf-tournai.be/
Institut provincial d'enseignement de promotion sociale de Wallonie picarde,Belgium,https://www.etudierenhainaut.be/enseignement-de-promotion-sociale-tournai-leuze.html
Institut provincial d'enseignement de promotion sociale de Huy-Waremme,Belgium,https://www.provincedeliege.be/fr/enseignement/promotionsociale/fr/ipepshuywaremme
Institut provincial d'enseignement de promotion sociale de Herstal,Belgium,https://www.provincedeliege.be/fr/enseignement/promotionsociale/fr/ipepsherstal
Institut de Travaux publics - Enseignement de promotion sociale,Belgium,https://www.institutdetravauxpublics.be/
Cours de promotion sociale Saint-Luc,Belgium,https://www.saintlucpsliege.be
Institut Saint-Laurent - Promotion sociale,Belgium,http://www.isl.be
Institut de technologie - Enseignement de promotion sociale,Belgium,https://webitlg.portail.itlg.be/
Institut provincial d'enseignement de promotion sociale de Liège,Belgium,http://www.provincedeliege.be/enseignement/promotionsociale/fr/ipepsliege
Ecole de commerce et d'informatique - Enseignement de promotion sociale,Belgium,https://www.eci-liege.info/
Institut des Langues modernes - Enseignement de promotion sociale,Belgium,http://www.institutdeslanguesmodernes.com/
Institut de formation continuée,Belgium,http://www.ifcjonfosse.be
Cours pour éducateurs en fonction,Belgium,https://cpse-liege.be/
Institut provincial d'enseignement supérieur de promotion sociale de Seraing,Belgium,http://www.provincedeliege.be/enseignement/promotionsociale/ipepsseraingsuperieur
Etablissement d'Enseignement pour Adultes et de Formation Continue Fléron Charlemagne,Belgium,https://www.promotion-sociale.be/
Etablissement d’Enseignement pour Adultes et de Formation continue Ardenne bleue,Belgium,http://www.eafc-ab.be/
Institut provincial d'enseignement de promotion sociale - Orientation technologique,Belgium,http://www.provincedeliege.be/fr/enseignement/promotionsociale/fr/ipepsvervierstechnologique
Institut provincial d'enseignement de promotion sociale - Orientation commerciale,Belgium,https://www.provincedeliege.be/fr/enseignement/promotionsociale/fr/ipepsvervierscommercial
Etablissement d'Enseignement pour Adultes et de Formation Continue Hesbaye-Condroz,Belgium,https://promotion-sociale-waremme.be/
Etablissement d'Enseignement pour Adultes et de Formation Continue Sud-Luxembourg,Belgium,https://www.promsoc-arlon.be/index.php
Ecole industrielle et commerciale d'Arlon,Belgium,http://www.eicarlon.be/
Etablissement d'Enseignement pour Adultes et de Formation Continue Famenne Ardenne,Belgium,https://ieps-marche.be/
Etablissement d'Enseignement pour Adultes et de Formation Continue (EAFC) Centre Ardenne,Belgium,https://www.iepslibramont.be/
Institut libre luxembourgeois d'enseignement de promotion sociale - Arts et Métiers Pierrard,Belgium,https://illeps.be/
Ecole supérieure des Affaires,Belgium,https://esa-namur.be/
Institut technique de promotion sociale,Belgium,http://www.itn-namur.be/
Etablissement d'Enseignement pour Adultes et de Formation Continue (EAFC) Namur - Cadets,Belgium,https://www.iepscf-namur.be/
Ecole industrielle et commerciale de la Ville de Namur,Belgium,https://eicvn.namur.be/
Institut provincial de Formation sociale,Belgium,https://www.ipfs.be/
Institut technique supérieur Cardinal Mercier - Enseignement de promotion sociale,Belgium,http://www.itscm2.be/site2019/
Institut libre de formation permanente,Belgium,http://ilfop.be/
Centre d'enseignement supérieur de promotion et de formation continuée en brabant wallon,Belgium,http://www.cpfb.be/
Institut Roger Lambion,Belgium,https://lambion.brussels/
Etablissement d'Enseignement pour Adultes et de Formation Continue Ath,Belgium,http://www.ath-promsoc.be/
EPHEC Enseignement supérieur de promotion sociale,Belgium,https://www.ephec.be/
"Югозападен университет ""Неофит Рилски""",Bulgaria,http://www.swu.bg/?lang=en
Американски университет в България,Bulgaria,http://www.aubg.bg/
Колеж по туризъм - Благоевград,Bulgaria,http://cotur.bg/en/
Университет “Проф. д-р Асен Златаров”,Bulgaria,http://www.btu.bg/index.php/en/
Бургаски свободен университет,Bulgaria,https://www.bfu.bg/en
Икономически университет - Варна,Bulgaria,http://www.ue-varna.bg/en/
Технически университет - Варна,Bulgaria,https://fs.tu-varna.bg
"Медицински университет ""проф. д-р Параскев Стоянов""",Bulgaria,http://www.mu-varna.bg/EN
"Варненски свободен университет ""Черноризец Храбър""",Bulgaria,http://vfu.bg/en/
"Висше военноморско училище ""Н. Й. Вапцаров""",Bulgaria,http://www.naval-acad.bg/en
"Великотърновски университет ""Св. св. Кирил и Методий""",Bulgaria,https://www.uni-vt.bg/eng/
Националeн военен университет “Васил Левски,Bulgaria,http://www.nvu.bg/en
"Стопанска академия ""Д. А. Ценов"" - Свищов",Bulgaria,https://www.uni-svishtov.bg/en
Технически университет - Габрово,Bulgaria,http://www.tugab.bg/en
Висше училище по мениджмънт,Bulgaria,https://vum.bg
Медицински университет - Плевен,Bulgaria,http://www.mu-pleven.bg/index.php?lang=en
"Пловдивски университет ""Паисий Хилендарски""",Bulgaria,https://uni-plovdiv.bg/
Университетът по хранителни технологии,Bulgaria,http://uft-plovdiv.bg/index.php
Аграрен университет – Пловдив,Bulgaria,http://www.au-plovdiv.bg/en/
Медицински университет - Пловдив,Bulgaria,https://mu-plovdiv.bg/en/
"Академия за музикално, танцово и изобразително изкуство",Bulgaria,https://aec-music.eu/member/academy-of-music-dance-and-fine-arts-prof-asen-diamandiev
Висше училище по агробизнес и развитие на регионите,Bulgaria,http://uard.bg/en
Висше училище по сигурност и икономика,Bulgaria,https://www.vusi.bg/
Европейско висше училище по икономика и мениджмънт,Bulgaria,https://ehsem.bg
"Русенски университет ""Ангел Кънчев""",Bulgaria,http://www.uni-ruse.bg/en
"Софийски университет ""Св. Климент Охридски""",Bulgaria,http://www.uni-sofia.bg/index.php/eng
Университет за национално и световно стопанство,Bulgaria,http://www.unwe.bg/en/
"Университет по архитектура, строителство и геодезия",Bulgaria,https://uacg.bg/?l=2
Технически Университет - София,Bulgaria,http://www.tu-sofia.bg/
Химикотехнологичен и металургичен университет,Bulgaria,https://uctm.edu/en/
"Минно-геоложкият университет ""Св. Иван Рилски""",Bulgaria,https://mgu.bg/
Лесотехнически университет,Bulgaria,https://ltu.bg/en/
Медицински университет - София,Bulgaria,http://www.mu-sofia.bg/en
"Национална спортна академия “Васил Левски""",Bulgaria,http://www.nsa.bg/en
"Национална Академия за Театрално и Филмово Изкуство ""Кръстьо Сарафов""",Bulgaria,http://en.natfiz.bg/
Национална художествена академия,Bulgaria,http://www.nha.bg/en
"Национална музикална академия ""Проф. П. Владигеров""",Bulgaria,https://nma.bg
Нов Български Университет,Bulgaria,https://www.nbu.bg/en
Висше строително училище “Любен Каравелов”,Bulgaria,http://www.vsu.bg/index.php?lang=en
"Висше транспортно училище ""Тодор Каблешков""",Bulgaria,https://www.vtu.bg/
Академия на Министерство на вътрешните работи,Bulgaria,https://www.mvr.bg/academy
"Военна академия ""Георги Стойков Раковски""",Bulgaria,https://rndc.bg/
Университет по библиотекознание и информационни технологии,Bulgaria,http://www.unibit.bg/en
Висше училище по телекомуникации и пощи,Bulgaria,https://www.utp.bg/en/
"Колеж по мениджмънт, търговия и маркетинг",Bulgaria,http://www.mtmcollege.org/en/default.aspx
"Театрален колеж ""Любен Гройс""",Bulgaria,https://lgroys-college.com
Висше училище по застраховане и финанси,Bulgaria,http://www.vuzf.bg/?Template=VUZF&LanguageID=2
Международно висше бизнес училище,Bulgaria,http://ibsedu.bg/en
Тракийски Университет,Bulgaria,http://www.uni-sz.bg/engl
Шуменски университет “Епископ Константин Преславски”,Bulgaria,http://shu.bg/?language=en
Българска академия на науките,Bulgaria,https://www.bas.bg/
Европейски политехнически университет - Перник,Bulgaria,http://epubg.eu/bulgaria/
Висше военновъздушно училище „Георги Бенковски“ – Долна Митрополия,Bulgaria,https://www.af-acad.bg/
Universität Basel,Switzerland,http://www.unibas.ch
Universität Bern,Switzerland,http://www.unibe.ch
Université de Fribourg,Switzerland,http://www.unifr.ch
Université de Genève,Switzerland,http://www.unige.ch
Université de Lausanne,Switzerland,http://www.unil.ch
Universität Luzern,Switzerland,http://www.unilu.ch
Université de Neuchâtel,Switzerland,http://www.unine.ch
Universität Sankt Gallen,Switzerland,http://www.unisg.ch
Universität Zürich,Switzerland,http://www.uzh.ch
Università della Svizzera italiana,Switzerland,http://www.usi.ch
Ecole Polytechnique Fédéral de Lausanne,Switzerland,https://www.epfl.ch
Eidgenössische Technische Hochschule Zürich,Switzerland,http://www.ethz.ch
Berner Fachhochschule,Switzerland,http://www.bfh.ch
Haute Ecole Spécialisée de la Suisse Occidentale,Switzerland,http://www.hes-so.ch
Fachhochschule Nordwestschweiz,Switzerland,http://www.fhnw.ch
Hochschule Luzern,Switzerland,http://www.hslu.ch/
Scuola Universitaria Professionale della Svizzera italiana,Switzerland,http://www.supsi.ch
Zürcher Fachhochschule,Switzerland,http://www.zfh.ch
Kalaidos Fachhochschule,Switzerland,http://www.kalaidos-fh.ch/
Haute école pédagogique du Canton de Vaud,Switzerland,http://www.hepl.ch
Haute école pédagogique du Valais,Switzerland,http://www.hepvs.ch
Haute école pédagogique du Canton de Fribourg,Switzerland,http://www.hepfr.ch
Haute école pédagogique BEJUNE,Switzerland,http://www.hep-bejune.ch
Pädagogische Hochschule Bern,Switzerland,http://www.phbern.ch
Pädagogische Hochschule Zentralschweiz,Switzerland,https://www.phlu.ch
Interkantonale Hochschule für Heilpädagogik,Switzerland,http://www.hfh.ch
Pädagogische Hochschule St.Gallen,Switzerland,http://www.phsg.ch
Pädagogische Hochschule Thurgau,Switzerland,http://www.phtg.ch
Pädagogische Hochschule Schaffhausen,Switzerland,http://www.phsh.ch
Pädagogische Hochschule Graubünden,Switzerland,http://www.phgr.ch
Eidgenössisches Hochschulinstitut für Berufsbildung,Switzerland,https://www.sfuvet.swiss
Universitäre Fernstudien Schweiz,Switzerland,http://www.fernuni.ch
Pädagogische Hochschule Luzern,Switzerland,https://www.phlu.ch/
Pädagogische Hochschule Schwyz,Switzerland,http://www.phsz.ch/
Pädagogische Hochschule Zug,Switzerland,http://www.zg.ch/behoerden/direktion-fur-bildung-und-kultur/phzg
Institut des Hautes Etudes Internationales et du Développement,Switzerland,https://www.graduateinstitute.ch
Fachhochschule Graubünden,Switzerland,https://www.fhgr.ch/en/
SBS Swiss Business School,Switzerland,https://www.sbs.edu/
Ostschweizer Fachhochschule,Switzerland,https://www.ost.ch/en/
Πανεπιστήμιο Κύπρου,Cyprus,http://www.ucy.ac.cy
Ανοικτό Πανεπιστήμιο Κύπρου,Cyprus,http://www.ouc.ac.cy
Τεχνολογικό Πανεπιστήμιο Κύπρου,Cyprus,http://www.cut.ac.cy
Πανεπιστήμιο Λευκωσίας,Cyprus,http://www.unic.ac.cy
Πανεπιστήμιο Frederick,Cyprus,http://www.frederick.ac.cy
Ευρωπαϊκό Πανεπιστήμιο Κύπρου,Cyprus,http://www.euc.ac.cy
Ανώτερου Ξενοδοχειακού Ινστιτούτου Κύπρου,Cyprus,http://www.hhic.moec.gov.cy/moec/hhic/hhic.nsf/index_en/index_en?opendocument
Αστυνομική Ακαδημία Κύπρου,Cyprus,https://www.police.gov.cy/police/police.nsf/policeacademy_en/policeacademy_en?opendocument
Alexander College,Cyprus,http://www.alexander.ac.cy
American College,Cyprus,http://www.ac.ac.cy
Casa College,Cyprus,http://www.casacollege.com
C.D.A. College,Cyprus,http://www.cdacollege.ac.cy
College of Tourism and Hotel Management,Cyprus,http://www.cothm.ac.cy
Cyprus College,Cyprus,http://www.cycollege.ac.cy
Cyprus College of Art,Cyprus,http://enqui7024.wix.com/cypruscollegeofart
Cyprus International Institute of Management,Cyprus,https://www.uol.ac.cy/en/
Frederick Institute of Technology,Cyprus,http://www.fit.ac.cy/
Global College,Cyprus,http://www.globalcollege.ac.cy
Intercollege,Cyprus,http://www.intercollege.ac.cy
KES College,Cyprus,http://www.kescollege.ac.cy/
Internapa College,Cyprus,http://www.internapa.ac.cy/
The CTL Eurocollege,Cyprus,http://www.ctleuro.ac.cy
The Philips College,Cyprus,http://www.philips.ac.cy
Ledra College,Cyprus,http://ledra.ac.cy/
Πανεπιστημιο Νεαπολης,Cyprus,http://www.nup.ac.cy
The Cyprus Institute,Cyprus,http://www.cyi.ac.cy
Larnaca College,Cyprus,http://www.larnacacollege.ac.cy
Cyprus School of Molecular Medicine-The Cyprus Institute of Neurology and Genetics,Cyprus,http://www.cing.ac.cy/csmm/
University of Central Lancashire - Cyprus,Cyprus,http://www.uclancyprus.ac.cy
Mesoyios College (Pafos),Cyprus,http://www.mesoyios.ac.cy/
City Unity College Nicosia,Cyprus,http://www.cityu.ac.cy/
American University of Cyprus,Cyprus,https://aucy.ac.cy/
Philips University,Cyprus,https://philipsuni.ac.cy/
Akademie múzických umění v Praze,Checz,https://www.amu.cz/en/
Akademie výtvarných umění v Praze,Checz,http://www.avu.cz/
Česká zemědělská univerzita v Praze,Checz,http://www.czu.cz/cs/
České vysoké učení technické v Praze,Checz,http://www.cvut.cz/
Janáčkova akademie múzických umění v Brně,Checz,http://www.jamu.cz/
Jihočeská univerzita v Českých Budějovicích,Checz,http://www.jcu.cz/
Masarykova univerzita,Checz,http://www.muni.cz/
Mendelova univerzita v Brně,Checz,http://www.mendelu.cz/
Ostravská univerzita,Checz,http://www.osu.eu/
Slezská univerzita v Opavě,Checz,http://www.slu.cz/
Technická univerzita v Liberci,Checz,http://www.tul.cz/en/
Univerzita Hradec Králové,Checz,http://www.uhk.cz/
Univerzita J. E. Purkyně v Ústí nad Labem,Checz,http://www.ujep.cz/
Univerzita Karlova,Checz,http://www.cuni.cz/
Univerzita Palackého v Olomouci,Checz,http://www.upol.cz/
Univerzita Pardubice,Checz,http://www.upce.cz/
Univerzita Tomáše Bati ve Zlíně,Checz,http://www.utb.cz/
Veterinární a farmaceutická univerzita Brno,Checz,http://www.vfu.cz/
Vysoká škola báňská - Technická univerzita Ostrava,Checz,http://www.vsb.cz/cs/
Vysoká škola ekonomická v Praze,Checz,http://www.vse.cz/
Vysoká škola chemicko-technologická v Praze,Checz,http://www.vscht.cz/
Vysoká škola polytechnická Jihlava,Checz,http://www.vspj.cz/
Vysoká škola technická a ekonomická v Českých Budějovicích,Checz,http://www.vstecb.cz/
Vysoká škola umělecko-průmyslová v Praze,Checz,http://www.vsup.cz/
Vysoké učení technické v Brně,Checz,http://www.vutbr.cz/
Západočeská univerzita v Plzni,Checz,http://www.zcu.cz/
"Bankovní institut vysoká škola, a.s.",Checz,http://www.bivs.cz/
"Evropský polytechnický institut, s.r.o.",Checz,https://akademie-huspol.cz/en/o-nas-en/
University College Prague – Vysoká škola mezinárodních vztahů a Vysoká škola hotelová a ekonomická s.r.o.,Checz,http://www.vsh.cz/
"Vysoká škola finanční a správní, o.p.s.",Checz,http://www.vsfs.cz/
"Vysoká škola Karlovy Vary, o.p.s.",Checz,http://www.vskv.cz/
"Vysoká škola podnikání, a.s.",Checz,http://www.vsp.cz/
ŠKODA AUTO VYSOKÁ ŠKOLA o.p.s.,Checz,http://www.savs.cz/
"International  ART CAMPUS Prague, s.r.o.",Checz,http://www.lit-akad.cz/
"Soukromá vysoká škola ekonomických studií, s.r.o.",Checz,http://www.svses.cz/
"Vysoká škola obchodní v Praze, o.p.s.",Checz,http://www.vso.cz/
"Vysoká škola Sting, o.p.s.",Checz,http://www.sting.cz/
"Metropolitní univerzita v Praze, o.p.s.",Checz,http://www.mup.cz/
"Univerzita Jana Amose Komenského Praha, s.r.o.",Checz,http://www.ujak.cz/
"Vysoká škola Karla Engliše v Brně, a.s.",Checz,http://www.vske.cz/
"Anglo-americká vysoká škola, z.ú.",Checz,http://www.aauni.edu/
"Pražská vysoká škola psychosociálních studií, s.r.o.",Checz,http://www.pvsps.cz/en/
"Vysoká škola aplikovaného práva, s.r.o.",Checz,http://www.vsap.cz/
"Vysoká škola ekonomie a managementu, o.p.s.",Checz,http://www.vsem.cz/
"University of New York in Prague, s.r.o.",Checz,http://www.unyp.cz/
"Vysoká škola manažerské informatiky, ekonomiky a práva, a.s.",Checz,http://www.vsmie.cz/
"Vysoká škola mezinárodních a veřejných vztahů Praha, o.p.s.",Checz,http://vsmvv.cz/en/
"Středočeský vysokoškolský institut, s.r.o. - Kladno",Checz,http://www.vsmiep.cz/
"Mezinárodní baptistický teologický seminář Evropské baptistické federace, o.p.s.",Checz,http://www.ibts.cz/
"Západomoravská vysoká škola Třebíč, o.p.s.",Checz,http://www.zmvs.cz/
"Academia Rerum Civilium - Vysoká škola politických a společenských věd, s.r.o.",Checz,http://www.vspsv.cz/
"Vysoká škola evropských a regionálních studií, o.p.s.",Checz,http://www.vsers.cz/
Rašínova vysoká škola s.r.o. - Brno,Checz,http://www.ravys.cz/
"Vysoká škola regionálního rozvoje, s.r.o.",Checz,http://www.vsrr.cz/
"Filmová akademi Miroslava Ondříčka v Písku, o.p.s.",Checz,http://www.filmovka.cz/
"Vysoká škola tělesné výchovy a sportu Palestra, s.r.o.",Checz,http://www.palestra.cz/
"Vysoká škola NEWTON, a.s.",Checz,http://www.newtoncollege.cz/
"Vysoká škola logistiky, o.p.s.",Checz,http://www.vslg.cz/
"Vysoká škola zdravotnická, o.p.s.",Checz,http://www.vszdrav.cz/
"B.I.B.S., a.s.",Checz,http://www.bibs.cz/
"Soukromá vysoká škola ekonomická Znojmo, s.r.o.",Checz,http://www.svse.cz/
"Moravská vysoká škola Olomouc, o.p.s.",Checz,http://www.mvso.cz/
"Vysoká škola obchodní a hotelová, s.r.o.",Checz,http://www.hotskolabrno.cz/
"CEVRO Institut, o.p.s.",Checz,http://cevroinstitut.cz/en/
"Unicorn Vysoká škola, s.r.o.",Checz,http://www.unicorncollege.cz/
Vysoká škola realitní - Institut Franka Dysona s.r.o.,Checz,http://www.fdyson.cz/
Vysoká škola PRIGO,Checz,http://www.vsss.cz/
"AKCENT College, s.r.o.",Checz,http://www.akcentcollege.cz/
Policejní akademie České republiky v Praze,Checz,http://www.polac.cz/
Univerzita obrany v Brně,Checz,http://www.unob.cz/
"ARCHIP, s.r.o.",Checz,https://www.archip.eu/
"Vysoká škola aplikované psychologie, s.r.o.",Checz,http://www.vsaps.cz/
"ART & DESIGN INSTITUT, s.r.o.",Checz,http://www.artdesigninstitut.cz/
"Panevropská univerzita, a.s.",Checz,https://www.vspp.cz/
"Vysoká škola kreativní komunikace, s.r.o.",Checz,https://www.vskk.cz/en/
"Vysoká škola finanční a správní, a.s.",Checz,https://www.vsfs.cz/
Ambis Vysoká škola,Checz,https://www.ambis.cz/
Prague City Vysoká škola s. r. o.,Checz,https://www.praguecityuniversity.cz/
Albert-Ludwigs-Universität Freiburg,Deutschland,http://www.uni-freiburg.de/
Ruprecht-Karls-Universität Heidelberg,Deutschland,http://www.uni-heidelberg.de/
Universität Hohenheim,Deutschland,http://www.uni-hohenheim.de
Karlsruher Institut für Technologie (KIT) - Bereich Hochschule,Deutschland,http://www.kit.edu/english/index.php
Universität Konstanz,Deutschland,http://www.uni-konstanz.de
Universität Mannheim,Deutschland,https://www.uni-mannheim.de/en/
Universität Stuttgart,Deutschland,http://www.uni-stuttgart.de
Eberhard Karls Universität Tübingen,Deutschland,http://www.uni-tuebingen.de/
Universität Ulm,Deutschland,http://www.uni-ulm.de/
Zeppelin Universität Friedrichshafen (Priv. H),Deutschland,http://www.zeppelin-university.de
Allensbach Hochschule,Deutschland,http://www.allensbach-hochschule.de/
"Freie Hochschule Stuttgart, Seminar für Waldorfpädagogik",Deutschland,http://www.freie-hochschule-stuttgart.de
Hochschule für jüdische Studien Heidelberg,Deutschland,http://www.hfjs.eu/profile/index.html
Universität Augsburg,Deutschland,http://www.uni-augsburg.de
Otto-Friedrich-Universität Bamberg,Deutschland,http://www.uni-bamberg.de
Universität Bayreuth,Deutschland,http://www.uni-bayreuth.de
Katholische Universität Eichstätt-Ingolstadt (KU),Deutschland,http://www.ku.de/en/
Friedrich-Alexander-Universität Erlangen-Nürnberg,Deutschland,https://www.fau.eu/
Ludwig-Maximilians-Universität München,Deutschland,http://www.uni-muenchen.de/index.html
Technische Universität München,Deutschland,https://www.tum.de/
Universität der Bundeswehr München,Deutschland,http://www.unibw.de
Hochschule für Politik München,Deutschland,https://www.hfp.tum.de/en/hfp/home/
Universität Passau,Deutschland,http://www.uni-passau.de
Universität Regensburg,Deutschland,http://www.uni-regensburg.de
Julius-Maximilians-Universität Würzburg,Deutschland,http://www.uni-wuerzburg.de
Freie Universität Berlin,Deutschland,http://www.fu-berlin.de
Technische Universität Berlin,Deutschland,http://www.tu-berlin.de
Charité - Universitätsmedizin Berlin,Deutschland,http://www.charite.de
Humboldt-Universität zu Berlin,Deutschland,http://www.hu-berlin.de
ESCP-EAP Europäische Wirtschaftshochschule Berlin,Deutschland,http://www.escpeurope.eu
"European School of Management and Technology, Berlin (Priv. H)",Deutschland,http://www.esmt.org
Hertie School of Governance Berlin (Priv. wiss. H),Deutschland,http://www.hertie-school.org
Steinbeis-Hochschule Berlin (Priv. H),Deutschland,http://www.steinbeis-hochschule.de/
Deutsche Universität für Weiterbildung Berlin (Priv. wiss. H),Deutschland,http://www.duw-berlin.de
Brandenburgische Technische Universität Cottbus,Deutschland,https://www.b-tu.de/
Europa-Universität Viadrina Frankfurt (Oder),Deutschland,https://www.europa-uni.de/en/index.html
Universität Potsdam,Deutschland,http://www.uni-potsdam.de
Universität Bremen,Deutschland,http://www.uni-bremen.de
Constructor University Bremen gGmbH (Priv. U),Deutschland,http://www.jacobs-university.de
Universität Hamburg,Deutschland,http://www.uni-hamburg.de
Technische Universität Hamburg-Harburg,Deutschland,https://www.tuhh.de/tuhh/en/startpage
Hafencity Universität Hamburg,Deutschland,http://www.hcu-hamburg.de
Helmut-Schmidt-Universität Hamburg,Deutschland,http://www.hsu-hh.de
Bucerius Law School Hamburg (Priv. H),Deutschland,http://www.law-school.de
Technische Universität Darmstadt,Deutschland,http://www.tu-darmstadt.de
Johann Wolfgang Goethe-Universität Frankfurt am Main,Deutschland,http://www.goethe-university-frankfurt.de/en?locale=en
Justus-Liebig-Universität Gießen,Deutschland,http://www.uni-giessen.de
Universität Kassel,Deutschland,http://www.uni-kassel.de
Philipps-Universität Marburg,Deutschland,http://www.uni-marburg.de
Frankfurt School of Finance & Management-HfB (Priv. H),Deutschland,http://www.frankfurt-school.de
EBS Universität für Wirtschaft und Recht (Priv.),Deutschland,http://www.ebs.edu
Universität Greifswald,Deutschland,http://www.uni-greifswald.de
Universität Rostock,Deutschland,http://www.uni-rostock.de
Technische Universität Carolo-Wilhelmina zu Braunschweig,Deutschland,http://www.tu-braunschweig.de
Technische Universität Clausthal,Deutschland,http://www.tu-clausthal.de
Georg-August-Universität Göttingen,Deutschland,http://www.uni-goettingen.de
Gottfried Wilhelm Leibniz Universität Hannover,Deutschland,http://www.uni-hannover.de
Medizinische Hochschule Hannover,Deutschland,https://www.mh-hannover.de/index.php?id=2&L=1
Tierärztliche Hochschule Hannover,Deutschland,http://www.tiho-hannover.de
Stiftung Universität Hildesheim,Deutschland,http://www.uni-hildesheim.de
Leuphana Universität Lüneburg,Deutschland,http://www.leuphana.de
Carl von Ossietzky Universität Oldenburg,Deutschland,https://uol.de/
Universität Osnabrück,Deutschland,http://www.uni-osnabrueck.de
Universität Vechta,Deutschland,http://www.uni-vechta.de
RWTH Aachen,Deutschland,http://www.rwth-aachen.de
Universität Bielefeld,Deutschland,http://www.uni-bielefeld.de
Ruhr-Universität Bochum,Deutschland,https://www.ruhr-uni-bochum.de/de
Rheinische Friedrich-Wilhelms-Universität Bonn,Deutschland,http://www.uni-bonn.de
Technische Universität Dortmund,Deutschland,https://www.tu-dortmund.de/
Heinrich-Heine-Universität Düsseldorf,Deutschland,http://www.uni-duesseldorf.de/
Universität Duisburg-Essen,Deutschland,http://www.uni-due.de
Fernuniversität in Hagen,Deutschland,http://www.fernuni-hagen.de
Universität zu Köln,Deutschland,http://www.uni-koeln.de
Deutsche Sporthochschule Köln,Deutschland,http://www.dshs-koeln.de
Westfälische Wilhelms-Universität Münster,Deutschland,http://www.uni-muenster.de
Universität Paderborn,Deutschland,http://www.uni-paderborn.de
Universität Siegen,Deutschland,http://www.uni-siegen.de
Bergische Universität Wuppertal,Deutschland,http://www.uni-wuppertal.de
Universität Witten/Herdecke,Deutschland,http://www.uni-wh.de
"Deutsche Hochschule der Polizei, Münster",Deutschland,http://www.dhpol.de
Technische Universität Kaiserslautern,Deutschland,https://www.uni-kl.de/
Universität Koblenz-Landau,Deutschland,https://www.uni-koblenz.de/de
Johannes Gutenberg-Universität Mainz,Deutschland,http://www.uni-mainz.de
Deutsche Universität für Verwaltungswissenschaften Speyer,Deutschland,https://www.uni-speyer.de/
Universität Trier,Deutschland,http://www.uni-trier.de
WHU – Otto Beisheim School of Management,Deutschland,http://www.whu.edu
Universität des Saarlandes Saarbrücken,Deutschland,http://www.uni-saarland.de
Technische Universität Chemnitz,Deutschland,http://www.tu-chemnitz.de
Technische Universität Dresden,Deutschland,http://www.tu-dresden.de
Technische Universität Bergakademie Freiberg,Deutschland,http://www.tu-freiberg.de
Universität Leipzig,Deutschland,http://www.uni-leipzig.de
Internationales Hochschulinstitut Zittau,Deutschland,http://www.ihi-zittau.de
DIU-Dresden Intern. University GmbH Dresden (Priv. H),Deutschland,http://www.di-uni.de
HHL Leipzig Graduate School of Management,Deutschland,http://www.hhl.de
Martin-Luther-Universität Halle-Wittenberg,Deutschland,http://www.uni-halle.de
Otto-von-Guericke-Universität Magdeburg,Deutschland,http://www.ovgu.de
Europa-Universität Flensburg,Deutschland,http://www.uni-flensburg.de
Christian-Albrechts-Universität zu Kiel,Deutschland,http://www.uni-kiel.de
Universität Lübeck,Deutschland,http://www.uni-lübeck.de
Universität Erfurt,Deutschland,http://www.uni-erfurt.de
Technische Universität Ilmenau,Deutschland,http://www.tu-ilmenau.de
Friedrich-Schiller-Universität Jena,Deutschland,http://www.uni-jena.de
Bauhaus-Universität Weimar,Deutschland,http://www.uni-weimar.de
Pädagogische Hochschule Freiburg i.Br.,Deutschland,http://www.ph-freiburg.de
Pädagogische Hochschule Heidelberg,Deutschland,http://www.ph-heidelberg.de
Pädagogische Hochschule Karlsruhe,Deutschland,http://www.ph-karlsruhe.de
Pädagogische Hochschule Ludwigsburg,Deutschland,http://www.ph-ludwigsburg.de
Pädagogische Hochschule Schwäbisch Gmünd,Deutschland,http://www.ph-gmuend.de
Pädagogische Hochschule Weingarten,Deutschland,http://www.ph-weingarten.de
Philosophisch-Theologische Hochschule Benediktbeuern (rk),Deutschland,https://www.kloster-benediktbeuern.de/Einrichtungen/Ehem.-Philosophisch-Theologische-Hochschule-PTH
Hochschule für Philosophie München (rk),Deutschland,http://www.hfph.de
Augustana-Hochschule Neuendettelsau (ev),Deutschland,http://www.augustana.de
Philosophisch-Theologische Hochschule Frankfurt a.M. (rk),Deutschland,http://www.sankt-georgen.de
Theologische Fakultät Fulda (rk),Deutschland,http://www.thf-fulda.de
Freie Theologische Hochschule (FTH) Gießen (Priv.),Deutschland,http://www.fthgiessen.de
Theologische Fakultät Paderborn (rk),Deutschland,https://www.thf-paderborn.de/
Kölner Hochschule für Katholische Theologie,Deutschland,https://www.khkt.de/
Kirchliche Hochschule Wuppertal / Bethel (ev),Deutschland,https://kiho-wuppertal.de/
Theologische Fakultät Trier,Deutschland,https://www.uni-trier.de/index.php?id=41977
Theologische Hochschule Vallendar,Deutschland,https://vp-uni.de/
Theologische  Hochschule Friedensau,Deutschland,https://www.thh-friedensau.de/en/
Staatliche Hochschule für Musik Freiburg i.Br.,Deutschland,http://www.mh-freiburg.de
Staatliche Akademie der Bildenden Künste Karlsruhe,Deutschland,http://www.kunstakademie-karlsruhe.de
Staatliche Hochschule für Gestaltung Karlsruhe,Deutschland,http://www.hfg-karlsruhe.de
Staatliche Hochschule für Musik Karlsruhe,Deutschland,http://www.hfm-karlsruhe.de
Staatliche Hochschule für Musik und Darstellende Kunst Mannheim,Deutschland,http://www.muho-mannheim.de
Staatliche Akademie der Bildenden Künste Stuttgart,Deutschland,http://www.abk-stuttgart.de
Staatliche Hochschule für Musik und Darstellende Kunst Stuttgart,Deutschland,https://www.hmdk-stuttgart.de/home/
Staatliche Hochschule für Musik Trossingen,Deutschland,http://www.mh-trossingen.de
Akademie der Bildenden Künste München,Deutschland,http://www.adbk.de
Hochschule für Fernsehen und Film München,Deutschland,https://www.hff-muc.de/
Hochschule für Musik und Theater München,Deutschland,http://website.musikhochschule-muenchen.de/de/index.php
Akademie der Bildenden Künste Nürnberg,Deutschland,http://www.adbk-nuernberg.de
Hochschule für Musik Nürnberg,Deutschland,http://www.hfm-nuernberg.de
Hochschule für Musik Würzburg,Deutschland,http://www.hfm-wuerzburg.de
Universität der Künste Berlin,Deutschland,http://www.udk-berlin.de
Weißensee Kunsthochschule Berlin,Deutschland,http://www.kh-berlin.de
Hochschule für Musik Hanns Eisler Berlin,Deutschland,http://www.hfm-berlin.de
"Hochschule für Schauspielkunst ""Ernst Busch"" Berlin",Deutschland,http://www.hfs-berlin.de
Filmuniversität Babelsberg Konrad Wolf,Deutschland,https://www.filmuniversitaet.de/
Hochschule für Künste Bremen,Deutschland,http://www.hfk-bremen.de
Hochschule für Bildende Künste Hamburg,Deutschland,http://www.hfbk-hamburg.de
Hochschule für Musik und Theater Hamburg,Deutschland,https://www.hfmt-hamburg.de/start/
Staatliche Hochschule für Bildende Künste Frankfurt a.M. (Städelschule),Deutschland,https://www.staedelschule.de/de/information
Hochschule für Musik und Darstellende Kunst Frankfurt a.M.,Deutschland,http://www.hfmdk-frankfurt.de
Hochschule für Gestaltung Offenbach,Deutschland,http://www.hfg-offenbach.de
"Hochschule für Musik und Theater, Rostock",Deutschland,http://www.hmt-rostock.de
Hochschule für Bildende Künste Braunschweig,Deutschland,http://www.hbk-bs.de
"Hochschule für Musik, Theater und Medien Hannover",Deutschland,https://www.hmtm-hannover.de/de/start/
Hochschule für Musik Detmold,Deutschland,http://www.hfm-detmold.de
Kunstakademie Düsseldorf,Deutschland,http://www.kunstakademie-duesseldorf.de
Robert-Schumann-Hochschule Düsseldorf,Deutschland,http://www.rsh-duesseldorf.de
Folkwang Universität der Künste,Deutschland,http://www.folkwang-uni.de
Kunsthochschule für Medien Köln,Deutschland,http://www.khm.de
Hochschule für Musik und Tanz Köln,Deutschland,https://www.hfmt-koeln.de/
Kunstakademie Münster,Deutschland,http://www.kunstakademie-muenster.de
Alanus Hochschule Alfter (Priv. H),Deutschland,http://www.alanus.edu
Hochschule der Bildenden Künste Saarbrücken,Deutschland,http://www.hbksaar.de
"Hochschule für Musik, Saarbrücken",Deutschland,http://www.hfm.saarland.de
Hochschule für Bildende Künste Dresden,Deutschland,http://www.hfbk-dresden.de
Hochschule für Musik Carla Maria von Weber Dresden,Deutschland,http://www.hfmdd.de
Palucca Hochschule für Tanz Dresden,Deutschland,http://www.palucca.eu
Hochschule für Graphik und Buchkunst Leipzig,Deutschland,http://www.hgb-leipzig.de
Hochschule für Musik und Theater Leipzig,Deutschland,http://www.hmt-leipzig.de
Burg Giebichenstein Kunsthochschule Halle,Deutschland,http://www.burg-halle.de
Muthesius Kunsthochschule Kiel,Deutschland,http://www.muthesius-kunsthochschule.de
Musikhochschule Lübeck,Deutschland,http://www.mh-luebeck.de
Hochschule für Musik Franz Liszt Weimar,Deutschland,http://www.hfm-weimar.de
Hochschule Aalen - Technik und Wirtschaft,Deutschland,https://www.hs-aalen.de/
Hochschule Albstadt-Sigmaringen (FH),Deutschland,http://www.hs-albsig.de
Fachhochschule Biberach a. d. Riss,Deutschland,http://www.hochschule-biberach.de
Hochschule Esslingen (FH),Deutschland,http://www.hs-esslingen.de
Hochuschule Furtwangen (FH),Deutschland,http://www.hs-furtwangen.de
Hochschule Heilbronn,Deutschland,http://www.hs-heilbronn.de
Hochschule Karsruhe - Technik und Wirtschaft,Deutschland,http://www.hs-karlsruhe.de
"Hochschule Konstanz - Technik, Wirtschaft und Gestaltung",Deutschland,http://www.htwg-konstanz.de
Hochschule der Bundesagentur für Arbeit,Deutschland,https://www.hdba.de/
Hochschule Mannheim (FH),Deutschland,http://www.hs-mannheim.de
Hochschule für Wirtschaft und Umwelt Nürtingen-Geislingen,Deutschland,http://www.hfwu.de
Hochschule Offenburg,Deutschland,http://www.fh-offenburg.de
"Hochschule Pforzheim - Gestaltung, Technik, Wirtschaft und Recht",Deutschland,http://www.hs-pforzheim.de
"Duale Hochschule Baden Württemberg, Stuttgart (FH)",Deutschland,http://www.dhbw.de/startseite.html
Hochschule Ravensburg-Weingarten,Deutschland,http://www.hs-weingarten.de
Hochschule Reutlingen,Deutschland,http://www.reutlingen-university.de
Hochschule für Forstwirtschaft Rottenburg (FH),Deutschland,http://www.hs-rottenburg.net
Hochschule für Gestaltung Schwäbisch Gmünd,Deutschland,http://www.hfg-gmuend.de
"Fachhochschule Stuttgart, Hochschule der Medien",Deutschland,http://www.hdm-stuttgart.de
Hochschule für Technik Stuttgart,Deutschland,http://www.hft-stuttgart.de
Hochschule Ulm,Deutschland,http://www.hs-ulm.de
SRH Hochschule für Wirtschaft und Medien Calw,Deutschland,https://www.campus-calw.de/de/startseite/
SRH Hochschule Heidelberg (Priv. FH),Deutschland,https://www.hochschule-heidelberg.de/de/startseite/
German Graduate School of Management and Law,Deutschland,https://www.ggs.de/
Naturwissenschaftlich-Technische Akademie Isny,Deutschland,http://www.nta-isny.de
"Karlshochschule International University, Karlsruhe (Priv. FH)",Deutschland,http://www.karlshochschule.de
Private Fachhochschule für Kunsttherapie Nürtingen,Deutschland,http://www.hkt-nuertingen.de
SRH Fernhochschule Riedlingen,Deutschland,https://www.mobile-university.de/
"AKAD, Fachhochschule Stuttgart (Priv. Fern-FH für Berufstätige)",Deutschland,http://www.akad.de
"Merz Akademie Hochschule für Gestaltung, Kunst und Medien, Stuttgart (Priv. FH)",Deutschland,http://www.merz-akademie.de
Evang. Hochschule Freiburg (FH),Deutschland,http://www.eh-freiburg.de
Evangelische Hochschule Ludwigsburg,Deutschland,http://www.efh-ludwigsburg.de
Katholische Hochschule Freiburg i.Br.,Deutschland,https://www.kh-freiburg.de/en
Ostbayerische Technische Hochschule Amberg-Weiden,Deutschland,http://www.oth-aw.de/
Hochschule für angewandte Wissenschaften Ansbach,Deutschland,http://www.hs-ansbach.de
Hochschule für angewandte Wissenschaften Aschaffenburg,Deutschland,https://www.th-ab.de/en/
Hochschule für angewandte Wissenschaften Augsburg,Deutschland,http://www.hs-augsburg.de
Hochschule für angewandte Wissenschaften Coburg,Deutschland,http://www.hs-coburg.de
Technische Hochschule Deggendorf,Deutschland,https://www.th-deg.de/en/
Hochschule für Angewandte Wissenschaften Hof,Deutschland,http://www.hof-university.de
Technische Hochschule Ingolstadt,Deutschland,https://www.thi.de/
Hochschule für angewandte Wissenschaften Kempten,Deutschland,http://www.hochschule-kempten.de
Hochschule für angewandte Wissenschaften Landshut,Deutschland,https://www.haw-landshut.de/
Hochschule für angewandte Wissenschaften München,Deutschland,http://www.hm.edu
Hochschule für angewandte Wissenschaften Neu-Ulm,Deutschland,http://www.hs-neu-ulm.de
Technische Hochschule Nürnberg Georg Simon Ohm,Deutschland,https://www.th-nuernberg.de/
Ostbayerische Technische Hochschule Regensburg,Deutschland,https://www.oth-regensburg.de/
Hochschule für angewandte Wissenschaften Rosenheim,Deutschland,https://www.th-rosenheim.de/
Hochschule für angewandte Wissenschafte Weihenstephan-Triesdorf,Deutschland,http://www.hswt.de
Hochschule für angewandte Wissenschafte Würzburg-Schweinfurt,Deutschland,http://www.fhws.de
Hochschule für angewandtes Management-Fachhochschule,Deutschland,https://www.fham.de/
"Hochschule für angewandte Sprachen, München, SDI (Priv. FH)",Deutschland,http://www.sdi-muenchen.de/hochschule
Hochschule Macromedia,Deutschland,http://www.macromedia-fachhochschule.de
Munich Business School München (Priv. FH),Deutschland,http://www.munich-business-school.de
Evangelische Hochschule Nürnberg (FH),Deutschland,http://www.evhn.de/
Katholische Stiftungsfachhochschule München,Deutschland,http://www.ksh-muenchen.de/
Alice Salomon Hochschule Berlin,Deutschland,https://www.ash-berlin.eu/
Beuth Hochschule für Technik Berlin,Deutschland,http://www.beuth-hochschule.de
Hochschule für Technik und Wirtschaft Berlin,Deutschland,https://www.htw-berlin.de/en/
Hochschule für Wirtschaft und Recht (HWR) Berlin,Deutschland,http://www.hwr-berlin.de
bbw Hochschule Berlin (Priv. FH),Deutschland,http://www.bbw-hochschule.de
SRH Berlin School of Design and Communication,Deutschland,https://www.srh-berlin.de/en/schools/berlin-school-of-design-and-communication-bsdc/
Hochschule für Gesundheit und Sport Berlin (Priv. FH),Deutschland,https://www.dhgs-hochschule.de/
IB-Hochschule Berlin (Priv. FH),Deutschland,http://www.ib-hochschule.de
Mediadesign Hochschule Berlin (Priv. FH),Deutschland,http://www.mediadesign.de
SRH Hochschule Berlin (Priv. FH),Deutschland,https://www.srh-berlin.de/en/
Berliner Technische Kunsthochschule (Priv. FH),Deutschland,http://www.btk-fh.de
Evangelische Hochschule Berlin (FH),Deutschland,https://www.eh-berlin.de/startseite.html
Katholische Hochschule für Sozialwesen Berlin (FH),Deutschland,http://www.khsb-berlin.de
Technische Hochschule Brandenburg,Deutschland,https://www.th-brandenburg.de/startseite/
Hochschule für nachhaltige Entwicklung Eberswalde (FH),Deutschland,https://www.hnee.de/en/University/University-for-Sustainable-Development-Eberswalde-E1145.htm
Hochschule Lausitz,Deutschland,http://www.hs-lausitz.de/
Fachhochschule Potsdam,Deutschland,http://www.fh-potsdam.de
Technische Hochschule Wildau (FH),Deutschland,https://en.th-wildau.de/
Hochschule Bremen,Deutschland,http://www.hs-bremen.de
Hochschule Bremerhaven,Deutschland,http://www.hs-bremerhaven.de
APOLLON Hochschule der Gesundheitswirtschaft Bremen (Priv. FH),Deutschland,http://www.apollon-hochschule.de
Hochschule für Angewandte Wissenschaften Hamburg,Deutschland,http://www.haw-hamburg.de
AMD Akademie Mode und Design Hamburg (Priv. FH),Deutschland,https://www.amdnet.de/
Europäische Fernhochschule Hamburg GmbH Hamburg (Priv. FH),Deutschland,https://www.euro-fh.de/
HFH Hamburger Fern-Hochschule (Priv. FH),Deutschland,https://www.hfh-fernstudium.de/
HSBA Hamburg School of Business Administration (Priv. FH),Deutschland,http://www.hsba.de
"Evangelische Hochschule für Soziale Arbeit und Diakonie, Hamburg (FH)",Deutschland,https://www.ev-hochschule-hh.de/
EBC Hochschule Hamburg,Deutschland,https://www.eso.de/marken/unsere-hochschulen/ebc-hochschule/
h_da - Hochschule Darmstadt (FH),Deutschland,http://www.h-da.de
Frankfurt University of Applied Sciences,Deutschland,https://www.frankfurt-university.de/en/
Hochschule Fulda,Deutschland,http://www.hs-fulda.de
Technische Hochschule Mittelhessen,Deutschland,http://www.thm.de/site/
Hochschule RheinMain,Deutschland,http://www.hs-rm.de
"Hochschule der Deutschen Gesetzl. Unfallversicherung, Bad Hersfeld (Priv. FH)",Deutschland,https://www.dguv.de/hochschule/index.jsp
accadis Hochschule Bad Homburg (Priv. FH),Deutschland,http://www.accadis.com
Wilhelm Büchner Hochschule Darmstadt (Priv. Fern-FH),Deutschland,http://www.wb-fernstudium.de
"Provadis School of International Management and Technology, Frankfurt a.M. (Priv. FH)",Deutschland,https://www.provadis-hochschule.de
Hochschule Fresenius Idstein (Priv. FH),Deutschland,http://www.hs-fresenius.de
DIPLOMA Hochschule,Deutschland,http://diploma.de
"Evangelische Hochschule Darmstadt (EHD), FH",Deutschland,https://www.eh-darmstadt.de/
Hochschule Neubrandenburg,Deutschland,http://www.hs-nb.de
Hochschule Stralsund,Deutschland,https://www.hochschule-stralsund.de/
Hochschule Wismar,Deutschland,http://www.hs-wismar.de
Ostfalia Hochschule für angewandte Wissenschaften,Deutschland,http://ostfalia.de
Hochschule Hannover (FH),Deutschland,https://www.hs-hannover.de/start/index.html
HAWK Hochschule für Angewandte Wissenschaften und Kunst Hildesheim/Holzminden/Göttingen,Deutschland,https://www.hawk.de/de
Hochschule Osnabrück (FH),Deutschland,https://www.hs-osnabrueck.de/
"Hochschule 21, Buxtehude (Priv. FH)",Deutschland,http://www.hs21.de
PFH - Private Hochschule Göttingen,Deutschland,https://www.pfh-university.com/
Private Fachhochschule der Wirtschaft Hannover,Deutschland,http://www.fhdw-hannover.de
Hochschule für Künste im Sozialen,Deutschland,https://www.hks-ottersberg.de/EN/
Private Hochschule für Wirtschaft und Technik Vechta/Diepholz/Oldenburg,Deutschland,https://www.phwt.de/
Fachhochschule Aachen,Deutschland,http://www.fh-aachen.de
Fachhochschule Bielefeld,Deutschland,http://www.fh-bielefeld.de
Hochschule Bochum,Deutschland,http://www.hochschule-bochum.de
Hochschule Bonn-Rhein-Sieg,Deutschland,https://www.h-brs.de/en
Fachhochschule Dortmund,Deutschland,http://www.fh-dortmund.de
Hochschule Düsseldorf,Deutschland,https://www.hs-duesseldorf.de/en
Westfälische Hochschule Gelsenkirchen Bocholt Recklinghausen,Deutschland,https://www.w-hs.de/
Technische Hochschule Köln,Deutschland,https://www.th-koeln.de/
Hochschule Ostewestfalen-Lippe,Deutschland,https://www.hs-owl.de/
Fachhochschule Münster,Deutschland,http://www.fh-muenster.de
Hochschule Niederrhein,Deutschland,http://www.hs-niederrhein.de
Fachhochschule Südwestfalen,Deutschland,http://www.fh-swf.de
IU Internationale Hochschule,Deutschland,https://www.iubh.de/
Fachhochschule des Mittelstandes Bielefeld (Priv. FH),Deutschland,http://www.fh-mittelstand.de
Technische FH (TFH) Georg Agricola zu Bochum (Priv. FH),Deutschland,https://www.thga.de/
EBZ Business School Bochum (Priv. FH),Deutschland,http://www.ebz-business-school.de
Hochschule der Sparkassen-Finanzgruppe Bonn (Priv. FH),Deutschland,http://www.s-hochschule.de
Europäische FH (EUFH) Rhein/Erft (Priv.),Deutschland,http://www.eufh.de
"Private Fachhochschule International School of Management, Dortmund",Deutschland,http://www.ism.de
Private Fachhochschule für Ökonomie und Management Essen,Deutschland,http://www.fom.de
SRH Hochschule für Logistik und Wirtschaft Hamm (Priv. FH),Deutschland,https://www.srh-hochschule-nrw.de/
University of Europe for Applied Sciences,Deutschland,https://www.ue-germany.com/en
Private Rheinische Fachhochschule Köln,Deutschland,http://www.rfh-koeln.de
Private Fachhochschule der Wirtschaft Paderborn,Deutschland,http://www.fhdw.de
Fachhochschule der Diakonie Bielefeld-Bethel,Deutschland,https://www.fh-diakonie.de/
Evangelische Hochschule Rheinland-Westfalen-Lippe,Deutschland,https://www.evh-bochum.de/welcome.html
Katholische Hochschule Nordrhein-Westfalen,Deutschland,http://www.katho-nrw.de
Technische Hochschule Bingen,Deutschland,https://www.th-bingen.de/home/
Hochschule Kaiserslautern,Deutschland,https://www.hs-kl-offline.de/
Hochschule Koblenz,Deutschland,https://www.hs-koblenz.de/en/home/
Hochschule Ludwigshafen am Rhein (FH),Deutschland,https://www.hs-lu.de/en.html
Hochschule Mainz,Deutschland,https://www.hs-mainz.de/
Hochschule Trier,Deutschland,https://www.hochschule-trier.de/en/
Hochschule Worms,Deutschland,https://www.hs-worms.de/
Katholische Hochschule Mainz,Deutschland,https://www.kh-mz.de/katholische-hochschule/
Hochschule für Technik und Wirtschaft des Saarlandes Saarbrücken,Deutschland,https://www.htwsaar.de/
"Deutsche Hochschule für Prävention und Gesundheitsmanagement, Saarbrücken (Priv. FH)",Deutschland,http://www.dhfpg.org
Hochschule für Technik und Wirtschaft Dresden,Deutschland,http://www.htw-dresden.de
"Hochschule für Technik, Wirtschaft und Kultur Leipzig",Deutschland,http://www.htwk-leipzig.de
Hochschule Mittweida (University of Applied Sciences),Deutschland,http://www.hs-mittweida.de
Hochschule Zittau/Görlitz (FH),Deutschland,https://www.hszg.de/en
Westsächsische Hochschule Zwickau,Deutschland,http://www.fh-zwickau.de
"Deutsche Telekom Hochschule für Telekommunikation, Leipzig (Priv. FH)",Deutschland,http://www.hft-leipzig.de
"Evangelische Hochschule für Soziale Arbeit, Dresden (FH)",Deutschland,http://www.ehs-dresden.de
Hochschule Anhalt (FH),Deutschland,http://www.hs-anhalt.de
Hochschule Harz (FH),Deutschland,http://www.hs-harz.de
Hochschule Magdeburg-Stendal (FH),Deutschland,http://www.hs-magdeburg.de
Hochschule Merseburg (FH),Deutschland,http://www.hs-merseburg.de
Hochschule Flensburg,Deutschland,http://www.fh-flensburg.de
"Fachhochschule Westküste, Heide",Deutschland,http://www.fh-westkueste.de
Fachhochschule Kiel,Deutschland,http://www.fh-kiel.de
Technische Hochschule Lübeck,Deutschland,https://www.th-luebeck.de/
NORDAKADEMIE Hochschule der Wirtschaft,Deutschland,http://www.nordakademie.de
Private Fachhochschule Wedel,Deutschland,http://www.fh-wedel.de
Fachhochschule Erfurt,Deutschland,https://www.fh-erfurt.de/en/
Ernst-Ebbe-Hochschule Jena,Deutschland,https://www.eah-jena.de/de-de
Hochschule Nordhausen,Deutschland,https://www.hs-nordhausen.de/en/
Hochschule Schmmalkalden,Deutschland,https://www.hs-schmalkalden.de/en.html
Adam-Ries-Fachhochschule,Deutschland,https://www.adam-ries-fh.de/
SRH Hochschule für Gesundheit Gera (Priv. FH),Deutschland,http://www.gesundheitshochschule.de
Hochschule für öffentliche Verwaltung Kehl,Deutschland,http://www.hs-kehl.de
Hochschule Ludwigsburg für öffentliche Verwaltung und Finanzen,Deutschland,http://www.hs-ludwigsburg.de
Fachhochschule für Rechtspflege Schwetzingen,Deutschland,"http://www.hfr-bw.de/pb/,Lde/Startseite"
Hochschule der Polizei Baden-Württemberg,Deutschland,https://www.hfpol-bw.de/
Hochschule für den öffentlichen Dienst in Bayern,Deutschland,https://www.fhvr.bayern.de/
FH der Polizei Brandenburg (VerwFH) in Oranienburg,Deutschland,https://hpolbb.de/
Fachhochschule für Finanzen Brandenburg in Königs Wusterhausen,Deutschland,http://www.fhf-kw.brandenburg.de
Hochschule für öffentliche Verwaltung Bremen,Deutschland,http://www.hfoev.bremen.de
"Hochschule der Polizei, Hamburg (Verw-FH)",Deutschland,https://akademie-der-polizei.hamburg.de/
Norddeutsche Akademie für Finanzen und Steuerrecht Hamburg,Deutschland,https://www.hamburg.de/fb/norddeutsche-akademie-fuer-finanzen-und-steuerrecht-hamburg/
Hessische Hochschule für Finanzen und Rechtspflege,Deutschland,http://www.studienzentrum-rotenburg.de
Hessische Hochschule für Polizei und Verwaltung,Deutschland,https://www.hfpv.de/
Verwaltungs-Fachhochschule Güstrow,Deutschland,http://www.fh-guestrow.de
"Norddeutsche Hochschule für Rechtspflege, Hildesheim",Deutschland,http://www.fhr-nord.niedersachsen.de
Kommunale Hochschule für Verwaltung in Niedersachsen,Deutschland,https://www.nsi-hsvn.de/index.php
"Fachhochschule für Rechtspflege NW, Bad Münstereifel",Deutschland,http://www.fhr.nrw.de
Fachhochschule für Finanzen NRW,Deutschland,https://www.finanzverwaltung.nrw.de/duales-studium-der-fhf-nrw
Fachhochschule für öffentliche Verwaltung Nordrhein-Westfalen,Deutschland,http://www.fhoev.nrw.de
Hochschule des Bundes für öffentliche Verwaltung,Deutschland,https://www.hsbund.de/DE/00_Home/home-node.html
Hochschule für Finanzen Rheinland-Pfalz,Deutschland,https://landesfinanzschule-edenkoben.fin-rlp.de/startseite
Hochschule der Deutschen Bundesbank Hachenburg,Deutschland,http://www.hochschule-bundesbank.de
Hochschule für öffentliche Verwaltung Rheinland-Pfalz,Deutschland,https://hoev-rlp.de/de/startseite/
Fachhochschule für Verwaltung Saarbrücken,Deutschland,https://www.saarland.de/fhsv.htm
Hochschule für öffentliche Verwaltung und Rechtspflege Meißen (FH),Deutschland,https://www.hsf.sachsen.de/
"Hochschule der Sächsischen Polizei, Rothenburg/OL. (FH)",Deutschland,https://www.polizei.sachsen.de/de/polfh.htm
"Fachhochschule Polizei Sachsen-Anhalt, Aschersleben",Deutschland,http://www.polizei.sachsen-anhalt.de
Fachhochschule für Verwaltung und Dienstleistung Altenholz,Deutschland,http://fhvd-sh.de/
Thüringer Fachhochschule für öffentliche Verwaltung Gotha,Deutschland,https://www.thueringen.de/th3/vfhs/
"Hochschule für Medien, Kommunikation und Wirtschaft (HMKW)",Deutschland,http://www.hmkw.de/
"Hochschule für Wirtschaft, Technik und Kultur Berlin (HWTK)",Deutschland,https://www.hwtk.de/en/
International Psychoanalytic University Berlin,Deutschland,http://www.ipu-berlin.de/
Hochschule Emden/Leer,Deutschland,http://www.hs-emden-leer.de/
Brand Academy - Hochschule für Design und Kommunikation,Deutschland,https://www.brand-university.de/
KLU Kühne Logistics University (Priv.),Deutschland,http://www.the-klu.org
MSH Medical School Hamburg,Deutschland,http://www.medicalschool-hamburg.de/
Hochschule Hamm-Lippstadt,Deutschland,http://www.hshl.de/en/
Hochschule Rhein-Waal,Deutschland,http://www.hochschule-rhein-waal.de/en/
Cologne Business School (CBS) - European University of Applied Sciences (Priv. FH),Deutschland,http://www.cbs.de/de/
Hochschule der Wirtschaft für Management (HdWM) Mannheim (Priv. FH),Deutschland,http://www.hdwm.net/start.html
Hochschule Ruhr West (HRW),Deutschland,https://www.hochschule-ruhr-west.de/
Psychologische Hochschule Berlin (Priv. U),Deutschland,https://www.psychologische-hochschule.de/
Bard College Berlin,Deutschland,https://berlin.bard.edu/
ESMOD Berlin Internationale Kunsthochschule für Mode (Priv.),Deutschland,http://www.esmod.de/
Internationale Hochschule Liebenzell,Deutschland,http://www.ihl.eu/
"Hochschule für Kunst, Design und Populäre Musik Freiburg i. Br. (Priv. FH)",Deutschland,https://www.macromedia-fachhochschule.de/de/standorte/freiburg/
Akkon HS Berlin (Priv. FH),Deutschland,https://www.akkon-hochschule.de/
DEKRA Hochschule für Medien,Deutschland,http://dekra-hochschule-berlin.de/hochschule/
German open Business School - HS für Wirtschaft und Verwaltung Berlin (Priv- FH),Deutschland,http://www.go-bs.de/
Fachhochschule für Sport und Management Potsdam (Priv.),Deutschland,https://www.fhsmp.de/
BSP Business and Law School – Hochschule für Management und Recht,Deutschland,https://www.businessschool-berlin.de/
CVJM-Hochschule Kassel (Priv. FH),Deutschland,http://www.cvjm-hochschule.de
"Hochschule Weserbergland (HSW), Hameln (Priv.FH)",Deutschland,http://www.hsw-hameln.de/
Leibniz - Fachhochschule Hannover (Priv. FH),Deutschland,http://www.leibniz-fh.de/
"Hochschule für Gesundheit, Bochum",Deutschland,http://www.hs-gesundheit.de/de
Fliedner Fachhochschule Düsseldorf (Priv. ),Deutschland,http://www.fliedner-fachhochschule.de/
Hochschule Neuss für Internationale Wirtschaft (Priv. FH),Deutschland,http://www.hs-neuss.de/
Mathias Hochschule Rheine (Priv. FH),Deutschland,https://www.khm.de
Fachhochschule Dresden (Priv. FH),Deutschland,http://www.fh-dresden.eu/
SRH Berlin School of Popular Arts,Deutschland,https://www.srh-berlin.de/en/schools/berlin-school-of-popular-arts-sopa/
Jade Hochschule,Deutschland,http://www.jade-hs.de/
SRH Wilhelm Löhe Hochschule,Deutschland,https://www.srh-hochschule-fuerth.de/
"Medical School Berlin, Hochschule für Gesundheit und Medizin (Priv. FH)",Deutschland,http://www.medicalschool-berlin.de/
Brandenburgische Technische Universität Cottbus-Senftenberg,Deutschland,http://www.b-tu.de/
VWA-Hochschule für berufsbegleitendes Studium Stuttgart (Priv.FH),Deutschland,https://www.vwa-hochschule.de/startseite-vwa-hochschule.html
Hochschule Geisenheim University (FH),Deutschland,https://www.hs-geisenheim.de/en/
Designhochschule Leipzig (Priv. FH),Deutschland,http://www.vitruvius-hochschule.de/
IST-Hochschule für Management Düsseldorf (Priv. FH),Deutschland,https://www.ist-hochschule.de/
Medizinische Hochschule Brandenburg in Neuruppin (Priv. U),Deutschland,https://www.mhb-fontane.de/
"Munich Institute of Media and Musical Arts, MIMA München (Priv. Kunst-H)",Deutschland,http://mima-university.de/index.html
Hochschule für Kommunikation und Gestaltung (Priv. FH),Deutschland,https://www.hfk-bw.de/
HDBW Hochschule der Bayerischen Wirtschaft für angewandte Wissenschaften (Priv. FH),Deutschland,https://www.hdbw-hochschule.de/
Berlin International University of Applied Sciences,Deutschland,https://www.berlin-international.de/
NBS Northern Business School Hamburg (Priv. FH),Deutschland,https://www.nbs.de/
praxisHochschule Köln (Priv. FH),Deutschland,https://www.eufh.de
HSD Hochschule Döpfer Köln (Priv. FH),Deutschland,https://www.hs-doepfer.de/
Hochschule der Polizei Rheinland-Pfalz in Büchenbeuren,Deutschland,https://www.polizei.rlp.de/de/startseite/
Akademie der Polizei Hamburg,Deutschland,https://akademie-der-polizei.hamburg.de/akademie/
Fachhochschule Clara Hoffbauer Potsdam (Priv. FH),Deutschland,https://www.fhchp.de/
Duale Hochschule Gera-Eisenach (FH),Deutschland,https://www.dhge.de/DHGE.html
Hochschule Fresenius Heidelberg (Priv. FH),Deutschland,https://www.hs-fresenius.de/
German International University,Deutschland,http://www.giu-berlin.de/
Berufliche Hochschule Hamburg,Deutschland,https://bhh.hamburg.de/
Charlotte Fresenius Hochschule,Deutschland,https://www.charlotte-fresenius-uni.de/
Hochschule für angewandte Pädagogik,Deutschland,https://www.hsap.de/
CODE University of Applied Sciences,Deutschland,https://code.berlin/
Hochschule der bildenden Künste (HBK) Essen,Deutschland,https://www.hbk-essen.de/de/
GISMA Business School,Deutschland,https://www.gisma.com/
Duale Hochschule Schleswig-Holstein,Deutschland,https://www.dhsh.de/
Evangelische Hochschule Tabor,Deutschland,https://www.eh-tabor.de/de
HMU Health and Medical University,Deutschland,https://www.health-and-medical-university.de/
Hochschule für Katholische Kirchenmusik und Musikpädagogik,Deutschland,https://www.hfkm-regensburg.de/
Københavns Universitet,Denmark,http://www.ku.dk/english
Aarhus Universitet,Denmark,http://www.au.dk/en/
Syddansk Universitet,Denmark,http://www.sdu.dk/en/
Roskilde Universitet,Denmark,http://www.ruc.dk/en/
Aalborg Universitet,Denmark,http://www.en.aau.dk/
Danmarks Tekniske Universitet,Denmark,http://www.dtu.dk/english
Handelshøjskolen i Kobenhavn,Denmark,http://www.cbs.dk/en/
IT-Universitetet i København,Denmark,http://en.itu.dk/
Arkitektskolen Aarhus,Denmark,http://aarch.dk/
Designskolen Kolding,Denmark,http://www.designskolenkolding.dk/en
Det informasjonsvidenskapelige Akademi,Denmark,http://iva.ku.dk/
"Det Kongelige Danske Kunstakademis Skoler for Arkitektur, Design og Konservering",Denmark,http://kadk.dk/
Professionshøjskolen Metropol,Denmark,http://en.phmetropol.dk/
Professionshøjskolen UCC,Denmark,https://ucc.dk/international
Professionshøjskolen University College Nordjylland,Denmark,http://www.ucn.dk/english/home
University College Syddanmark,Denmark,https://www.ucsyd.dk/international/
University College Lillebælt,Denmark,https://www.ucl.dk/international
Professionshøjskolen Absalon,Denmark,http://phabsalon.dk/international/
VIA University College,Denmark,http://en.via.dk/
Københavns Erhvervsakademie (KEA),Denmark,http://www.kea.dk/en/
Erhvervsakademi Sjælland,Denmark,http://zibat.dk/
Erhvervsakademi Dania,Denmark,https://eadania.com/
IBA Erhvervsakademi Kolding,Denmark,http://www.iba.dk/international
Erhvervsakademiet Lillebælt,Denmark,https://www.eal.dk/international/
Erhvervsakademiet Copenhagen Business,Denmark,http://cphbusiness.dk/english/
Erhvervsakademi SydVest,Denmark,https://www.easv.dk/en/
Erhvervsakademi Midtvest,Denmark,http://www.eamv.dk/
Erhvervsakademi Aarhus,Denmark,https://www.baaa.dk
Danmarks Medie og Journalisthøjskole,Denmark,http://www.dmjx.dk/international
SIMAC,Denmark,https://simac.dk/bliv-studerende/adgangskursus
Kriminalforsorgens Uddannelsescenter,Denmark,https://blivfaengselsbetjent.dk/
Ilisimatusarfik,Denmark,http://uk.uni.gl/
Fróðskaparsetur Føroya,Denmark,http://setur.fo/en/
Den Frie Lærerskole,Denmark,https://laererskolen.dk
Københavns Professionshøjskole,Denmark,https://www.kp.dk/
Aarhus Maskinmesterskole,Denmark,https://aams.dk/en/
Det Kgl. Danske Musikkonservatorium,Denmark,https://english.dkdm.dk/
Rytmisk Musikkonservatorium,Denmark,https://rmc.dk/en#.YSTmQo4zYuU
Det Jyske Musikkonservatorium,Denmark,https://musikkons.dk/en/
Syddansk Musikkonservatorium,Denmark,https://www.sdmk.dk/en/
Politiskolen,Denmark,https://politi.dk/politiskolen
Den Danske Scenekunstskole,Denmark,https://ddsks.dk/en
Maskinmesterskolen København,Denmark,https://www.msk.dk/
Fredericia Maskinmesterskole,Denmark,http://www.fms.dk/index.php/
Martec - Frederikshavns Maritime uddannelsescenter,Denmark,https://www.martec.dk
Tartu Ülikool,Estonia,http://www.ut.ee/
Tallinna Tehnikaülikool,Estonia,http://www.ttu.ee
Tallinna Ülikool,Estonia,http://www.tlu.ee
Eesti Maaülikool,Estonia,http://www.emu.ee
Eesti Ettevõtluskõrgkool Mainor,Estonia,http://www.eek.ee
Tallinna Tehnikakõrgkool,Estonia,http://www.tktk.ee
Estonian Business School,Estonia,http://www.ebs.ee
Euroakadeemia,Estonia,https://www.euro-academy.com/
Tallinna Tervishoiu Kõrgkool,Estonia,http://www.ttk.ee
Tartu Tervishoiu Kõrgkool,Estonia,http://www.nooruse.ee
Eesti Kunstiakadeemia,Estonia,http://www.artun.ee
Tallinna Majanduskool,Estonia,http://www.tmk.edu.ee
Sisekaitseakadeemia,Estonia,http://www.sisekaitse.ee
Lääne-Viru Rakenduskõrgkool,Estonia,http://www.lvrkk.ee
Eesti Mereakadeemia,Estonia,http://www.emara.ee
Eesti Muusika- ja Teatriakadeemia,Estonia,http://www.ema.edu.ee
Eesti Infotehnoloogia Kolledž,Estonia,http://www.itcollege.ee/
Võrumaa Kutsehariduskeskus,Estonia,http://www.vkhk.ee
Eesti Lennuakadeemia,Estonia,http://www.eava.ee
Kõrgem Kunstikool Pallas,Estonia,https://pallasart.ee/
Eesti Hotelli- ja Turismikõrgkool,Estonia,http://www.ehte.ee
Arvutikolledž,Estonia,http://www.iati.ee
Eesti Metodisti Kiriku Teoloogiline Seminar,Estonia,http://www.emkts.ee
Kaitseväe Akadeemia,Estonia,http://www.ksk.edu.ee
EELK Usuteaduse Instituut,Estonia,http://ui.eelk.ee
EEKBKL Kõrgem Usuteaduslik Seminar,Estonia,https://kus.kogudused.ee/
Universidad de Almería,Spain,http://www.ual.es
Universidad de Cádiz,Spain,http://www.uca.es
Universidad de Córdoba,Spain,http://www.uco.es
Universidad de Granada,Spain,http://www.ugr.es
Universidad de Huelva,Spain,http://www.uhu.es
Universidad de Jaén,Spain,http://www.ujaen.es
Universidad de Málaga,Spain,http://www.uma.es
Universidad Pablo de Olavide,Spain,http://www.upo.es
Universidad de Sevilla,Spain,http://www.us.es
Universidad de Zaragoza,Spain,http://www.unizar.es/
Universidad de Oviedo,Spain,http://www.uniovi.es
Universitat de les Illes Balears,Spain,http://www.uib.cat
Universidad de La Laguna,Spain,http://www.ull.es
Universidad de Las Palmas de Gran Canaria,Spain,http://www.ulpgc.es
Universidad de Cantabria,Spain,http://www.unican.es
Universitat Autònoma de Barcelona,Spain,http://www.uab.es
Universitat de Barcelona,Spain,http://www.ub.edu
Universitat de Girona,Spain,http://www.udg.edu
Universitat de Lleida,Spain,http://www.udl.cat
Universitat Politècnica de Catalunya · BarcelonaTech,Spain,http://www.upc.edu
Universitat Pompeu Fabra,Spain,http://www.upf.edu
Universitat Rovira i Virgili,Spain,http://www.urv.cat
Universidad de Castilla-La Mancha,Spain,http://www.uclm.es
Universidad de Alicante,Spain,http://www.ua.es
Universidad Jaume I de Castellón,Spain,http://www.uji.es
Universidad Miguel Hernández de Elche,Spain,http://www.umh.es
Universidad Politécnica de Valencia,Spain,http://www.upv.es
Universitat de València (Estudi General),Spain,http://www.uv.es
Universidad de Burgos,Spain,http://www.ubu.es
Universidad de León,Spain,http://www.unileon.es
Universidad de Salamanca,Spain,http://www.usal.es
Universidad de Valladolid,Spain,http://www.uva.es/
Universidad de Extremadura,Spain,http://www.unex.es
Universidad de A Coruña,Spain,http://www.udc.es
Universidad de Santiago de Compostela,Spain,http://www.usc.es
Universidad de Vigo,Spain,http://www.uvigo.es
Universidad de Alcalá,Spain,http://www.uah.es
Universidad Autónoma de Madrid,Spain,http://www.uam.es
Universidad Carlos III de Madrid,Spain,http://www.uc3m.es
Universidad Complutense de Madrid,Spain,http://www.ucm.es
Universidad Politécnica de Madrid,Spain,http://www.upm.es
Universidad Rey Juan Carlos,Spain,http://www.urjc.es
Universidad de Murcia,Spain,http://www.um.es
Universidad Politécnica de Cartagena,Spain,http://www.upct.es
Universidad Pública de Navarra,Spain,http://www.unavarra.es
Universidad del País Vasco / Euskal Herriko Unibertsitatea,Spain,http://www.ehu.es
Universidad de La Rioja,Spain,http://www.unirioja.es
IE Universidad,Spain,http://www.ie.edu
Universidad a Distancia de Madrid (UDIMA),Spain,http://www.udima.es
Universidad Alfonso X El Sabio,Spain,http://www.uax.es
Universidad Antonio de Nebrija,Spain,http://www.nebrija.com
Universidad Camilo José Cela,Spain,http://www.ucjc.edu
Universidad Cardenal Herrera-CEU,Spain,http://www.uchceu.es
Universidad Católica Santa Teresa de Jesús de Ávila,Spain,http://www.ucavila.es
Universidad Católica de Valencia,Spain,http://www.ucv.es
Universidad Católica San Antonio de Murcia,Spain,http://www.ucam.edu
Universidad de Deusto,Spain,http://www.deusto.es
Universidad de Navarra,Spain,http://www.unav.edu
Universidad Europea de Madrid,Spain,https://universidadeuropea.es/
Universidad Europea Miguel de Cervantes,Spain,http://www.uemc.edu
Universidad Francisco de Vitoria,Spain,http://www.ufv.es
Universidad Internacional de Andalucía,Spain,http://www.unia.es
Universidad Internacional Isabel I de Castilla,Spain,http://www.ui1.es
Universidad Internacional de la Rioja,Spain,http://www.unir.net
Universidad Internacional Menéndez Pelayo,Spain,http://www.uimp.es
Universidad Mondragón Unibertsitatea,Spain,http://www.mondragon.edu
Universidad Nacional de Educación a Distancia,Spain,http://www.uned.es
Universidad Pontificia Comillas,Spain,https://www.comillas.edu/en/
Universidad Pontificia de Salamanca,Spain,http://www.upsa.es
Universidad San Jorge,Spain,https://www.usj.es/
Universidad San Pablo-CEU,Spain,http://www.uspceu.es
Universitat Abat Oliba CEU,Spain,https://www.uaoceu.es/
Universitat de Vic - Universitat Central de Catalunya,Spain,http://www.uvic.es
Universitat Internacional de Catalunya,Spain,http://www.uic.es
Universitat Internacional Valenciana (VIU),Spain,https://www.universidadviu.es/
Universitat Oberta de Catalunya,Spain,http://www.uoc.edu
Universitat Ramón Llull,Spain,http://www.url.es
Universidad Europea de Canarias,Spain,http://canarias.universidadeuropea.es/
Universidad Europea Valencia,Spain,http://valencia.universidadeuropea.es/
Universidad Loyola Andalucia,Spain,http://www.uloyola.es/
Universidad Europea del Atlántico,Spain,https://www.uneatlantico.es/
Universidad Fernando Pessoa-Canarias,Spain,http://www.ufpcanarias.es/
Universidad del Atlántico Medio,Spain,https://www.universidadatlanticomedio.es/
Universidad Internacional Villanueva,Spain,https://www.villanueva.edu/
Universidad Euneiz,Spain,https://www.euneiz.com/
Universidad Intercontinental de la Empresa,Spain,https://uie.edu/
ESIC Universidad,Spain,https://www.esic.edu
Colegio Universitario de Estudios Financieros,Spain,https://www.cunef.edu
Universidad Internacional de la Empresa,Spain,http://www.universidadunie.com/
Helsingin yliopisto,Finland,http://www.helsinki.fi/university/index.html
Turun yliopisto,Finland,https://www.utu.fi/en
Åbo Akademi,Finland,http://www.abo.fi/?lang=en
Oulun yliopisto,Finland,http://www.oulu.fi/english/
Tampereen yliopisto,Finland,http://www.uta.fi/en
Jyväskylän yliopisto,Finland,http://www.jyu.fi/en/
Svenska handelshögskolan,Finland,https://www.hanken.fi/en
Vaasan yliopisto,Finland,https://www.uwasa.fi/en
Lappeenrannan-Lahden teknillinen yliopisto LUT,Finland,http://www.lut.fi/web/en/
Tampereen teknillinen yliopisto,Finland,http://www.tut.fi/en/
Sibelius-Akatemia,Finland,http://www.uniarts.fi/en/
Lapin yliopisto,Finland,http://www.ulapland.fi/InEnglish
Maanpuolustuskorkeakoulu,Finland,http://maanpuolustuskorkeakoulu.fi/en/frontpage
Aalto-yliopisto,Finland,http://www.aalto.fi/en/
Itä-Suomen yliopisto,Finland,http://www.uef.fi/en/uef
Taideyliopisto,Finland,http://www.uniarts.fi
Lapin ammattikorkeakoulu,Finland,http://www.lapinamk.fi/en
Högskolan på Åland,Finland,https://www.ha.ax/en/
HAAGA-HELIA ammattikorkeakoulu,Finland,http://www.haaga-helia.fi/en/frontpage
Metropolia ammattikorkeakoulu,Finland,http://www.metropolia.fi/en/
Yrkeshögskolan Novia,Finland,http://www.novia.fi/novia-uas/
Tampereen yliopisto,Finland,https://www.tuni.fi/en/
Tampereen ammattikorkeakoulu,Finland,http://www.tamk.fi/en
Hämeen ammattikorkeakoulu,Finland,https://www.hamk.fi/?lang=en
Karelia-ammattikorkeakoulu,Finland,http://www.karelia.fi/en/
Lahden ammattikorkeakoulu,Finland,https://www.lamk.fi/en
Oulun ammattikorkeakoulu,Finland,http://www.oamk.fi/english/
Seinäjoen ammattikorkeakoulu,Finland,http://www.seamk.fi/en
Kajaanin ammattikorkeakoulu,Finland,http://www.kamk.fi/en
Jyväskylän ammattikorkeakoulu,Finland,http://www.jamk.fi/en/Home/
Mikkelin ammattikorkeakoulu,Finland,http://www.mamk.fi/index.asp
Satakunnan ammattikorkeakoulu,Finland,http://www.samk.fi/english/
Turun ammattikorkeakoulu,Finland,http://www.tuas.fi/en
Yrkeshögskolan Arcada,Finland,http://www.arcada.fi/en
Centria ammattikorkeakoulu,Finland,http://web.centria.fi/
Savonia ammattikorkeakoulu,Finland,http://portal.savonia.fi/amk/en/
Poliisiammattikorkeakoulu,Finland,http://www.polamk.fi/en
Kymenlaakson ammattikorkeakoulu,Finland,http://www.kyamk.fi/Frontpage
Saimaan ammattikorkeakoulu,Finland,https://www.saimia.fi/en-fi/
Diakonia-ammattikorkeakoulu,Finland,http://www.diak.fi/en/diak/
Vaasan ammattikorkeakoulu,Finland,http://www.puv.fi/en/
Laurea ammattikorkeakoulu,Finland,http://www.laurea.fi/en
Humanistinen ammattikorkeakoulu,Finland,http://www.humak.fi/en
Kaakkois-Suomen ammattikorkeakoulu,Finland,https://www.xamk.fi/en/frontpage/
LAB-ammattikorkeakoulu,Finland,https://www.lab.fi/en
Université Nice - Sophia-Antipolis,France,http://unice.fr/
Université de technologie de Troyes,France,http://www.utt.fr/
École de l'air,France,https://www.ecole-air-espace.fr/
École nationale supérieure d'architecture de Marseille,France,http://www.marseille.archi.fr/
École supérieure d'art et de design Marseille-Mediterranée,France,http://www.esadmm.fr/
École centrale de Marseille,France,http://www.centrale-marseille.fr/
Aix-Marseille université,France,http://www.univ-amu.fr/
Université de Caen Basse-Normandie,France,http://www.unicaen.fr/
École supérieure d'arts et médias de Caen - Cherbourg,France,http://www.esam-c2.fr/
École nationale supérieure d'ingénieurs de Caen,France,http://www.ensicaen.fr/
École supérieure d'ingénieurs des travaux de la construction de Caen,France,http://www.esitc-caen.fr/
École européenne supérieure de l'image,France,http://www.eesi.eu/
École d'ingénieurs en génie des systèmes industriels,France,http://www.eigsi.fr/
Université de La Rochelle,France,http://www.univ-larochelle.fr/
École nationale supérieure d'art de Bourges,France,http://www.ensa-bourges.fr/
École nationale supérieure d'ingénieurs de Bourges,France,http://www.ensi-bourges.fr/
École nationale supérieure d'art de Dijon,France,http://www.ensa-dijon.fr/
Université de Bourgogne,France,http://www.u-bourgogne.fr/
École nationale des greffes,France,http://www.eng.justice.fr/?
"Institut national supérieur des sciences agronomiques, de l'alimentation et de l'environnement",France,http://www.agrosupdijon.fr/
École nationale supérieure de mécanique et des microtechniques,France,http://www.ens2m.fr/
Université de Franche-Comté,France,http://www.univ-fcomte.fr/
École nationale d'ingénieurs de Brest,France,http://www.enib.fr/
École Navale,France,http://www.ecole-navale.fr/
École nationale supérieure de techniques avancées Bretagne,France,http://www.ensta-bretagne.fr/
Université de Bretagne Occidentale,France,http://www.univ-brest.fr/
Télécom Bretagne,France,http://www.telecom-bretagne.eu/ecole/
Institut supérieur de l'électronique et du numérique Brest,France,https://isen-brest.fr/
École des mines d'Alès,France,http://www.mines-ales.fr/
Université de Nîmes,France,http://www.unimes.fr/
Institut supérieur des Arts de Toulouse,France,http://www.isdat.eu/
École nationale supérieure d'architecture de Toulouse,France,http://www.toulouse.archi.fr/
Institut national des sciences appliquées de Toulouse,France,http://www.insa-toulouse.fr/
École d'ingénieurs de Purpan,France,http://www.purpan.fr/
Institut catholique de Toulouse,France,http://www.ict-toulouse.fr/fr/index.html
École nationale de l'aviation civile,France,http://www.enac.fr/
Institut national polytechnique de Toulouse,France,http://www.inp-toulouse.fr/
Université Toulouse 1 - Capitole,France,http://www.ut-capitole.fr/
Université Toulouse - Jean Jaurès,France,http://www.univ-tlse2.fr/
Université de Toulouse 3 - Paul Sabatier,France,http://www.univ-tlse3.fr/
Institut supérieur de l'aéronautique et de l'espace,France,https://www.isae-supaero.fr/fr/
École nationale supérieure d'architecture et de paysage de Bordeaux,France,http://www.bordeaux.archi.fr/
École nationale supérieure des sciences agronomiques de Bordeaux Aquitaine,France,http://www.agro-bordeaux.fr/
Université Bordeaux 1 Sciences et Technologies,France,http://www.u-bordeaux1.fr/
Université Bordeaux 2 Segalen,France,http://www.univ-bordeauxsegalen.fr/en/index.html
Université Bordeaux Montaigne,France,http://www.u-bordeaux3.fr/
École des beaux-arts de Bordeaux,France,http://www.ebabx.fr
École nationale de la magistrature,France,https://www.enm.justice.fr/
Institut polytechnique de Bordeaux,France,https://www.bordeaux-inp.fr/fr
École nationale supérieure de chimie de Montpellier,France,http://www.enscm.fr/
École nationale supérieure d’architecture de Montpellier,France,http://www.montpellier.archi.fr/
Université Montpellier 1,France,http://www.univ-montp1.fr/
Université Montpellier 2 - Sciences et Techniques,France,http://www.univ-montp2.fr/
Université Montpellier 3 - Paul-Valéry,France,http://www.univ-montp3.fr/
Institut national d'études supérieures agronomiques de Montpellier,France,https://www.montpellier-supagro.fr/
École nationale supérieure de chimie de Rennes,France,http://www.ensc-rennes.fr/
École nationale supérieure d'architecture de Bretagne,France,http://www.rennes.archi.fr/
École régionale des beaux-arts de Rennes,France,https://www.eesab.fr/rennes
École des hautes études en santé publique,France,http://www.ehesp.fr/
Institut national des sciences appliquées de Rennes,France,http://www.insa-rennes.fr/
Université de Rennes 1,France,http://www.univ-rennes1.fr/
Université Rennes 2,France,http://www.univ-rennes2.fr/
ECAM Rennes Louis de Broglie,France,http://www.ecam-rennes.fr/
Institut catholique de Rennes,France,http://www.icrennes.com/
École des métiers de l'environnement,France,http://www.ecole-eme.fr/
École des Avocats du Grand Ouest,France,http://www.edago.fr/
École nationale de la statistique et de l'analyse de l'information,France,http://www.ensai.fr/
"Institut supérieur des sciences agronomiques, agroalimentaires, horticoles et du paysage",France,https://www.agrocampus-ouest.fr/
Université de Tours,France,http://www.univ-tours.fr/
École nationale supérieure d'architecture de Grenoble,France,http://www.grenoble.archi.fr/
École supérieure d'art de Grenoble,France,http://www.esad-gv.fr/fr/
Université Joseph Fourier,France,http://www.ujf-grenoble.fr/
Université Pierre Mendès France,France,http://www.upmf-grenoble.fr/
Université Stendhal,France,http://www.u-grenoble3.fr/
Grenoble INP,France,http://www.grenoble-inp.fr/
Communauté Université Grenoble-Alpes,France,http://www.grenoble-univ.fr/
École nationale d'ingénieurs du Val de Loire,France,http://www.enivl.fr/
École supérieure d'art et design Saint-Étienne,France,http://www.esadse.fr/
École nationale d'ingénieurs de Saint-Étienne,France,http://www.enise.fr/
Telecom Saint-Étienne,France,http://www.telecom-st-etienne.fr/
Université Jean Monnet,France,https://www.univ-st-etienne.fr/fr/index.html
École nationale supérieure d'architecture de Saint-Étienne,France,http://www.st-etienne.archi.fr/
Ecole centrale de Nantes,France,http://www.ec-nantes.fr/
École nationale supérieure d'architecture de Nantes,France,http://www.nantes.archi.fr/
École supérieure des beaux-arts de Nantes Métropole,France,http://www.beauxartsnantes.fr/
Université de Nantes,France,http://www.univ-nantes.fr/
Institut régional d'administration de Nantes,France,http://www.ira-nantes.gouv.fr/
École nationale d'ingénieurs des techniques des industries agricoles et alimentaires,France,http://www.oniris-nantes.fr/
École nationale supérieure des mines de Nantes,France,http://www.mines-nantes.fr/en/
École supérieure du bois,France,http://www.ecoledubois.fr/
Université d'Orléans,France,http://www.univ-orleans.fr/
École supérieure d'art et de design d'Orléans,France,https://esadorleans.fr/
École nationale d'administration pénitentiaire,France,http://www.enap.justice.fr/
École régionale des beaux-arts d'Angers,France,http://angers.esba-talm.fr/
École supérieure d'agriculture d'Angers,France,http://www.groupe-esa.com/
École supérieure d'électronique de l'Ouest,France,http://www.eseo.fr/
Facultés libres de l'Ouest,France,http://www.uco.fr/
Université d'Angers,France,http://www.univ-angers.fr/
École supérieure angevine en informatique et productique,France,http://www.esaip.org/
École supérieure d'art et de design de Reims,France,http://www.esad-reims.fr/
Université de Reims Champagne-Ardenne,France,http://www.univ-reims.fr/
École nationale supérieure d'architecture de Nancy,France,http://www.nancy.archi.fr/
École nationale supérieure d'art de Nancy,France,http://www.ensa-nancy.fr/
Université de Lorraine,France,http://www.univ-lorraine.fr/
École spéciale militaire de Saint-Cyr,France,http://www.st-cyr.terre.defense.gouv.fr/
École militaire interarmes,France,http://www.st-cyr.terre.defense.gouv.fr/index.php/Les-Ecoles/L-Ecole-Militaire-Interarmes
Université de Bretagne-Sud,France,http://www.univ-ubs.fr/
École nationale d'ingénieurs de Metz,France,http://enim.univ-lorraine.fr/
Institut régional d'administration de Metz,France,http://www.ira-metz.fr/
École supérieure d'ingénieurs des travaux de la construction de Metz,France,http://www.esitc-metz.com/
École nationale supérieure de chimie de Lille,France,http://www.ensc-lille.fr/
École nationale supérieure d'architecture et de paysage de Lille,France,http://www.lille.archi.fr/
École nationale supérieure des arts et industries textiles,France,http://www.ensait.fr/
École nationale supérieure des mines de Douai,France,http://www2.mines-douai.fr/index.php
Groupe Institut supérieur d'agriculture de Lille,France,http://www.isa-lille.fr/
Institut catholique de Lille,France,http://www.univ-catholille.fr/?
Institut supérieur de l'électronique et du numérique Lille,France,https://www.isen-lille.fr/
Hautes études d'ingénieur,France,http://www.hei.fr/
Centrale Lille Institut,France,http://centralelille.fr/
Université Polytechnique Hauts-de-France,France,http://www.uphf.fr/
Université Lille 1 - Sciences technologies,France,http://www.univ-lille1.fr/
Université Lille 2 - Droit et Santé,France,http://www.univ-lille2.fr/
Université Lille 3 - Charles-de-Gaulle,France,http://www.univ-lille3.fr/
Institut régional d'administration de Lille,France,https://www.ira-lille.gouv.fr/
Université du Littoral Côte d'Opale,France,http://www.univ-littoral.fr/
IXAD École des avocats de la région Nord-Ouest,France,http://www.cfpa-online.com/
Université de technologie de Compiègne,France,http://www.utc.fr/
École supérieure de chimie organique et minérale,France,http://www.escom.fr/
Université d'Artois,France,http://www.univ-artois.fr/
École nationale supérieure de chimie de Clermont-Ferrand,France,http://www.ensccf.fr/
Ecole nationale des finances publiques,France,https://www.impots.gouv.fr/portail/lecole-nationale-des-finances-publiques-enfip-0
Université d'Auvergne,France,http://www.u-clermont1.fr/
École nationale supérieure d'architecture de Clermont-Ferrand,France,http://www.clermont-fd.archi.fr/
Université Blaise Pascal,France,http://www.univ-bpclermont.fr/
VetAgro Sup Lempdes,France,https://www.vetagro-sup.fr
Institut français de mécanique avancée,France,http://www.ifma.fr/
Université de Pau et des Pays de l'Adour,France,http://www.univ-pau.fr/
École supérieure d’art des Pyrénées — Pau Tarbes,France,http://www.esapyrenees.fr/
École supérieure des technologies industrielles avancées,France,http://www.estia.fr/
École nationale d'ingénieurs de Tarbes,France,http://www.enit.fr/
Université de Perpignan - Via Domitia,France,http://www.univ-perp.fr/
École nationale supérieure d'architecture de Strasbourg,France,http://www.strasbourg.archi.fr/
École supérieure des arts décoratifs de Strasbourg,France,http://www.esad-stg.org/
École nationale du génie de l'eau et de l'environnement de Strasbourg,France,http://engees.unistra.fr/
Institut national des sciences appliquées de Strasbourg,France,http://www.insa-strasbourg.fr/
Université de Strasbourg,France,http://www.unistra.fr/
Université de Haute-Alsace,France,http://www.uha.fr/
École nationale supérieure d'architecture de Lyon,France,http://www.lyon.archi.fr/
École nationale supérieure des beaux-arts de Lyon,France,http://www.ensba-lyon.fr/
École centrale de Lyon,France,http://www.ec-lyon.fr/
Institut national des sciences appliquées de Lyon,France,http://www.insa-lyon.fr/
École catholique d'arts et métiers LaSalle,France,http://www.ecam.fr/
Institut catholique de Lyon,France,https://www.ucly.fr/
Université Claude Bernard - Lyon 1,France,http://www.univ-lyon1.fr/
Université Lumière - Lyon 2,France,http://www.univ-lyon2.fr/
Institut régional d'administration de Lyon,France,https://www.ira-lyon.gouv.fr
Institut supérieur d'agriculture et d'agroalimentaire Rhône-Alpes,France,http://www.isara.fr/
Université Jean Moulin - Lyon 3,France,http://www.univ-lyon3.fr/
École nationale supérieure des sciences de l'information et des bibliothèques,France,http://www.enssib.fr/
École nationale des travaux publics de l'État,France,http://www.entpe.fr/
Conservatoire national supérieur musique et danse de Lyon,France,http://www.cnsmd-lyon.fr/
Institut textile et chimique,France,http://www.itech.fr/
École supérieure chimie physique électronique de Lyon,France,http://www.cpe.fr/
École des avocats Rhône-Alpes,France,http://www.edara.fr/
École normale supérieure de Lyon,France,http://www.ens-lyon.eu/
Le Mans Université,France,http://www.univ-lemans.fr/
Université de Savoie Mont Blanc,France,https://www.univ-smb.fr/
École d'ingénieur de la ville de Paris,France,http://www.eivp-paris.fr/
"Faculté Libre de Droit, d’Economie et de Gestion",France,http://facoparis.com/
Université Paris-Dauphine,France,http://www.dauphine.fr/
Université Paris 1 - Panthéon Sorbonne,France,http://www.pantheonsorbonne.fr/
Université Panthéon-Assas,France,http://www.u-paris2.fr/
Université Sorbonne Nouvelle - Paris 3,France,http://www.univ-paris3.fr/
Université Paris-Sorbonne,France,http://www.paris-sorbonne.fr/
Université Paris Descartes,France,https://www.parisdescartes.fr/
Université Pierre et Marie Curie,France,http://www.upmc.fr/
Université Paris Diderot,France,http://www.univ-paris-diderot.fr/
École nationale supérieure d'architecture de Paris-Malaquais,France,https://paris-malaquais.archi.fr/
École nationale supérieure d'architecture de Paris-La Villette,France,http://www.paris-lavillette.archi.fr/
École nationale supérieure d'architecture de Paris-Belleville,France,http://www.paris-belleville.archi.fr/
Groupe ESPI École supérieure des professions immobilières,France,https://www.groupe-espi.fr/
École nationale supérieure d'arts et métiers,France,https://artsetmetiers.fr/
École nationale supérieure de chimie de Paris,France,http://www.chimieparistech.psl.eu/
Institut de physique du globe,France,http://www.ipgp.fr/
École supérieure de physique et de chimie industrielles de la ville de Paris,France,http://www.espci.fr/en/
Institut d'études politiques de Paris,France,http://www.sciencespo.fr/
École normale supérieure de Paris,France,http://www.ens.fr/
Institut des sciences et industries du vivant et de l'environnement,France,http://www.agroparistech.fr/
École nationale supérieure des arts décoratifs,France,http://www.ensad.fr/
Conservatoire national des arts et métiers,France,http://www.cnam.fr/
École nationale des Chartes,France,http://www.chartes.psl.eu/
Collège de France,France,http://www.college-de-france.fr/
École pratique des hautes études,France,https://www.ephe.fr/
Institut national des langues et civilisations orientales,France,http://www.inalco.fr/
École du Louvre,France,http://www.ecoledulouvre.fr/index2.html
École nationale supérieure des mines de Paris,France,http://www.mines-paristech.fr/
Muséum national d'histoire naturelle,France,https://www.mnhn.fr/en
Conservatoire national supérieur de musique et de danse de Paris,France,http://www.conservatoiredeparis.fr/accueil/
Observatoire de Paris,France,http://www.obspm.fr/
Télécom Paris,France,https://www.telecom-paris.fr/
Institut Catholique de Paris,France,http://www.icp.fr/en
Institut supérieur d'électronique de Paris,France,http://www.isep.fr/
"École supérieure d'informatique, électronique, automatique",France,http://www.esiea.fr/
École nationale supérieure des beaux-arts,France,http://www.beauxartsparis.fr/en/
École des hautes études en sciences sociales,France,http://www.ehess.fr/
École centrale d'électronique,France,http://www.ece.fr/
École nationale supérieure d'architecture de Paris-Val de Seine,France,http://www.paris-valdeseine.archi.fr/
École nationale supérieure de création industrielle,France,http://www.ensci.com/
École de formation professionnelle des barreaux de la cour d'appel de Paris,France,http://www.efb.fr/
Centre des études supérieures industrielles,France,http://www.cesi.fr/
Institut catholique d'arts et métiers,France,http://www.icam.fr/
Pôle supérieur d’enseignement artistique Paris Boulogne-Billancourt,France,http://www.pspbb.fr/site/
École nationale supérieure d'architecture de Normandie,France,http://www.rouen.archi.fr/
Institut national des sciences appliquées de Rouen,France,https://www.insa-rouen.fr/
Université de Rouen,France,http://www.univ-rouen.fr/
École supérieure d'ingénieurs en génie électrique,France,http://www.esigelec.fr/
Université du Havre,France,http://www.univ-lehavre.fr/
École supérieure d’ingénieurs et de techniciens pour l’agriculture,France,http://www.esitpa.org/
École des officiers de la gendarmerie nationale,France,https://www.gendarmerie.interieur.gouv.fr/eogn
Université Paris-Est Marne-la-Vallée,France,http://www.u-pem.fr/
École nationale des ponts et chaussées,France,http://www.enpc.fr/
École d'architecture de la ville et des territoires à Marne-la-Vallée,France,http://www.marnelavallee.archi.fr/
Université Paris-Est,France,https://www.paris-est-sup.fr/
École nationale supérieure d’architecture de Versailles,France,http://www.versailles.archi.fr/
École des beaux-arts de Versailles,France,https://www.versailles.fr/53/culture/ecole-des-beaux-arts.htm
Université de Versailles Saint-Quentin-en-Yvelines,France,http://www.uvsq.fr/
Université de Picardie Jules Verne,France,http://www.u-picardie.fr/
École Supérieure d'Ingénieurs en Électronique et Électrotechnique Amiens,France,http://www.esiee-amiens.fr/
École nationale supérieure des mines d'Albi-Carmaux,France,https://www.imt-mines-albi.fr/
Institut national universitaire Jean-François-Champollion,France,http://www.univ-jfc.fr/
Université de Toulon,France,http://www.univ-tln.fr/
Institut supérieur de l'électronique et du numérique Toulon,France,https://web-toulon.isen.fr/
Université d'Avignon,France,http://www.univ-avignon.fr/
Institut catholique d'études supérieures,France,http://www.ices.fr/
École nationale supérieure de mécanique et d'aérotechnique de Poitiers,France,http://www.ensma.fr/
Université de Poitiers,France,http://www.univ-poitiers.fr/
Université de Limoges,France,http://www.unilim.fr/
École nationale supérieure de céramique industrielle de Limoges,France,http://www.ensci.fr/
Institut d'ingénierie informatique de Limoges,France,http://www.3il-ingenieurs.fr/
Université de technologie de Belfort-Montbéliard,France,http://www.utbm.fr/
Institut d'Optique Graduate School,France,http://www.institutoptique.fr/
Université Paris-Sud,France,http://www.u-psud.fr/
École supérieure d'électricité,France,http://www.supelec.fr/
École polytechnique,France,http://www.polytechnique.edu/
Télécom SudParis,France,https://www.telecom-sudparis.eu/
Université d'Évry-Val d'Essonne,France,http://www.univ-evry.fr/
Institut Mines-Télécom Business School,France,https://www.imt-bs.eu/
École nationale supérieure d'informatique pour l'industrie et l'entreprise,France,http://www.ensiie.fr/
École nationale supérieure de techniques avancées,France,http://www.ensta-paristech.fr/
EPF - École d'ingénieurs,France,http://www.epf.fr/
École nationale supérieure du pétrole et des moteurs,France,http://www.ifp-school.com/
Université Paris Nanterre,France,https://www.parisnanterre.fr/
Ecole centrale de Paris,France,http://www.ecp.fr/
École Nationale de la Statistique et de l’Administration Économique,France,http://www.ensae.fr/
École supérieure des techniques aéronautiques et de construction automobile,France,http://www.estaca.fr/
École supérieure d'ingénieurs Léonard-de-Vinci,France,https://www.esilv.fr/
École nationale supérieure maritime,France,http://www.supmaritime.fr/
Institut supérieur de mécanique de Paris,France,http://www.supmeca.fr/
Université Paris 13 - Paris Nord,France,http://www.univ-paris13.fr/
Université Paris 8 - Vincennes - Saint-Denis,France,http://www.univ-paris8.fr/
École Supérieure d'Ingénieurs en Électronique et Électrotechnique Paris,France,http://www.esiee.fr/
École normale supérieure Paris-Saclay,France,http://www.ens-cachan.fr/
Université Paris-Est Créteil Val-de-Marne,France,http://www.u-pec.fr/
École d'ingénieur généraliste en informatique et technologies du numérique,France,http://www.efrei.fr/
ESME Sudria,France,http://www.esme.fr/en/
École supérieure d'ingénieurs des travaux de la construction de Paris,France,https://www.esitc-paris.fr/fr
École pour l'informatique et les techniques avancées,France,http://www.epita.fr/
Institut polytechnique des sciences avancées,France,http://www.ipsa.fr/
"École spéciale des travaux publics, du bâtiment et de l'industrie",France,http://www.estp.fr/
École nationale supérieure de l'électronique et de ses applications de Cergy,France,http://www.ensea.fr/
École internationale des sciences du traitement de l'information,France,http://www.eisti.fr/
Université de Cergy-Pontoise,France,http://www.u-cergy.fr/
École d'ingénieur d'agro-développement international,France,http://www.istom.fr/
Institut libre d'éducation physique supérieur,France,http://www.ileps.org/
ECAM - EPMI Graduate School of Engineering,France,http://www.ecam-epmi.fr/
École de biologie industrielle,France,https://ebi-edu.com/en/
Institut régional d'administration de Bastia,France,https://ira-bastia.gouv.fr
Université de Corse Pasquale Paoli,France,http://www.univ-corse.fr/
Université des Antilles,France,http://www.univ-antilles.fr/
Université de La Réunion,France,http://www.univ-reunion.fr/
Université de la Nouvelle-Calédonie,France,https://unc.nc/
Université de la Polynésie Française,France,http://www.upf.pf/
Centre Universitaire de Mayotte,France,http://www.univ-mayotte.fr/
Université de Bordeaux,France,http://www.u-bordeaux.fr/
ESPE de l'académie d'Aix-Marseille,France,https://inspe.univ-amu.fr
ESPE de l'académie d'Amiens,France,https://www.u-picardie.fr/espe/
ESPE de l'académie de Bordeaux,France,https://www.inspe-bordeaux.fr
ESPE de l'académie de Dijon,France,http://espe.u-bourgogne.fr/
ESPE de l'académie de Rennes,France,http://www.espe-bretagne.fr/
ESPE de l'académie de Caen,France,http://www.unicaen.fr/espe/
ESPE de l'académie d'Orléans-Tours,France,http://www.univ-orleans.fr/espe
ESPE de l'académie de Clermont-Ferrand,France,https://espe.uca.fr/
ESPE de l'académie de Corse,France,https://espe.universita.corsica/
ESPE de l'académie de Créteil,France,http://espe.u-pec.fr/
ESPE de l'académie de Besançon,France,http://espe.univ-fcomte.fr/
ESPE de l'académie de Grenoble,France,https://espe.univ-grenoble-alpes.fr/
ESPE de l'académie de Guadeloupe,France,http://www.espe-guadeloupe.fr/
ESPE de l'académie de Guyane,France,http://www.espe-guyane.fr/
ESPE de l'académie de la Réunion,France,http://espe.univ-reunion.fr/
ESPE de l'académie de Lille,France,http://www.espe-lnf.fr/
ESPE de l'académie de Limoges,France,http://www.unilim.fr/espe/
ESPE de l'académie de Nancy-Metz,France,http://espe.univ-lorraine.fr/
ESPE de l'académie de Lyon,France,http://espe.univ-lyon1.fr/
ESPE de l'académie de Martinique,France,http://www.espe-martinique.fr
ESPE de l'académie de Montpellier,France,http://www.espe-lr.fr
ESPE de l'académie de Nantes,France,http://www.espe.univ-nantes.fr/
ESPE de l'académie de Nice,France,https://inspe.univ-cotedazur.fr
ESPE de l'académie de Paris,France,http://www.espe-paris.fr/
ESPE de l'académie de Poitiers,France,http://espe.univ-poitiers.fr/
ESPE de l'académie de Reims,France,http://www.univ-reims.fr/espe
ESPE de l'académie de Rouen,France,http://espe.univ-rouen.fr/
ESPE de l'académie de Strasbourg,France,http://espe.unistra.fr/
ESPE de l'académie de Toulouse,France,http://espe.univ-toulouse.fr/
ESPE de l'académie de Versailles,France,http://www.espe-versailles.fr
Institut national des sciences appliquées Centre Val de Loire,France,http://www.insa-centrevaldeloire.fr/
École normale supérieure de Rennes,France,http://www.ens-rennes.fr/
Hourdé École supérieure des arts et techniques,France,http://www.esat.fr/
École nationale supérieure d'arts de Paris-Cergy,France,http://www.ensapc.fr/
Université de Montpellier,France,http://www.umontpellier.fr/
CentraleSupélec,France,http://www.centralesupelec.fr/
ESPE Nouvelle-Calédonie,France,http://www.univ-nc.nc/formation/formation-des-enseignants#titre1
ESPE Polynésie Française,France,http://inspe.upf.pf
Université de Guyane,France,http://www.univ-guyane.fr/
École nationale vétérinaire de Toulouse,France,http://www.envt.fr/
École nationale vétérinaire d'Alfort,France,http://www.vet-alfort.fr/
École nationale supérieure de paysage de Versailles,France,http://www.ecole-paysage.fr/site/ensp_fr/index.htm
École catholique d'arts et métiers Strasbourg-Europe,France,http://ecam-strasbourg.eu/
École d'ingénieurs SIGMA Clermont,France,https://www.sigma-clermont.fr/
Université de Grenoble Alpes,France,https://www.univ-grenoble-alpes.fr/
Facultés libres de philosophie et de psychologie,France,https://ipc-paris.fr/
École supérieure d'art Annecy Alpes,France,http://www.esaaa.fr/
Centre Sèvres,France,https://centresevres.com/
Ecole nationale supérieure d'art Villa d'Arson,France,https://www.villa-arson.org/
École supérieure d'art et de design d'Amiens,France,http://www.esad-amiens.fr/
Institut supérieur des beaux-arts de Besançon Franche-Comté,France,http://www.isba-besancon.fr/
École des Mines Télécom Atlantique,France,http://www.imt-atlantique.fr/
Université Lasalle,France,https://www.unilasalle.fr/
École supérieure d'art du Nord-Pas de Calais / Dunkerque-Tourcoing,France,https://www.esa-n.info/
Université de Lille,France,https://www.univ-lille.fr/home/
Sorbonne Université,France,https://www.sorbonne-universite.fr
Efrei Paris,France,https://www.efrei.fr/
Institut supérieur européen de formation par l'action,France,https://www.isefac.org/
Epitech,France,https://www.epitech.eu/fr/
E-artsup,France,http://www.e-artsup.net/
Université Côte d'Azur,France,http://www.univ-cotedazur.fr
Université Paris Cité,France,http://u-paris.fr
CY Cergy Paris Université,France,http://www.cyu.fr
EPE université Grenoble Alpes,France,https://www.univ-grenoble-alpes.fr/english/
Université Paris-saclay,France,https://www.universite-paris-saclay.fr/
EM Lyon Business School,France,http://www.em-lyon.com/fr
École des hautes études commerciales de Paris,France,http://www.hec.fr
Grenoble École de management,France,https://www.grenoble-em.com
Audencia Nantes Ecole de management,France,http://www.audencia.com
Institut d'Économie Scientifique et de Gestion,France,https://www.ieseg.fr
Neoma business school,France,http://www.neoma-bs.fr
Kedge business school,France,https://kedge.edu
École supérieure de commerce d’Amiens,France,http://www.esc-amiens.com/
École supérieure des technologies et des affaires de Belfort,France,http://www.esta-groupe.fr/
École de commerce européenne,France,https://ece.inseec.com/en/bba-inseec-school-of-management/
École supérieure de commerce de Pau,France,https://www.esc-pau.fr/
Sud Management - EGC Agen,France,https://www.sudmanagement.fr/
École de gestion et de commerce de Normandie,France,https://www.egcnormandie.fr/
École supérieure de commerce de Clermont-Ferrand,France,https://www.esc-clermont.fr/en/
Institut Européen d'Administration des Affaires,France,https://www.insead.edu/
École supérieure de commerce de Dijon-Bourgogne,France,https://www.bsb-education.com/
École de gestion et de commerce de Valence,France,https://ecole-commerce-valence.fr
Ecole de gestion et de commerce de La Réunion,France,https://www.egc-reunion.re/
École des hautes études commerciales du nord,France,https://www.edhec.edu/
SKEMA Business School,France,http://www.skema.edu/
"Ecole Supérieure de Commerce et Développement – Afrique, Amériques, Asie",France,http://www.ecole3a.edu/
Ecole supérieure pour le développement économique et social de Lyon,France,http://www.esdes.fr/
Institut de recherche et d’action commerciale,France,http://www.idrac-business-school.com/
Ecole de gestion et de commerce de Martinique,France,http://www.egc-martinique.com/
Montpellier Business School,France,https://www.montpellier-bs.com/international/
ICN Nancy-Metz Ecole de management,France,https://www.icn-artem.com/en/
Ecole de gestion et de commerce de Vendée,France,http://www.egc-vendee.fr/
Ecole supérieure des sciences commerciales d’Angers,France,https://www.essca.fr/
Ecole de Gestion et de Commerce du Pacifique Sud,France,https://www.egc.cci.nc/
Ecole supérieure de commerce et de management,France,http://www.escem.fr/
Ecole européenne de management,France,http://www.ebs-paris.fr/ecole-management/
Ecole supérieure du commerce extérieur,France,http://www.esce.fr/business-school/
ESCP Europe,France,https://www.escpeurope.eu/
Ecole Ferrandi Paris,France,https://www.ferrandi-paris.fr/
Institut international du commerce et du développement,France,http://www.icd-ecoles.com/
Institut des hautes études économiques et commerciales,France,https://www.inseec-bs.com/
Institut de préparation à l’administration et à la gestion,France,https://www.ipag.edu/
Institut supérieur du commerce de Paris,France,https://www.iscparis.com/
Institut Superieur de Gestion,France,https://www.isg.fr/
"Institut supérieur privé des sciences, techniques et économie commerciales",France,https://istec.fr/
Institut Français de la Mode,France,http://www.ifm-paris.com/en.html
PSB Paris School of Business,France,https://www.psbedu.paris/en
Excelia Group,France,https://www.excelia-group.com/
Y Schools,France,https://www.yschools.fr/
Brest Business School,France,http://international.brest-bs.com/
Rennes School of Business,France,https://www.rennes-sb.fr/
École de Management de Normandie,France,https://www.em-normandie.com/fr
EM Strasbourg Business School,France,https://www.em-strasbourg.eu/
Ecole de gestion et de commerce d’Occitanie,France,https://www.egc-occitanie.fr/
Ecole des dirigeants et créateurs d'entreprise,France,https://www.edcparis.edu/
École de Management Léonard de Vinci,France,https://www.emlv.fr/
Ecole supérieure des sciences économiques et commerciales,France,http://www.essec.edu
Institut polytechnique de Paris,France,https://www.ip-paris.fr/en/home-en/
Eurecom,France,https://www.eurecom.fr/en/
Institut National des Sciences Appliquées Hauts-de-France,France,https://www.insa-hautsdefrance.fr/
Polytech Clermont-Ferrand,France,http://polytech.univ-bpclermont.fr/-History-272-.html?lang=fr
Ecole Nationale des Sciences Géographiques,France,https://www.ensg.eu/School
Institut national polytechnique Clermont-Auvergne,France,http://polytech.univ-bpclermont.fr/-The-School-273-.html?lang=fr
Université Paris sciences et lettres,France,https://psl.eu/
École de commerce spécialisée en marketing et management,France,https://www.esgci.com
Ecole de Commmerce Montpellier,France,https://www.esg.fr/ecole-montpellier
Ecole de Commerce Tours,France,https://www.esg.fr/ecole-tours
Ecole de gestion et finance Paris,France,https://www.esgf.com/
Ecole de Commerce Lyon,France,https://www.esg.fr/ecole-lyon
Ecole de Gestion en Ressources Humaines,France,https://www.esgrh.fr/
Ecole supérieure de Communication et de Publicité,France,https://www.iscom.fr/
Sup Career Alternance,France,https://www.supcareer.com
ESI Business School,France,https://www.esi-business-school.com/
École interarmées des sports,France,https://www.terre.defense.gouv.fr/cnsd/lecole-interarmees-sports/lecole-interarmees-sports-eis
Institut supérieur européen de gestion Lille,France,http://www.iseg.fr/
Institut Paul Bocuse,France,https://en.institutlyfe.com
ESLSCA Business School,France,https://www.eslsca.fr
Institut de formation en masso-kinésithérapie - Marseille,France,https://ifmk-marseille.fr/
MERKURE Business School,France,https://www.merkure.com/
WIN Ecole de management du sport,France,https://www.win-sport-school.com/
Kedge Business School Bayonne,France,https://www.kedgebachelor-bayonne.com/
Bellecour Ecole,France,https://www.bellecour.fr/
Ecole de cinéma et audiovisuel,France,https://www.eicar.fr/
Ecole supérieure du digital,France,https://ecole-du-digital.com/
Ecole supérieure de publicité,France,https://espub.org/
Institut de formation en soins infirmiers - Centre Hospitalier Métropole Savoie,France,https://www.ch-metropole-savoie.fr/
Comue Université Bourgogne Franche-Comté,France,http://www.ubfc.fr/
Comue Université Paris-Lumière,France,http://www.u-plum.fr/
Université de recherche Paris sciences et lettres,France,https://www.psl.eu/
Institut d'études politiques de Lyon,France,https://www.sciencespo-lyon.fr/
Institut d'études politiques de Lille,France,http://www.sciencespo-lille.eu/
Université Gustave-Eiffel,France,http://www.univ-gustave-eiffel.fr/
Institut d'études politiques de Rennes,France,http://www.sciencespo-rennes.fr
Institut national des sciences et techniques nucléaires,France,http://www-instn.cea.fr/en/
Institut National du Patrimoine,France,http://www.inp.fr/
American University of Paris,France,https://www.aup.edu
Georgia Tech Lorraine,France,https://lorraine.gatech.edu
Institut supérieur des matériaux du Mans,France,https://ismans.cesi.fr/
Ecole pratique du service social,France,http://www.epss-edu.com/
Ecole Nationale d'Administration,France,https://www.ena.fr/
Institut Régional du Travail Social de Champagne Ardennes,France,http://www.irtsca.fr/
Ecole supérieure de réalisation audiovisuelle,France,http://www.esra.edu/
The sustainable design school,France,http://www.the-sds.com
Toulouse Business School,France,http://www.tbs-education.fr/
Ecole nationale supérieure des arts et techniques du théâtre,France,http://www.ensatt.fr/
Ecole nationale supérieure Louis Lumière,France,http://www.ens-louis-lumiere.fr/
Institut national supérieur de formation et de recherche pour l’éducation des jeunes handicapés et les enseignements adaptés (INSHEA),France,http://www.inshea.fr/
Conservatoire national supérieur d'Art dramatique,France,http://www.cnsad.fr
École nationale supérieure des métiers de l'image et du son,France,http://www.femis.fr/
ENS Mines-Telecom Nord Europe,France,https://imt-nord-europe.fr/en/
EPE-Université Clermont Auvergne,France,http://www.uca.fr/
Haute École des arts du Rhin,France,http://www.hear.fr/
Institut supérieur du bâtiment et des travaux publics,France,https://www.isba.fr/
Ecole supérieure de fonderie et de forge,France,http://www.esff.fr/
Ecole d'ingénieurs des sciences aérospatiales,France,http://www.elisa-aerospace.fr/
École nationale de la meteorologie,France,http://www.enm-toulouse.fr/
Institut supérieur des biotechnologies de Paris,France,https://www.supbiotech.fr/
Ecole supérieure du soudage et de ses applications,France,https://www.essa-eaps.isgroupe.com/essa/Pages/default.aspx
École spéciale d'architecture,France,https://www.esa-paris.fr
CREAPOLE,France,https://www.creapole.fr/
GOBELINS Paris,France,https://www.gobelins-school.com/
Academie de management des organisations sportives,France,https://www.amos-business-school.eu/
Parsons Paris,France,https://www.newschool.edu/parsons-paris/
Institut international de l’image et du son,France,https://3is-education.fr/
Sports management school,France,https://www.sportsmanagementschool.fr/
Ecole Danhier,France,https://www.ecoledanhier.com/
Ecole Informatique en Alternance ETNA,France,https://etna.io/
Ελληνικό Ανοικτό Πανεπιστήμιο,Greece,http://www.eap.gr/
Διεθνές Πανεπιστήμιο της Ελλάδος,Greece,http://www.ihu.edu.gr/
Πανεπιστήμιο Δυτικής Ελλάδας,Greece,http://www.uwg.gr/
Πανεπιστήμιο Στερεάς Ελλάδας,Greece,http://www.old.ucg.gr/
Πανεπιστήμιο Δυτικής Μακεδονίας,Greece,http://www.uowm.gr/
Πανεπιστήμιο Πελοποννήσου,Greece,http://www.uop.gr/
Χαροκόπειο Πανεπιστήμιο,Greece,http://www.hua.gr/
Ανωτάτη Σχολή Καλών Τεχνών,Greece,http://www.asfa.gr/
Γεωπονικό Πανεπιστήμιο Αθηνών,Greece,http://www.aua.gr/
Πανεπιστήμιο Μακεδονίας,Greece,http://www.uom.gr/
Πανεπιστήμιο Πειραιώς,Greece,http://www.unipi.gr/
Πάντειον Πανεπιστήμιο Κοινωνικών και Πολιτικών Επιστημών,Greece,http://www.panteion.gr/
Οικονομικό Πανεπιστήμιο Αθηνών,Greece,http://www.aueb.gr/
Πολυτεχνείο Κρήτης,Greece,http://www.tuc.gr/index.php?id=340
Εθνικό Μετσόβιο Πολυτεχνείο,Greece,http://www.ntua.gr/
Πανεπιστήμιο Πατρών,Greece,http://www.upatras.gr/
Πανεπιστήμιο Κρήτης,Greece,http://www.uoc.gr/
Πανεπιστήμιο Ιωαννίνων,Greece,http://www.uoi.gr/gr/
Iόνιο Πανεπιστήμιο,Greece,http://www.ionio.gr/central/
Εθνικό και Καποδιστριακό Πανεπιστήμιο Αθηνών,Greece,http://www.uoa.gr/
Αριστοτέλειο Πανεπιστήμιο Θεσσαλονίκης,Greece,http://www.auth.gr/
Δημοκρίτειο Πανεπιστήμιο Θράκης,Greece,http://www.duth.gr/
Πανεπιστήμιο Θεσσαλίας,Greece,http://www.uth.gr/
Πανεπιστήμιο Αιγαίου,Greece,http://www.aegean.gr/
Ανώτατη Σχολή Παιδαγωγικής και Τεχνολογικής Εκπαίδευσης,Greece,http://www.aspete.gr/
Τεχνολογικό Εκπαιδευτικό Ίδρυμα Ιονίων Νήσων,Greece,http://www.teiion.gr/
Τεχνολογικό Εκπαιδευτικό Ίδρυμα Ηπείρου,Greece,http://www.teiep.gr/
Τεχνολογικό Εκπαιδευτικό Ίδρυμα Λαμίας,Greece,http://www.teilam.gr/
Τεχνολογικό Εκπαιδευτικό Ίδρυμα Μεσολογγίου,Greece,http://www.teimes.gr/wwwgr/
Τεχνολογικό Εκπαιδευτικό Ίδρυμα Κεντρικής Μακεδονίας,Greece,http://www.teiser.gr/
Τεχνολογικό Εκπαιδευτικό Ίδρυμα Χαλκίδας,Greece,http://www.teihal.gr/
Τεχνολογικό Εκπαιδευτικό Ίδρυμα Δυτικής Μακεδονίας,Greece,http://www.teiwm.gr/index.php?lang=el
Τεχνολογικό Εκπαιδευτικό Ίδρυμα Πελοποννήσου,Greece,http://www.teikal.gr/
Ανώτατο Τεχνολογικό Εκπαιδευτικό Ίδρυμα Ανατολικής Μακεδονίας και Θράκης,Greece,http://www.teikav.edu.gr/teikav/
Τεχνολογικό Εκπαιδευτικό Ίδρυμα Κρήτης,Greece,http://www.teicrete.gr/tei/el/index.php
Τεχνολογικό Εκπαιδευτικό Ίδρυμα Θεσσαλίας,Greece,http://www.teilar.gr/
Τεχνολογικό Εκπαιδευτικό Ίδρυμα Πάτρας,Greece,http://www.teipat.gr/
Ανώτατο Εκπαιδευτικό Ίδρυμα Πειραιά Τεχνολογικού Τομέα,Greece,http://www.teipir.gr/index.php/el/
Αλεξάνδρειο Τεχνολογικό Εκπαιδευτικό Ίδρυμα Θεσσαλονίκης,Greece,http://www.teithe.gr/
Τεχνολογικό Εκπαιδευτικό Ίδρυμα Αθήνας,Greece,http://www.teiath.gr/
Ακαδημίες Εμπορικού Ναυτικού Μακεδονίας,Greece,http://sites.google.com/site/aenmak/
Ακαδημίες Εμπορικού Ναυτικού ΣΥΡΟΥ,Greece,http://aensyrou.edu.gr/
Ακαδημίες Εμπορικού Ναυτικού Κρήτης,Greece,http://aen-kritis.chan.sch.gr/
Ακαδημίες Εμπορικού Ναυτικού Χίου,Greece,http://aenmchiou.webnode.gr/
Ανωτατη Εκκλησιαστικη Ακαδημια Αθηνων,Greece,http://www.aeaa.gr/
Ανωτατη Εκκλησιαστικη Ακαδημια Θεσσαλονικης,Greece,http://erasmus.aeath.gr/index.php/en/
ΠΑΤΡΙΑΡΧΙΚΗ ΑΝΩΤΑΤΗ ΕΚΚΛΗΣΙΑΣΤΙΚΗ ΑΚΑΔΗΜΙΑ ΚΡΗΤΗΣ,Greece,http://www.aeahk.gr/
Στρατιωτικες Σχολες Ευελπίδων,Greece,https://sse.army.gr/en
Αστυνομικη Ακαδημια,Greece,http://www.astynomia.gr/index.php?option=ozo_content&perform=view&id=61
ΤΕΙ Στερεάς Ελλάδας,Greece,http://www.teiste.gr
Τεχνολογικο Εκπαιδευτικο Ιδρυμα Δυτικης Ελλαδας,Greece,http://www.teiwest.gr
Πανεπιστημιο Δυτικης Αττικης,Greece,http://www.uniwa.gr/
Ελληνικό Μεσογειακό Πανεπιστήμιο,Greece,http://www.hmu.gr
Sveučilište u Dubrovniku,Croatia,http://www.unidu.hr
Sveučilište Jurja Dobrile u Puli,Croatia,http://www.unipu.hr
Sveučilište Josipa Jurja Strossmayera u Osijeku,Croatia,http://www.unios.hr
Sveučilište u Rijeci,Croatia,http://www.uniri.hr
Sveučilište u Splitu,Croatia,http://www.unist.hr
Sveučilište u Zadru,Croatia,http://www.unizd.hr
Sveučilište u Zagrebu,Croatia,http://www.unizg.hr
Međimursko veleučilište u Čakovcu,Croatia,http://www.mev.hr
Tehnicko veleučilište u Zagrebu,Croatia,http://www.tvz.hr
Veleučilište u Karlovcu,Croatia,http://www.vuka.hr
"Veleucilište ""Lavoslav Ružička"" u Vukovaru",Croatia,http://www.vevu.hr
"Veleučilište ""Marko Marulić"" u Kninu",Croatia,http://www.veleknin.hr
"Veleučilište ""Nikola Tesla"" u Gospiću",Croatia,http://www.velegs-nikolatesla.hr
Veleučilište u Požegi,Croatia,http://www.vup.hr
Veleučilište u Rijeci,Croatia,http://www.veleri.hr
Veleučilište u Šibeniku,Croatia,http://www.vus.hr
Veleučilište u Slavonskom Brodu,Croatia,http://www.vusb.hr
Veleučilište u Varaždinu,Croatia,http://www.velv.hr
Zdravstveno veleučilište,Croatia,http://www.zvu.hr
Veleučilište Velika Gorica,Croatia,http://www.vvg.hr
Sveučilište Vern,Croatia,http://www.vern.hr
"Veleučilište kriminalistike i javne sigurnost, Zagreb",Croatia,https://policijska-akademija.gov.hr
Veleučilište u Križevcima,Croatia,http://www.vguk.hr
Veleučilište u Virovitici,Croatia,http://www.vsmti.hr
RIT Croatia,Croatia,http://www.croatia.rit.edu/
"Visoka poslovna škola ""Libertas"", Zagreb",Croatia,http://www.vps-libertas.hr
"VSITE – Veleučilište suvremenih informacijskih tehnologija, Zagreba",Croatia,http://www.vsite.hr
Veleučilište s pravom javnosti BALTAZAR ZAPREŠIĆ,Croatia,https://www.bak.hr/en
"Visoka škola za sigurnost, Zagreb",Croatia,http://www.vss.hr
Veleučilište u Bjelovaru,Croatia,https://vub.hr/en/
"Visoka politehnička škola, Zagreb",Croatia,http://www.politehnika.hr
"Zagrebacka škola ekonomije i managementa, Zagreb",Croatia,http://www.zsem.hr
Istarsko veleučilište,Croatia,http://www.politehnika-pula.hr
Poslovno veleučilište Zagreb,Croatia,https://www.pvzg.hr
Visoko učilište Algebra,Croatia,http://www.algebra.hr
Veleučilište EFFECTUS,Croatia,https://effectus.com.hr/
"Sveučilište Sjever, Koprivnica",Croatia,http://www.unin.hr
Veleučilište Edwards Bernays,Croatia,http://www.bernays.hr
"Hrvatsko katoličko sveučilište, Zagreb",Croatia,http://www.unicath.hr/
Libertas Međunarodno Sveučilište,Croatia,http://www.libertas.hr/?lang=en
Sveučilište u Slavonskom Brodu,Croatia,https://www.unisb.hr/english/
Visoka poslovna škola PAR,Croatia,https://par.hr/en/par/
Veleučilište Hrvatsko zagorje u Krapini,Croatia,http://www.vhzk.hr/
"Veleučilište Aspira, Split",Croatia,https://www.aspira.hr/en/
RRiF Visoka škola za financijski menadžment,Croatia,https://rvs.hr/en/home/
Europska poslovna škola Zagreb,Croatia,http://ebus.hr
Budapesti Corvinus Egyetem (CORVINUS),Hungary,http://www.uni-corvinus.hu
Budapesti Műszaki és Gazdaságtudományi Egyetem (BME),Hungary,http://www.bme.hu
Debreceni Egyetem (DE),Hungary,http://www.unideb.hu
Eötvös Loránd Tudományegyetem (ELTE),Hungary,http://www.elte.hu
Kaposvári Egyetem (KE),Hungary,http://www.ke.hu
Liszt Ferenc Zeneművészeti Egyetem (LFZE),Hungary,http://www.lfze.hu
Magyar Képzőművészeti Egyetem (MKE),Hungary,http://www.mke.hu
Miskolci Egyetem (ME),Hungary,http://www.uni-miskolc.hu
Moholy-Nagy Művészeti Egyetem (MOME),Hungary,http://www.mome.hu
Soproni Egyetem,Hungary,http://www.uniwest.hu/
Pannon Egyetem (PE),Hungary,http://www.uni-pannon.hu
Pécsi Tudományegyetem (PTE),Hungary,http://www.pte.hu
Semmelweis Egyetem (SE),Hungary,http://www.semmelweis.hu
Széchenyi István Egyetem (SZE),Hungary,http://uni.sze.hu
Szegedi Tudományegyetem (SZTE),Hungary,http://www.u-szeged.hu
Magyar Agrár- és Élettudományi Egyetem,Hungary,http://www.uni-mate.hu
Színház- és Filmművészeti Egyetem (SZFE),Hungary,http://www.szfe.hu
Andrássy Gyula Budapesti Német Nyelvű Egyetem,Hungary,http://www.andrassyuni.eu/
Debreceni Református Hittudományi Egyetem (DRHE),Hungary,http://www.drhe.hu
Károli Gáspár Református Egyetem (KRE),Hungary,http://www.kre.hu
Közép-európai Egyetem (KEE),Hungary,http://www.ceu.hu
Pázmány Péter Katolikus Egyetem (PPKE),Hungary,http://www.ppke.hu
Budapesti Gazdasági Egyetem (BGE),Hungary,http://www.uni-bge.hu
Óbudai Egyetem (OE),Hungary,http://www.uni-obuda.hu
Dunaújvárosi Egyetem (DE),Hungary,http://www.uniduna.hu
Eötvös József Főiskola (EJF),Hungary,http://www.ejf.hu
Eszterházy Károly Katolikus Egyetem (EKKE),Hungary,http://www.uni-eszterhazy.hu
Kecskeméti Főiskola (KF),Hungary,http://www.uni-neumann.hu
Magyar Táncművészeti Főiskola (MTF),Hungary,http://mte.eu
Nyíregyházi Egyetem (NYE),Hungary,http://www.nye.hu
A Tan Kapuja Buddhista Főiskola (TKBF),Hungary,http://www.tkbf.hu
Általános Vállalkozási Főiskola (AVF),Hungary,http://www.ibs-b.hu
Apor Vilmos Katolikus Főiskola (AVKF),Hungary,http://www.avkf.hu
Baptista Teológiai Akadémia (BTA),Hungary,http://www.bta.hu
Budapesti Metropolitan Egyetem (METU),Hungary,http://www.metropolitan.hu
Gábor Dénes Egyetem (GDE),Hungary,http://www.gdf.hu
Gál Ferenc Egyetem,Hungary,https://gfe.hu
Kodolányi János Egyetem,Hungary,http://www.kodolanyi.hu
Pető András Főiskola (PAF),Hungary,http://semmelweis.hu/pak
Pécsi Püspöki Hittudományi Főiskola,Hungary,http://www.pphf.hu/
Sapientia Szerzetesi Hittudományi Főiskola (SSZHF),Hungary,http://www.sapientia.hu
Sárospataki Református Teológiai Akadémia (SRTA),Hungary,http://www.srta.hu
Sola Scriptura Lelkészképző és Teológiai Főiskola (SSTF),Hungary,http://www.sola.hu
Szent Atanáz Görögkatolikus Hittudományi Főiskola,Hungary,http://szentatanaz.hu/
Szent Pál Akadémia (SZPA),Hungary,http://www.szpa.hu
Tomori Pál Főiskola (TPFK),Hungary,http://www.tpfk.hu
Veszprémi Érseki Hittudományi Főiskola (VHF),Hungary,http://www.vhf.hu
Wekerle Sándor Üzleti Főiskola (WSUF),Hungary,http://www.wbsc-h.eu
Wesley János Lelkészképző Főiskola (WJLF),Hungary,http://www.wesley.hu
Milton Friedman Egyetem,Hungary,https://uni-milton.hu/
Nemzeti Közszolgálati Egyetem (NKE),Hungary,http://uni-nke.hu
Edutus Egyetem,Hungary,http://www.edutus.hu
Neumann János Egyetem (NJE),Hungary,http://www.uni-pae.hu/en_GB/pallasz-athene-university
Állatorvostudományi Egyetem,Hungary,http://www.univet.hu
Magyar Testnevelési és Sporttudományi Egyetem,Hungary,https://tf.hu/
University College Dublin,Ireland,http://www.ucd.ie
University College Cork,Ireland,http://www.ucc.ie
University of Galway,Ireland,http://www.nuigalway.ie
Trinity College Dublin,Ireland,http://www.tcd.ie
Maynooth University,Ireland,https://www.maynoothuniversity.ie/
Dublin City University,Ireland,http://www.dcu.ie
University of Limerick,Ireland,http://www.ul.ie
Athlone Institute of Technology,Ireland,http://www.ait.ie
Cork Institute of Technology,Ireland,http://www.cit.it
Dublin Institute of Technology,Ireland,http://www.dit.ie
"Dún Laoghaire Institute of Art, Design and Technology",Ireland,http://www.iadt.ie
Dundalk Institute of Technology,Ireland,http://www.dkit.ie
Galway-Mayo Institute of Technology,Ireland,http://www.gmit.ie
"Institute of Technology, Blanchardstown",Ireland,http://www.itb.ie
"Institute of Technology, Carlow",Ireland,http://www.itcarlow.ie
"Institute of Technology, Sligo",Ireland,http://www.itsligo.ie
"Institute of Technology, Tallaght",Ireland,http://www.it-tallaght.ie/
"Institute of Technology, Tralee",Ireland,http://www.ittralee.ie
Letterkenny Institute of Technology,Ireland,http://www.lyit.ie
Limerick Institute of Technology,Ireland,http://www.lit.ie
Waterford Institute of Technology,Ireland,http://www.wit.ie
"Mary Immaculate College of Education, Limerick",Ireland,http://www.mic.ul.ie
Mater Dei Institute of Education,Ireland,http://www.materdei.ie
"National College of Art & Design, Dublin",Ireland,http://www.ncad.ie
RCSI University of Medicine and Health Sciences,Ireland,http://www.rcsi.ie
"St. Angela's College, Sligo",Ireland,http://www.stangelas.nuigalway.ie
"St. Patrick's College, Drumcondra",Ireland,http://www.spd.dcu.ie
Technological University Dublin,Ireland,https://tudublin.ie/
Munster Technological University,Ireland,https://www.mtu.ie/
Technological University of the Shannon: Midlands Midwest,Ireland,https://tus.ie/
Atlantic Technological University,Ireland,https://www.atu.ie/
South East Technological University,Ireland,https://www.setu.ie/
Landbúnaðarháskóli íslands,Iceland,http://www.lbhi.is/study_aui
Háskólinn á Bifröst,Iceland,http://www.bifrost.is
Háskólinn á Hólum,Iceland,http://www.holar.is/en/english
Listaháskóli Íslands,Iceland,https://www.lhi.is
Háskólinn í Reykjavík,Iceland,http://en.ru.is/
Háskólinn á Akureyri,Iceland,http://english.unak.is/
Háskóli Íslands,Iceland,http://www.hi.is
Università Politecnica delle MARCHE,Italy,http://www.univpm.it
Università della VALLE D'AOSTA,Italy,http://www.univda.it
Università della CALABRIA,Italy,http://www.unical.it
Politecnico di BARI,Italy,http://www.poliba.it
Università degli Studi di BARI ALDO MORO,Italy,http://www.uniba.it
Università degli Studi del SANNIO di BENEVENTO,Italy,http://www.unisannio.it
"Università Telematica ""GIUSTINO FORTUNATO""",Italy,http://www.unifortunato.eu
Università degli Studi di BERGAMO,Italy,http://www.unibg.it
Università degli Studi di BOLOGNA,Italy,http://www.unibo.it/
Libera Università di BOLZANO,Italy,http://www.unibz.it
Università degli Studi di SCIENZE GASTRONOMICHE,Italy,http://www.unisg.it
Università degli Studi di BRESCIA,Italy,http://www.unibs.it
Università degli Studi di CAGLIARI,Italy,http://www.unica.it
Università degli Studi di CAMERINO,Italy,http://www.unicam.it
Università degli Studi del MOLISE,Italy,http://www.unimol.it
"Libera Università Mediterranea LUM ""Giuseppe Degennaro""",Italy,http://www.lum.it
Universita degli studi di Cassino e del Lazio Meridionale,Italy,http://www.unicas.it
"Università ""Carlo Cattaneo"" - LIUC",Italy,http://www.liuc.it
Università degli Studi di CATANIA,Italy,http://www.unict.it
"Università degli Studi ""Magna Graecia"" di CATANZARO",Italy,http://www.unicz.it/
"Università degli Studi ""G. d'Annunzio"" CHIETI-PESCARA",Italy,http://www.unich.it
UKE - Università Kore di ENNA,Italy,http://www.unikore.it
Università degli Studi di FERRARA,Italy,http://www.unife.it
SUM - Istituto Italiano di SCIENZE UMANE di FIRENZE,Italy,http://www.sumitalia.it
Università degli Studi di FIRENZE,Italy,http://www.unifi.it
"Università Telematica ""ITALIAN UNIVERSITY LINE"" - IUL",Italy,http://www.iuline.it
Università degli Studi di FOGGIA,Italy,http://www.unifg.it
Università degli Studi di GENOVA,Italy,http://www.unige.it
Università degli Studi de L'AQUILA,Italy,http://www.univaq.it
Università del SALENTO,Italy,http://www.unile.it
Scuola IMT Alti Studi di Lucca,Italy,http://www.imtlucca.it
Università degli Studi di MACERATA,Italy,http://www.unimc.it
Università degli Studi di MESSINA,Italy,http://www.unime.it
Libera Università di lingue e comunicazione IULM-MI,Italy,http://www.iulm.it
Politecnico di MILANO,Italy,http://www.polimi.it
Università Cattolica del Sacro Cuore,Italy,http://www.unicatt.it
"Università Commerciale ""Luigi Bocconi"" MILANO",Italy,http://www.unibocconi.it
Università degli Studi di MILANO,Italy,http://www.unimi.it
"Libera Università ""Vita Salute S.Raffaele"" MILANO",Italy,http://www.unisr.it
Università degli Studi di MILANO-BICOCCA,Italy,http://www.unimib.it
Università Telematica San Raffaele Roma,Italy,https://www.uniroma5.it/english
Università degli Studi di MODENA e REGGIO EMILIA,Italy,https://www.unimore.it
Università degli Studi Suor Orsola Benincasa - NAPOLI,Italy,http://www.unisob.na.it
Università degli Studi della Campania Luigi Vanvitelli,Italy,http://www.unina2.it
"Università degli Studi di NAPOLI ""Federico II""",Italy,http://www.unina.it
"Università degli Studi di NAPOLI ""L'Orientale""",Italy,http://www.unior.it/
"Università degli Studi di NAPOLI ""Parthenope""",Italy,http://www.uniparthenope.it
Università Telematica PEGASO,Italy,http://www.unipegaso.it
"Università Telematica ""E-CAMPUS""",Italy,http://www.uniecampus.it
Università degli Studi di PADOVA,Italy,http://www.unipd.it
Università degli Studi di PALERMO,Italy,http://www.unipa.it/
Università degli Studi di PARMA,Italy,http://www.unipr.it
I.U.S.S. - Istituto Universitario di Studi Superiori - PAVIA,Italy,http://www.iusspavia.it/
Università degli Studi di PAVIA,Italy,http://www.unipv.it
Università degli Studi di PERUGIA,Italy,http://www.unipg.it
Università per Stranieri di PERUGIA,Italy,http://www.unistrapg.it/
Scuola Normale Superiore di PISA,Italy,http://www.sns.it
Scuola Superiore di Studi Universitari e Perfezionamento Sant'Anna,Italy,http://www.santannapisa.it/it
Università di PISA,Italy,http://www.unipi.it
Università degli Studi della BASILICATA,Italy,http://www.unibas.it
"Università degli Studi ""Mediterranea"" di REGGIO CALABRIA",Italy,http://www.unirc.it
"Università per Stranieri ""Dante Alighieri"" di REGGIO CALABRIA",Italy,http://www.unistrada.it
Università degli Studi ROMA TRE,Italy,http://www.uniroma3.it
Università degli Studi Internazionali di ROMA (UNINT),Italy,http://www.unint.eu/it/
LUISS - Libera Università internazionale degli studi sociali Guido Carli di Roma,Italy,http://www.luiss.it
Libera Università Maria SS.Assunta - (LUMSA) di Roma,Italy,http://www.lumsa.it
"Università ""Campus Bio-Medico"" di ROMA",Italy,http://www.unicampus.it
"Università degli Studi di ROMA ""La Sapienza""",Italy,http://www.uniroma1.it
"Università degli Studi di ROMA ""Foro Italico""",Italy,http://www.uniroma4.it
"Università degli Studi di ROMA ""Tor Vergata""",Italy,http://www.uniroma2.it
Università degli Studi EUROPEA di ROMA,Italy,https://www.universitaeuropeadiroma.it/
Università Telematica GUGLIELMO MARCONI,Italy,http://www.unimarconi.it
Università Telematica UNITELMA SAPIENZA,Italy,http://www.unitelmasapienza.it/it
UNICUSANO Università degli Studi Niccolò Cusano -Telematica Roma,Italy,http://www.unicusano.it
Università Telematica Internazionale UNINETTUNO,Italy,http://www.uninettunouniversity.net
"Università Telematica ""Universitas MERCATORUM""",Italy,http://www.unimercatorum.it
Università degli Studi di SALERNO,Italy,http://www.unisa.it
Università degli Studi di SASSARI,Italy,http://www.uniss.it
Università degli Studi di SIENA,Italy,http://www.unisi.it
Università per Stranieri di SIENA,Italy,http://www.unistrasi.it
Università degli Studi di TERAMO,Italy,http://www.unite.it
Politecnico di TORINO,Italy,http://www.polito.it
Università degli Studi di TORINO,Italy,http://www.unito.it
"Università Telematica ""LEONARDO da VINCI""",Italy,http://www.unidav.it
Università degli Studi di TRENTO,Italy,http://www.unitn.it
Scuola Internazionale Superiore di Studi Avanzati di TRIESTE,Italy,http://www.sissa.it
Università degli Studi di TRIESTE,Italy,http://www.units.it
Università degli Studi di UDINE,Italy,http://www.uniud.it
"Università degli Studi di URBINO ""Carlo BO""",Italy,http://www.uniurb.it
Università degli Studi INSUBRIA Varese-Como,Italy,http://www.uninsubria.it
"Università ""Cà Foscari"" VENEZIA",Italy,http://www.unive.it
Università IUAV di VENEZIA,Italy,http://www.iuav.it
"Università degli Studi del PIEMONTE ORIENTALE ""Amedeo Avogadro""-Vercelli",Italy,https://www.uniupo.it/it
Università degli Studi di VERONA,Italy,http://www.univr.it
Università degli Studi della TUSCIA,Italy,http://www.unitus.it
Accademia delle Belle Arti di Bari,Italy,http://www.accademiabelleartiba.it
Accademia delle Belle Arti di Bologna,Italy,http://www.ababo.it
Accademia delle Belle Arti di Carrara,Italy,http://www.accademiacarrara.it
Accademia delle Belle Arti di Catania,Italy,https://www.abacatania.it/
Accademia delle Belle Arti di Catanzaro,Italy,http://www.abacatanzaro.it
Accademia delle Belle Arti di Firenze,Italy,http://www.accademia.firenze.it
Accademia delle Belle Arti di Foggia,Italy,http://www.abafg.it
Accademia delle Belle Arti di Frosinone,Italy,http://www.accademiabellearti.fr.it
Accademia delle Belle Arti dell'Aquila,Italy,https://www.abaq.it/
Accademia delle Belle Arti di Lecce,Italy,http://www.accademiabelleartilecce.com
Accademia delle Belle Arti di Macerata,Italy,http://www.abamc.it
"Accademia delle Belle Arti di Milano ""Brera""",Italy,http://www.accademiadibrera.milano.it
Accademia delle Belle Arti di Napoli,Italy,http://www.abana.it/it/
Accademia delle Belle Arti di Palermo,Italy,http://www.accademiadipalermo.it
Accademia delle Belle Arti di Reggio Calabria,Italy,http://www.accademiabelleartirc.it
Accademia delle Belle Arti di Roma,Italy,https://abaroma.it/
"Accademia delle Belle Arti ""Mario Sironi"" - Sassari",Italy,http://www.accademiasironi.it/
"Accademia delle Belle Arti di Torino ""Albertina""",Italy,https://www.albertina.academy/
Accademia delle Belle Arti di Urbino,Italy,http://www.accademiadiurbino.it
Accademia delle Belle Arti di Venezia,Italy,http://www.accademiavenezia.it
"Accademia delle Belle Arti legalmente riconosciuta di BERGAMO ""Carrara""",Italy,http://www.accademiabellearti.bg.it
"Accademia delle Belle Arti legalmente riconosciuta di BRESCIA ""Santagiulia""",Italy,http://www.accademiasantagiulia.it/
"Accademia delle Belle Arti legalmente riconosciuta di BRESCIA ""LABA"" - libera accademia di belle arti",Italy,http://www.laba.edu
"Accademia delle Belle Arti legalmente riconosciuta di COMO ""Aldo Galli""",Italy,http://www.accademiagalli.com
Accademia delle Belle Arti legalmente riconosciuta di CUNEO,Italy,http://www.accademiabellearticuneo.it
"Accademia delle Belle Arti di GENOVA ""Accademia Ligustica""",Italy,http://www.accademialigustica.it
"Accademia delle Belle Arti legalmente riconosciuta di MILANO ""NABA"" - nuova accademia di belle arti",Italy,http://www.naba.it
"Accademia delle Belle Arti legalmente riconosciuta di MILANO ""ACME""",Italy,http://www.acmemilano.it
"Accademia delle Belle Arti legalmente riconosciuta di NOVARA ""ACME""",Italy,http://www.acmenovara.it
"Accademia delle Belle Arti di PERUGIA ""Pietro Vannucci""",Italy,http://www.abaperugia.org
Accademia delle Belle Arti di RAVENNA,Italy,http://www.accademiabellearti.ra.it/
"Accademia delle Belle Arti legalmente riconosciuta di ROMA ""Rome University of Fine Arts""",Italy,http://www.unirufa.it
"Accademia delle Belle Arti legalmente riconosciuta di S.AGATA LI BATTIATI (CT) ""Abadir"" accademia di belle arti e restauro",Italy,http://www.abadir.net
"Accademia delle Belle Arti legalmente riconosciuta di S.MARTINO DELLE SCALE (PA) ""Abadir""",Italy,http://www.abbaziadisanmartino.it/Accademia/
"Accademia delle Belle Arti legalmente riconosciuta di SANREMO (IM) ""Istituto I. Duncan""",Italy,http://www.accademiabelleartisanremo.it/
"Accademia delle Belle Arti legalmente riconosciuta di SIRACUSA ""Rosario Gagliardi""",Italy,http://www.madeprogram.it/
"Accademia delle Belle Arti legalmente riconosciuta di STEFANACONI - VIBO VALENTIA ""Fidia""",Italy,http://www.accademiafidia.it
"Accademia delle Belle Arti legalmente riconosciuta di TRAPANI ""Kandinskij""",Italy,https://www.accademiadibelleartikandinskij.it/en/
"Accademia delle Belle Arti di VERONA ""Cignaroli""",Italy,http://www.accademiacignaroli.it
"Accademia delle Belle Arti legalmente riconosciuta di VITERBO ""Lorenzo da Viterbo""",Italy,http://www.abav.it
"Accademia Nazionale di Arte Drammatica di ROMA ""Silvio d'Amico""",Italy,https://www.accademiasilviodamico.it/
Accademia nazionale di danza di ROMA,Italy,http://www.accademianazionaledanza.it
"Conservatorio di ADRIA (RO) ""Antonio Buzzolla""",Italy,http://www.conservatorioadria.it
"Conservatorio di ALESSANDRIA ""Antonio Vivaldi""",Italy,http://www.conservatoriovivaldi.it
"Conservatorio di AVELLINO ""Domenico Cimarosa""",Italy,http://www.conservatoriocimarosa.org
"Conservatorio di BARI ""Niccolò Piccinni""",Italy,http://www.conservatoriopiccinni.it
"Conservatorio di BENEVENTO ""Nicola Sala""",Italy,http://www.conservatorio.bn.it/
"Conservatorio di BOLOGNA ""Giovan B. Martini""",Italy,http://www.consbo.it/home
"Conservatorio di BOLZANO ""Claudio Monteverdi""",Italy,https://cons.bz.it/en/
"Conservatorio di BRESCIA ""Luca Marenzio""",Italy,https://www.consbs.it/
"Conservatorio di CAGLIARI ""Pierluigi da Palestrina""",Italy,http://www.conservatoriocagliari.it/
"Conservatorio di CAMPOBASSO ""Lorenzo Perosi""",Italy,http://www.conservatorioperosi.it
"Conservatorio di CASTELFRANCO VENETO (TV) ""Agostino Steffani""",Italy,https://www.conscfv.it/
"Conservatorio di CESENA (FC) ""Bruno Maderna""",Italy,https://www.conservatoriomaderna.it/
"Conservatorio di COMO ""Giuseppe Verdi""",Italy,http://www.conservatoriocomo.it/
"Conservatorio di COSENZA ""Stanislao Giacomantonio""",Italy,https://www.conservatoriocosenza.it/
"Conservatorio di CUNEO ""G.F. Ghedini""",Italy,http://www.conservatoriocuneo.it/
"Conservatorio di FERMO ""Giovambattista Pergolesi""",Italy,http://www.conservatorio.net
"Conservatorio di FERRARA ""Girolamo Frescobaldi""",Italy,https://www.conservatorioferrara.it/
"Conservatorio di FIRENZE ""Luigi Cherubini""",Italy,http://www.conservatorio.firenze.it
"Conservatorio di FOGGIA ""Umberto Giordano""",Italy,http://www.conservatoriofoggia.it
"Conservatorio di FROSINONE ""Licinio Refice""",Italy,http://www.conservatorio-frosinone.it/
"Conservatorio di GENOVA ""Nicolò Paganini""",Italy,http://www.conservatoriopaganini.org/
"Conservatorio di LA SPEZIA ""Giacomo Puccini""",Italy,http://www.conssp.it/
"Conservatorio di L'AQUILA ""Alfredo Casella""",Italy,https://www.consaq.it/
"Conservatorio di LATINA ""Ottorino Respighi""",Italy,http://www.conslatina.it/
"Conservatorio di LECCE ""Tito Schipa""",Italy,http://www.conservatoriolecce.it
"Conservatorio di MANTOVA ""Lucio Campiani""",Italy,http://www.conservatoriomantova.com
"Conservatorio di MATERA ""Egidio R. Duni""",Italy,http://www.conservatoriomatera.it
"Conservatorio di MESSINA ""Arcangelo Corelli""",Italy,http://www.consme.it
"Conservatorio di MILANO ""Giuseppe Verdi""",Italy,http://www.consmilano.it/
"Conservatorio di MONOPOLI (BA) ""Nino Rota""",Italy,http://www.conservatoriodimonopoli.org
"Conservatorio di NAPOLI ""S. Pietro a Majella""",Italy,http://www.sanpietroamajella.it/
"Conservatorio di NOVARA ""Guido Cantelli""",Italy,http://consno.it/
"Conservatorio di PADOVA ""Cesare Pollini""",Italy,http://www.conservatoriopollini.it
"Conservatorio di PALERMO ""Vincenzo Bellini""",Italy,http://www.conservatoriobellini.it/
"Conservatorio di PARMA ""Arrigo Boito""",Italy,http://www.conservatorio.pr.it/
"Conservatorio di PERUGIA ""Francesco Morlacchi""",Italy,http://www.conservatorioperugia.it
"Conservatorio di PESARO ""Gioacchino Rossini""",Italy,http://www.conservatoriorossini.it/
"Conservatorio di PESCARA ""Luisa d’Annunzio""",Italy,https://www.conservatoriopescara.it
"Conservatorio di PIACENZA ""Giuseppe Nicolini""",Italy,https://www.conservatorionicolini.com/
"Conservatorio di POTENZA ""Gesualdo da Venosa""",Italy,http://www.conservatoriopotenza.it
"Conservatorio di REGGIO CALABRIA ""Francesco Cilea""",Italy,https://www.conservatoriocilea.it/
"Conservatorio di ROMA ""Santa Cecilia""",Italy,http://www.conservatoriosantacecilia.it
"Conservatorio di ROVIGO ""Francesco Venezze""",Italy,http://www.conservatoriorovigo.it/
"Conservatorio di SALERNO ""G. Martucci""",Italy,https://www.consalerno.it/
"Conservatorio di SASSARI ""Luigi Canepa""",Italy,http://www.conservatorio.sassari.it
"Conservatorio di TORINO ""Giuseppe Verdi""",Italy,http://www.conservatoriotorino.eu/
"Conservatorio di TRAPANI ""Antonio Scontrino""",Italy,http://www.constp.it/
"Conservatorio di TRENTO ""Francesco A. Bonporti""",Italy,http://www.conservatorio.tn.it
"Conservatorio di TRIESTE ""Giuseppe Tartini""",Italy,http://www.conservatorio.trieste.it
"Conservatorio di UDINE ""Jacopo Tomadini""",Italy,http://www.conservatorio.udine.it/
"Conservatorio di VENEZIA ""Benedetto Marcello"" - palazzo pisani",Italy,https://www.conservatoriovenezia.eu/
"Conservatorio di VERONA ""E. F. dall’Abaco""",Italy,http://www.conservatorioverona.it
"Conservatorio di VIBO VALENTIA ""Fausto Torrefranca""",Italy,https://consvv.it/?utm_source=studyqa.com&utm_medium=program-page&utm_campaign=default
"Conservatorio di VICENZA ""Arrigo Pedrollo""",Italy,http://www.consvi.it
Istituto Superiore di Studi Musicali di AOSTA della Valle d'Aosta,Italy,https://www.consaosta.it/
"Istituto Superiore di Studi Musicali di BERGAMO ""Gaetano Donizetti""",Italy,http://www.consbg.it/
"Conservatorio di CALTANISSETTA ""Vincenzo Bellini""",Italy,https://www.issmbellini.cl.it
"Conservatorio di CATANIA ""Vincenzo Bellini""",Italy,http://www.istitutobellini.it/
"Conservatorio di CREMONA ""Claudio Monteverdi""",Italy,http://www.istitutomonteverdi.it
"Conservatorio di GALLARATE (VA) ""Giacomo Puccini""",Italy,http://www.issmpuccinigallarate.it/
"Conservatorio di LIVORNO ""Pietro Mascagni""",Italy,http://www.consli.it/
"Conservatorio di LUCCA ""Luigi Boccherini""",Italy,http://www.boccherini.it
"Conservatorio di NOCERA TERINESE (CZ) ""P.I. Tchaikovsky""",Italy,https://www.conscz.it/
"Conservatorio di PAVIA ""Franco Vittadini""",Italy,https://conspv.it/
"Conservatorio di RAVENNA ""Giuseppe Verdi""",Italy,https://www.verdiravenna.it/
"Conservatorio di RIMINI ""G. Lettimi""",Italy,http://www.istitutolettimi.it
"Conservatorio di SIENA ""Rinaldo Franci""",Italy,http://www.istitutofranci.com
"Conservatorio di TARANTO ""Giovanni Paisiello""",Italy,http://www.paisiello.it
"Conservatorio di TERAMO ""Gaetano Braga""",Italy,http://www.istitutobraga.it
"Conservatorio di TERNI ""Giulio Briccialdi""",Italy,http://www.briccialditerni.it
Istituto Superiore per le Industrie Artistiche (ISIA) di FAENZA (RA),Italy,http://www.isiafaenza.it
Istituto Superiore per le Industrie Artistiche (ISIA) di FIRENZE,Italy,http://www.isiadesign.fi.it
Istituto Superiore per le Industrie Artistiche (ISIA) di ROMA,Italy,http://www.isiaroma.it/
Istituto Superiore per le Industrie Artistiche (ISIA) di URBINO (PU),Italy,https://isiaurbino.net
LINK CAMPUS University,Italy,http://www.unilink.it
"Conservatorio di MODENA e CARPI ""Orazio Vecchi - Antonio Tonelli""",Italy,https://www.vecchitonelli.it/
"Conservatorio di REGGIO EMILIA e CASTELNOVO NE' MONTI ""Achille Peri e Merulo""",Italy,https://peri-merulo.it/
"Conservatorio di RIBERA (AG) ""Arturo Toscanini""",Italy,http://www.istitutotoscanini.it
Humanitas University,Italy,http://www.hunimed.eu
Gran Sasso Science Institute,Italy,http://cs.gssi.it/
Istituto Superiore per le Industrie Artistiche (ISIA) di PESCARA,Italy,http://www.isiadesign.pe.it
UniCamillus - Saint Camillus International University of Health Sciences,Italy,https://www.unicamillus.org/
"Politecnico delle Arti di BERGAMO ""Gaetano Donizetti - Giacomo Carrara""",Italy,https://www.poliartibg.it/
Scuola Superiore Meridionale di Napoli,Italy,https://www.ssmeridionale.it/
European University Institute,Italy,http://www.eui.eu/
Universität Liechtenstein,Lichtenstein,http://www.uni.li
Private Universität im Fürstentum Liechtenstein,Lichtenstein,https://www.ufl.li
Vilniaus universitetas,Lichtenstein,http://www.vu.lt
Vilniaus Gedimino technikos universitetas,Lichtenstein,http://www.vgtu.lt
Lietuvos edukologijos universitetas,Lichtenstein,http://www.leu.lt
Vilniaus dailes akademija,Lichtenstein,http://www.vda.lt
Lietuvos muzikos ir teatro akademija,Lichtenstein,http://www.lmta.lt
Mykolo Romerio universitetas,Lichtenstein,http://www.mruni.eu
Generolo Jono Žemaicio Lietuvos karo akademija,Lichtenstein,http://www.lka.lt
Kauno technologijos universitetas,Lichtenstein,http://www.ktu.lt
Vytauto Didžiojo universitetas,Lichtenstein,http://www.vdu.lt
Aleksandro Stulginskio universitetas,Lichtenstein,http://www.asu.lt
Lietuvos sporto universitetas,Lichtenstein,http://www.lsu.lt
Klaipedos universitetas,Lichtenstein,http://www.ku.lt
Šiauliu universitetas,Lichtenstein,http://www.su.lt
Viešoji istaiga Vilniaus universiteto Tarptautinio verslo mokykla,Lichtenstein,http://www.vm.vu.lt/en
"Kazimieras Simonavicius University, UAB",Lichtenstein,http://www.ksu.lt
"ISM Vadybos ir ekonomikos universitetas, UAB",Lichtenstein,http://www.ism.lt
Viešoji istaiga LCC Tarptautinis universitetas,Lichtenstein,http://www.lcc.lt
Vilniaus kolegija,Lichtenstein,http://www.viko.lt
Vilniaus technologiju ir dizaino kolegija,Lichtenstein,http://www.vtdko.lt
Kauno kolegija,Lichtenstein,http://www.kaunokolegija.lt
Kauno technikos kolegija,Lichtenstein,https://www.lik.tech/en
Kauno mišku ir aplinkos inžinerijos kolegija,Lichtenstein,http://www.kmaik.lt
Klaipedos valstybine kolegija,Lichtenstein,http://www.kvk.lt
Lietuvos aukštoji jureivystes mokykla,Lichtenstein,http://www.lajm.lt
Alytaus kolegija,Lichtenstein,http://alytauskolegija.lt/en/
Panevežio kolegija,Lichtenstein,http://www.panko.lt
Šiauliu valstybine kolegija,Lichtenstein,http://www.svako.lt
Marijampoles kolegija,Lichtenstein,http://www.marko.lt
Utenos kolegija,Lichtenstein,http://www.utenos-kolegija.lt
Žemaitijos kolegija,Lichtenstein,http://www.zemko.lt
"Tarptautine teises ir verslo aukštoji mokykla, UAB",Lichtenstein,http://www.ttvam.lt
Viešoji istaiga Vilniaus verslo kolegija,Lichtenstein,http://www.kolegija.lt
"Vilniaus kooperacijos kolegija, VšI",Lichtenstein,http://www.vkk.lt
Viešoji istaiga Kolpingo kolegija,Lichtenstein,http://kolegija.kolping.lt
"Klaipedos verslo aukštoji mokykla, UAB",Lichtenstein,http://www.kvam.lt
Viešoji istaiga Socialiniu mokslu kolegija,Lichtenstein,http://www.smk.lt
"Viešoji istaiga ""Europos Humanitarinis Universitetas""",Lichtenstein,http://www.ehu.lt
Vilniaus dizaino kolegija,Lichtenstein,http://www.dizainokolegija.lt
V.A. Graiciuno aukštoji vadybos mokykla,Lichtenstein,http://www.avm.lt
Viešoji istaiga Šiaures Lietuvos kolegija,Lichtenstein,http://www.slk.lt
Viešoji istaiga Lietuvos verslo kolegija,Lichtenstein,http://www.ltvk.lt
Lietuvos sveikatos mokslu universitetas,Lichtenstein,http://www.lsmuni.lt
"Balstoges universiteto filialas ""Ekonomikos-informatikos fakultetas""",Lichtenstein,http://www.uwb.lt
Šv. Ignaco Lojolos kolegija,Lichtenstein,http://www.ilk.lt/en
Université du Luxembourg,Luxembourg,http://wwwfr.uni.lu/
LUNEX University,Luxembourg,http://www.lunex-university.net
Luxembourg  School of Business,Luxembourg,https://luxsb.lu/
Latvijas Universitate,Latvia,http://www.lu.lv
Rigas Tehniska universitate,Latvia,http://www.rtu.lv
Rigas Stradina universitate,Latvia,http://www.rsu.lv
Latvia University of Life Sciences and Technologies,Latvia,http://www.llu.lv
Daugavpils Universitate,Latvia,http://www.du.lv
Liepajas Universitate,Latvia,http://www.liepu.lv
Latvijas Kulturas akademija,Latvia,http://www.lka.edu.lv
Latvijas Makslas akademija,Latvia,http://www.lma.lv
Jazepa Vitola Latvijas Muzikas akademija,Latvia,http://www.jvlma.lv
Latvijas Sporta Pedagogijas akademija,Latvia,http://www.lspa.lv
Latvijas Juras akademija,Latvia,http://www.latja.lv
Rigas Pedagogijas un izglitibas vadibas augstskola,Latvia,http://www.rpiva.lv
Rēzeknes Tehnoloģiju akadēmija,Latvia,https://rta.lv/
"Rigas Ekonomikas augstskola ""Stockholm School of Economics in Riga""",Latvia,http://www.sseriga.edu
Ventspils augstskola,Latvia,http://www.venta.lv
Vidzemes augstskola,Latvia,http://www.va.lv
Banku augstskola,Latvia,http://www.ba.lv
"Biznesa, mākslas un tehnoloģiju augstskola RISEBA",Latvia,http://www.riseba.lv
Biznesa augstskola Turiba,Latvia,http://www.turiba.lv
"Sociala darba un socialas pedagogijas augstskola ""Attistiba""",Latvia,http://www.attistiba.lv
Latvijas Kristiga akademija,Latvia,http://www.kra.lv
Baltijas Starptautiska akademija,Latvia,http://www.bsa.edu.lv
Socialo tehnologiju augstskola,Latvia,http://www.sta-edu.lv
Rigas Aeronavigacijas instituts,Latvia,http://www.rai.lv
Informacijas sistemu menedžmenta augstskola,Latvia,http://www.isma.lv
Ekonomikas un kulturas augstskola,Latvia,http://www.augstskola.lv/?lng=eng
Baltijas psihologijas un menedžmenta augstskola,Latvia,http://www.psy.lv
Transporta un sakaru instituts,Latvia,http://www.tsi.lv
Rigas Juridiska augstskola,Latvia,http://www.rgsl.edu.lv
Rigas Celtniecibas koledža,Latvia,http://www.rck.lv
"Profesionālās izglītības kompetences centrs  ""RĪGAS TEHNISKĀ KOLEDŽA""",Latvia,http://www.rtk.lv
LKA Latvijas Kultūras koledža,Latvia,http://www.kulturaskoledza.lv
Liepajas Jurniecibas koledža,Latvia,http://www.ljk.lv
Jekabpils Agrobiznesa koledža,Latvia,http://www.jak.lv
Socialas integracijas valsts agenturas koledža,Latvia,http://www.siva.gov.lv
Daugavpils Universitātes Daugavpils medicīnas koledža,Latvia,https://dmk.lv/
Malnavas koledža,Latvia,https://malnavaskoledza.lv/
LU P. Stradina medicinas koledža,Latvia,http://www.psk.lu.lv
Latvijas Universitates Rigas Medicinas koledža (LU RMK),Latvia,http://www.rmkoledza.lu.lv
Rigas Stradina universitates Sarkana Krusta medicinas koledža,Latvia,http://www.rcmc.lv
Latvijas Universitātes Rīgas 1. medicīnas koledža,Latvia,http://www.rmk1.lv
Valsts Policijas koledža,Latvia,http://www.policijas.koledza.gov.lv
Alberta koledža,Latvia,http://www.alberta-koledza.lv
Juridiska koledža,Latvia,https://jk.lv/
Gramatvedibas un finanšu koledža,Latvia,http://www.koledza.lv
Biznesa vadibas koledža,Latvia,http://www.bvk.lv
Starptautiskā Kosmetoloģijas koledža,Latvia,https://skk.lv/
Latvijas Biznesa koledža,Latvia,http://www.biznesakoledza.lv
Eiropas Tālmācības augstskola,Latvia,http://www.augstskola.com
Novikontas Jūras koledža,Latvia,https://novikontas.org/college/lv
Latvijas Nacionālā aizsardzības akadēmija,Latvia,https://www.naa.mil.lv/lv
Univerzitet Crne Gore,Montenegro,https://www.ucg.ac.me/
Univerzitet Donja Gorica,Montenegro,https://www.udg.edu.me/en/
Univerziteta Mediteran,Montenegro,http://unimediteran.net/index.php/en/
Fakultet za državne i evropske studije,Montenegro,http://www.fdes.me/?lang=en#
Fakultet za poslovni menadžment - Bar,Montenegro,http://www.fpm.me/
Fakultet za mediteranske i poslovne studije Tivat,Montenegro,http://www.fms-tivat.me/
Fakultet za menadžment Herceg Novi,Montenegro,https://www.fm-hn.com/
Fakultet za biznis i turizam Budva,Montenegro,http://www.fbt-budva.com/index.php?lang=en
Fakultet za poslovnu ekonomiju i pravo Bar,Montenegro,http://fpebar.me/
Pomorski fakultet Bar,Montenegro,http://www.pfbar.me/
"Univerzitet ""Adriatik"" Bar",Montenegro,https://www.univerzitetadriatik.com/
Fakultet za crnogorski jezik i književnost,Montenegro,http://www.fcjk.me/en/
Државен Универзитет во Тетово,North Mecedonia,http://www.unite.edu.mk/
Универзитет „Св. Кирил и Методиј“ во Скопје,North Mecedonia,http://www.ukim.edu.mk/
Универзитет „Св. Климент Охридски“ - Битола,North Mecedonia,http://www.uklo.edu.mk/
Универзитет „Гоце Делчев“ - Штип,North Mecedonia,http://www.ugd.edu.mk/index.php/en/
"Универзитет за информатички науки и технологии ""Св. Апостол Павле""",North Mecedonia,http://uist.edu.mk/
Meѓународниот Универзитет во Струга,North Mecedonia,https://iust.edu.mk/
Прв приватен европски универзитет „Република Македонија“- Скопје,North Mecedonia,http://www.eurm.edu.mk/
Универзитет на Југоисточна Европа - Тетово,North Mecedonia,https://www.seeu.edu.mk/
Универзитетот Американ Колеџ  - Скопје,North Mecedonia,https://uacs.edu.mk/home/
Прв приватен универзитет - Фон Универзитет - Скопје,North Mecedonia,http://www.fon.edu.mk/?ln=mk
МИТ Универзитет,North Mecedonia,http://www.mit.edu.mk/
Универзитет за Туризам и Менаџмент,North Mecedonia,http://www.utms.edu.mk/
"Меѓународен балкански универзитет, Скопје",North Mecedonia,http://ibu.edu.mk/
Меѓународен славјански универзитет „Гаврило Романович Державин“ - Свети Николе,North Mecedonia,https://msu.edu.mk/?lang=en
Универзитет „Мајка Тереза“,North Mecedonia,https://unt.edu.mk/en/
Меѓународен универзитет „Визион“,North Mecedonia,http://www.vizyon.edu.mk/
Бизнис-академија „Смилевски“ - Скопје,North Mecedonia,http://www.bas.edu.mk/
University of Malta (L'Universita` ta` Malta),North Mecedonia,http://www.um.edu.mt
"Malta College of Arts, Science & Technology",North Mecedonia,http://www.mcast.edu.mt/
Institute of Tourism Studies,North Mecedonia,http://www.its.edu.mt/
Institute for Education,North Mecedonia,https://instituteforeducation.gov.mt/en/Pages/default.aspx
Idea Academy,North Mecedonia,https://mt.ideaeducation.com/
Malta Leadership Institute,North Mecedonia,https://maltaleadershipinstitute.com/
Pegaso International,North Mecedonia,https://pegasointernational.eu/
Malta ICOM Educational,North Mecedonia,https://icomedicine.com/
Future Focus,North Mecedonia,https://futurefocus.com.mt/
Triagon Academy,North Mecedonia,https://www.triagon.mt/de/
European Forensic Institute Limited,North Mecedonia,https://www.eufor.eu/
Global College Malta,North Mecedonia,https://gcm.edu.mt/
Universiteit van Amsterdam,Amsterdam,http://www.uva.nl/
Vrije Universiteit Amsterdam,Amsterdam,http://www.vu.nl/
Technische Universiteit Delft,Amsterdam,http://www.tudelft.nl/
Technische Universiteit Eindhoven,Amsterdam,http://www.tue.nl/
Universiteit Twente,Amsterdam,http://www.utwente.nl/
Rijksuniversiteit Groningen,Amsterdam,http://www.rug.nl/
Universiteit Leiden,Amsterdam,http://www.leidenuniv.nl/
Universiteit Maastricht,Amsterdam,http://www.maastrichtuniversity.nl/
Radboud Universiteit Nijmegen,Amsterdam,http://www.ru.nl/
Erasmus Universiteit Rotterdam,Amsterdam,http://www.eur.nl/
Universiteit van Tilburg,Amsterdam,http://www.tilburguniversity.edu/
Universiteit Utrecht,Amsterdam,http://www.uu.nl/
Wageningen Universiteit,Amsterdam,http://www.wageningenur.nl/
Open Universiteit,Amsterdam,http://www.ou.nl/
Universiteit voor Humanistiek,Amsterdam,http://www.uvh.nl/
Nyenrode Business Universiteit,Amsterdam,http://www.nyenrode.nl
Protestantse Theologische Universiteit,Amsterdam,http://www.pthu.nl/
Theologische Universiteit Utrecht,Amsterdam,https://tuu.nl/
Theologische Universiteit Apeldoorn,Amsterdam,http://www.tua.nl/
"Codarts, Hogeschool voor de Kunsten",Amsterdam,http://www.codarts.nl/
Amsterdamse Hogeschool voor de Kunsten,Amsterdam,http://www.ahk.nl/
ArtEZ Hogeschool voor de Kunsten,Amsterdam,http://www.artez.nl/
Avans Hogeschool,Amsterdam,http://www.avans.nl/
CAH Vilentum Hogeschool,Amsterdam,http://www.cahvilentum.eu/
Driestar Hogeschool,Amsterdam,http://www.driestar-educatief.nl/
Christelijke Hogeschool Ede,Amsterdam,http://www.che.nl/
Stenden Hogeschool,Amsterdam,http://www.stenden.com/
Christelijke Hogeschool Windesheim,Amsterdam,http://www.windesheim.nl/
Design Academy Eindhoven,Amsterdam,http://www.designacademy.nl/
Fontys Hogescholen,Amsterdam,http://fontys.nl/
Viaa Gereformeerde Hogeschool,Amsterdam,http://www.gh.nl/
Gerrit Rietveld Academie,Amsterdam,http://www.gerritrietveldacademie.nl/
De Haagse Hogeschool,Amsterdam,http://www.dehaagsehogeschool.nl/
Hanzehogeschool Groningen,Amsterdam,http://www.hanze.nl/
HAS Green Academy,Amsterdam,https://www.has.nl/
Hotelschool Den Haag,Amsterdam,http://hotelschool.nl/
Hogeschool De Kempel,Amsterdam,http://www.kempel.nl/
Hogeschool Edith Stein,Amsterdam,http://www.saxion.nl/
Hogeschool Helicon,Amsterdam,http://www.hhelicon.nl/
Hogeschool INHOLLAND,Amsterdam,http://www.inholland.nl/
Hogeschool IPABO,Amsterdam,https://www.ipabo.nl
Hogeschool Van Hall Larenstein,Amsterdam,http://www.vhluniversity.com/
Hogeschool Leiden,Amsterdam,http://www.hsleiden.nl/
Hogeschool Rotterdam,Amsterdam,http://www.hogeschoolrotterdam.nl/
Hogeschool van Amsterdam,Amsterdam,http://www.hva.nl/
Hogeschool van Arnhem en Nijmegen,Amsterdam,http://www.han.nl/
Koninklijke Academie van Beeldende Kunsten,Amsterdam,http://www.kabk.nl
Hogeschool Utrecht,Amsterdam,http://www.hu.nl/
Hogeschool voor de Kunsten Utrecht,Amsterdam,http://www.hku.nl
HZ University of Applied Sciences,Amsterdam,http://hz.nl
Zuyd Hogeschool,Amsterdam,http://www.zuyd.nl/
Iselinge Hogeschool,Amsterdam,http://www.iselinge.nl/
Katholieke PABO Zwolle,Amsterdam,http://www.kpz.nl/
Breda University of Applied Sciences,Amsterdam,http://www.nhtv.nl/
NHL Hogeschool,Amsterdam,https://www.nhlstenden.com/
Marnix Academie,Amsterdam,http://www.marnixacademie.nl
Stoas Wageningen Vilentum Hogeschool,Amsterdam,https://www.aereshogeschool.nl/faculteiten/wageningen%20nl
Aeres Hogeschool,Amsterdam,http://www.aeresuas.com/
Thomas More Hogeschool,Amsterdam,http://www.thomasmorehs.nl/
NHL Stenden Hogeschool,Amsterdam,http://www.nhlstenden.com/en
Transnationale Universiteit Limburg,Amsterdam,https://tul.edu/
Wittenborg University of Applied Sciences,Amsterdam,https://www.wittenborg.eu
Universitetet i Oslo,Norway,http://www.uio.no/english/
Universitetet i Bergen,Norway,http://www.uib.no/en
Universitetet i Tromsø - Norges arktiske universitet,Norway,http://en.uit.no/startsida
Norges teknisk-naturvitenskapelige universitet,Norway,http://www.ntnu.edu/
Norges miljø- og biovitenskapelige universitet,Norway,https://www.nmbu.no
Universitetet i Stavanger,Norway,https://www.uis.no/en
Universitetet i Agder,Norway,http://www.uia.no/en
Arkitektur- og designhøgskolen i Oslo,Norway,http://aho.no/en/
Handelshøyskolen BI,Norway,http://www.bi.edu/
Misjonshøgskolen,Norway,http://www.mhs.no/en/
Norges Handelshøyskole,Norway,http://www.nhh.no/Default.aspx?AreaID=7
Norges idrettshøgskole,Norway,http://www.nih.no/en/
Norges veterinærhøgskole,Norway,http://www.nvh.no/en/Home/
Norges musikkhøgskole,Norway,http://nmh.no/en/
MF vitenskapelig høgskole,Norway,http://www.mf.no/en
Høgskolen i Bergen,Norway,http://www.hib.no/english/default.asp
Nord universitet,Norway,http://www.nord.no/
Høgskolen i Buskerud,Norway,http://www.hibu.no/english/
Høgskolen i Finnmark,Norway,http://www.hifm.no/index.php?lang=eng
Høgskolen i Gjøvik,Norway,http://english.hig.no/
Høgskolen i Harstad,Norway,http://www.hih.no/index.php?lang=eng
Høgskolen i Hedmark,Norway,http://www.hihm.no/English
Høgskolen i Lillehammer,Norway,http://www.hil.no/eng
Høgskolen i Molde,Norway,http://www.himolde.no/english/Sider/side.aspx
Høgskolen i Narvik,Norway,http://www.hin.no/?lang=eng
Høgskolen i Nesna,Norway,http://www.hinesna.no/
Høgskolen i Nord-Trøndelag,Norway,http://www.hint.no/
Høgskulen i Sogn og Fjordane,Norway,http://www.hisf.no/en/home
Høgskolen Stord/ Haugesund,Norway,http://hsh.no/om_hsh.htm
Høgskolen i Sør-Trøndelag,Norway,http://www.hist.no/english/
Høgskolen i Telemark,Norway,http://www.hit.no/eng
Høgskolen i Vestfold,Norway,http://www.hive.no/?lang=en_GB
Høgskulen i Volda,Norway,http://www.hivolda.no/english
Høgskolen i Østfold,Norway,https://www.hiof.no/?gclid=Cj0KCQjwz7uRBhDRARIsAFqjulmyrGcYN_9mZNFR29kl-BbvKCbrOrSC1kciv50izITPgXOlFhbKucUaAn7NEALw_wcB
Høgskolen i Ålesund,Norway,http://www.hials.no/eng
Sámi allskuvla/ Samisk høgskole,Norway,http://www.samas.no
Diakonhjemmet høgskole,Norway,http://www.diakonhjemmet.no/DUC
Dronning Mauds minne,Norway,http://www.dmmh.no/en
Kunst- og designhøgskolen i Bergen,Norway,http://www.khib.no/english/
Kunsthøgskolen i Oslo,Norway,http://www.khio.no/Engelsk/
Høyskolen Kristiania,Norway,http://www.campuskristiania.no/
Norges Informasjonsteknologiske Høgskole,Norway,http://nith.no/en
NLA Høgskolen,Norway,http://www.nla.no/eng/english-frontpage?lang=eng
Forsvarets høgskole,Norway,https://www.forsvaret.no/en/organisation/nduc
Politihøgskolen,Norway,http://www.phs.no/en/
Ansgar Teologiske høgskole,Norway,http://ansgarhogskole.no/
Høgskolen Betanien,Norway,http://www.betanien.no/hogskolen/pages/english.aspx
Haraldsplass diakonale høgskole,Norway,http://www.haraldsplass.no/hogskole
Høyskolen Diakonova,Norway,http://www.diakonova.no/index.php?lang=eng
Lovisenberg diakonale høgskole,Norway,http://www.ldh.no/
Oslomet – storbyuniversitetet,Norway,https://www.oslomet.no/en
Universitetet i Sørøst-Norge,Norway,https://www.usn.no/
Westerdals Oslo ACT,Norway,https://www.westerdals.no/
VID vitenskapelige høgskole,Norway,https://www.vid.no/
Høgskulen på Vestlandet,Norway,http://www.hib.no/en/
Høgskolen i Innlandet,Norway,http://eng.inn.no/
Kriminalomsorgens høgskole og utdanningssenter KRUS,Norway,https://www.krus.no/
Oslo Nye Høyskole,Norway,https://oslonyehoyskole.no/
Universitetssenteret på Svalbard,Norway,https://www.unis.no
Uniwersytet Ekonomiczny w Katowicach,Poland,https://www.ue.katowice.pl/
Akademia Finansów i Biznesu Vistula,Poland,https://vistula.edu.pl/
Akademia Górniczo-Hutnicza im. St. Staszica w Krakowie,Poland,http://www.agh.edu.pl
Akademia Humanistyczna im. A. Gieysztora w Pułtusku,Poland,http://www.ah.edu.pl
Uniwersytet Humanistyczno-Przyrodniczy im. Jana Długosza w Częstochowie,Poland,http://www.en.ujd.edu.pl
Akademia Leona Koźmińskiego,Poland,https://www.kozminski.edu.pl/en/
Akademia Marynarki Wojennej im. Bohaterów Westerplatte w Gdyni,Poland,https://www.amw.gdynia.pl/index.php/en/
Uniwersytet Medyczny im. Piastów Śląskich we Wrocławiu,Poland,https://www.umw.edu.pl/pl
Uniwersytet Medyczny w Lublinie,Poland,https://www.umlub.pl/en/
Gdański Uniwersytet Medyczny,Poland,https://mug.edu.pl/
Uniwersytet Morski w Gdyni,Poland,http://www.umg.edu.pl/en/
Politechnika Morska w Szczecinie,Poland,http://www.am.szczecin.pl/
Akademia Muzyczna im. Feliksa Nowowiejskiego w Bydgoszczy,Poland,http://www.amuz.bydgoszcz.pl
Akademia Muzyczna im. Grażyny i Kiejstuta Bacewiczów w Łodzi,Poland,http://www.amuz.lodz.pl/
Akademia Muzyczna im. Ignacego Jana Paderewskiego w Poznaniu,Poland,http://www.amuz.edu.pl
Akademia Muzyczna im. Karola Lipińskiego we Wrocławiu,Poland,http://www.amuz.wroc.pl
Akademia Muzyczna im. Karola Szymanowskiego w Katowicach,Poland,http://am.katowice.pl
Akademia Muzyczna im. Stanisława Moniuszki w Gdańsku,Poland,http://amuz.gda.pl
Akademia Muzyczna im. Krzysztofa Pendereckiego w Krakowie,Poland,http://www.amuz.krakow.pl
Akademia Sztuki Wojennej,Poland,http://www.akademia.mil.pl
Akademia Pedagogiki Specjalnej im. Marii Grzegorzewskiej,Poland,http://www.aps.edu.pl
Uniwersytet Przyrodniczo-Humanistyczny w Siedlcach,Poland,https://www.uws.edu.pl/
Akademia Polonijna w Częstochowie,Poland,https://en.ap.edu.pl/
Akademia Pomorska w Słupsku,Poland,https://www.upsl.edu.pl/
Akademia Sztuk Pięknych im. Jana Matejki w Krakowie,Poland,http://www.asp.krakow.pl/
Akademia Sztuk Pięknych im. Władysława Strzemińskiego w Łodzi,Poland,http://www.asp.lodz.pl
Akademia Sztuk Pięknych w Gdańsku,Poland,http://www.asp.gda.pl
Akademia Sztuk Pięknych w Katowicach,Poland,http://asp.katowice.pl
Uniwersytet Artystyczny im. Magdaleny Abakanowicz w Poznaniu,Poland,http://uap.edu.pl/
Akademia Sztuk Pięknych w Warszawie,Poland,http://www.asp.waw.pl/
Akademia Sztuk Pięknych im. Eugeniusza Gepperta we Wrocławiu,Poland,http://www.asp.wroc.pl/
Akademia Teatralna im. Aleksandra Zelwerowicza w Warszawie,Poland,http://akademia.at.edu.pl/
Akademia Techniczno-Humanistyczna w Bielsku-Białej,Poland,https://ubb.edu.pl/en/
Akademia Wychowania Fizycznego i Sportu im. Jędrzeja Śniadeckiego w Gdańsku,Poland,http://www.awf.gda.pl
Akademia Wychowania Fizycznego im. Bronisława Czecha w Krakowie,Poland,http://www.awf.krakow.pl
Akademia Wychowania Fizycznego im. Eugeniusza Piaseckiego w Poznaniu,Poland,http://www.awf.poznan.pl
Akademia Wychowania Fizycznego im. Jerzego Kukuczki w Katowicach,Poland,http://www.awf.katowice.pl
Akademia Wychowania Fizycznego im. Józefa Piłsudskiego w Warszawie,Poland,http://www.awf.edu.pl
Akademia Wychowania Fizycznego im. Polskich Olimpijczyków we Wrocławiu,Poland,http://www.awf.wroc.pl
Ateneum - Szkoła Wyższa w Gdańsku,Poland,http://www.ateneum.edu.pl
Bielska Wyższa Szkoła im. Józefa Tyszkiewicza w Bielsku-Białej,Poland,http://tyszkiewicz.edu.pl
Chrześcijańska Akademia Teologiczna w Warszawie,Poland,http://www.chat.edu.pl
Collegium Civitas w Warszawie,Poland,https://www.civitas.edu.pl/en/
Collegium Varsoviense w Warszawie,Poland,http://www.futurus.org/pl/uczelnia/cv.html
Dolnośląska Szkoła Wyższa we Wrocławiu,Poland,http://www.dsw.edu.pl
Uczelnia Jana Wyżykowskiego w Polkowicach,Poland,http://en.ujw.pl/
Akademia Medycznych i Społecznych Nauk Stosowanych,Poland,http://www.euh-e.edu.pl
Europejska Wyższa Szkoła Prawa i Administracji w Warszawie,Poland,http://ewspa.edu.pl/
Gdańska Szkoła Wyższa,Poland,http://www.gwsa.pl/
Gdańska Wyższa Szkoła Humanistyczna,Poland,http://www.gwsh.gda.pl
Gliwicka Wyższa Szkoła Przedsiębiorczości,Poland,http://gwsp.gliwice.pl/
Gnieźnieńska Szkoła Wyższa Milenium,Poland,http://www.milenium.edu.pl
Akademia Górnośląska im. Wojciecha Korfantego w Katowicach,Poland,http://www.gwsh.pl
Instytut Teologiczny im. Bł. Wincentego Kadłubka w Sandomierzu,Poland,http://www.instteol.sandomierz.opoka.org.pl/
Kaszubsko-Pomorska Szkoła Wyższa w Wejherowie,Poland,http://www.kpsw.pl
Katolicki Uniwersytet Lubelski Jana Pawła II,Poland,http://www.kul.pl
Karkonoska Akademia Nauk Stosowanych w Jeleniej Górze,Poland,https://kans.pl/
Krakowska Akademia im. Andrzeja Frycza Modrzewskiego,Poland,http://www.ka.edu.pl/
Krakowska Wyższa Szkoła Promocji Zdrowia,Poland,http://www.kwspz.pl/
Kujawsko-Pomorska Szkoła Wyższa w Bydgoszczy,Poland,http://www.kpsw.edu.pl/
Małopolska Wyższa Szkoła Ekonomiczna w Tarnowie,Poland,http://www.mwse.edu.pl/
Małopolska Wyższa Szkoła im.Józefa Dietla w Krakowie,Poland,http://dietl.edu.pl/
Mazowiecka Wyższa Szkoła Humanistyczno-Pedagogiczna w Łowiczu,Poland,http://www.mwshp.lowicz.pl/
Międzynarodowa Wyższa Szkoła Logistyki i Transportu we Wrocławiu,Poland,http://www.mwsl.eu/
Niepaństwowa Wyższa Szkoła Pedagogiczna w Białymstoku,Poland,https://apwb.pl/
Niepubliczna Wyższa Szkoła Medyczna we Wrocławiu,Poland,http://www.nwsm.pl
Olsztyńska Szkoła Wyższa,Poland,http://www.osw.olsztyn.pl/
Wyższa Szkoła Informatyki i Zarządzania im. Prof. Tadeusza Kotarbińskiego z siedzibą w Olsztynie,Poland,http://owsiiz.edu.pl
Państwowa Medyczna Wyższa Szkoła Zawodowa w Opolu,Poland,http://www.wsm.opole.pl/
"Państwowa Wyższa Szkoła Filmowa, Telewizyjna i Teatralna im. Leona Schillera w Łodzi",Poland,http://www.filmschool.lodz.pl/
Akademia Nauk Stosowanych w Łomży,Poland,https://al.edu.pl/
Akademia Sztuk Teatralnych im. Stanisława Wyspiańskiego w Krakowie,Poland,http://www.ast.krakow.pl/
Państwowa Akademia Nauk Stosowanych w Przemyślu,Poland,https://international.pansp.pl/
Akademia Nauk Stosowanych Angelusa Silesiusa,Poland,https://www.ans.edu.pl/
Akademia Nauk Stosowanych im. Jana Amosa Komeńskiego w Lesznie,Poland,https://www.ansleszno.pl/
Uczelnia Państwowa im. Jana Grodka w Sanoku,Poland,http://www.pwsz-sanok.edu.pl/
Państwowa Wyższa Szkoła Techniczno Ekonomiczna im. ks. Bronisława Markiewicza w Jarosławiu,Poland,http://www.pwste.edu.pl/
Akademia Bialska Nauk Stosowanych im. Jana Pawła II,Poland,http://www.pswbp.pl/
Akademia Kaliska im. Prezydenta Stanisława Wojciechowskiego,Poland,https://uniwersytetkaliski.edu.pl/
Państwowa Uczelnia Zawodowa im. prof. Stanisława Tarnowskiego w Tarnobrzegu,Poland,http://www.pwsz.tarnobrzeg.pl/
Akademia Nauk Stosowanych im. Stanisława Staszica w Pile,Poland,http://www.pwsz.pila.pl/
Collegium Witelona Uczelnia Państwowa,Poland,http://www.pwsz.legnica.edu.pl/
Państwowa Akademia Nauk Stosowanych w Chełmie,Poland,https://panschelm.edu.pl/
Państwowa Uczelnia Zawodowa im. Ignacego Mościckiego w Ciechanowie,Poland,https://pansim.edu.pl/
Akademia Nauk Stosowanych w Elblągu,Poland,http://www.pwsz.elblag.pl/
Państwowa Wyższa Szkoła Zawodowa w Głogowie,Poland,https://pans.glogow.pl/
Akademia Nauk Stosowanych im. Hipolita Cegielskiego w Gnieźnie Uczelnia Państwowa,Poland,https://ans-gniezno.edu.pl/
Akademia im. Jakuba z Paradyża,Poland,http://ajp.edu.pl/
Akademia Nauk Stosowanych w Koninie,Poland,http://www.pwsz.konin.edu.pl/
Karpacka Państwowa Uczelnia w Krośnie,Poland,https://kpu.krosno.pl/
Państwowa Wyższa Szkoła Zawodowa w Nowym Sączu,Poland,https://www.ans-ns.edu.pl/
Państwowa Akademia Nauk Stosowanych w Nysie,Poland,https://pans.nysa.pl/
Małopolska Uczelnia Państwowa im. rotmistrza Witolda Pileckiego w Oświęcimiu,Poland,http://www.uczelnia.pwsz-oswiecim.edu.pl/
Akademia Mazowiecka w Płocku,Poland,https://mazowiecka.edu.pl/en/
Akademia Nauk Stosowanych w Raciborzu,Poland,https://akademiarac.edu.pl/
Akademia Nauk Stosowanych Stefana Batorego,Poland,https://www.pusb.pl/
Państwowa Wyższa Szkoła Zawodowa w Sulechowie,Poland,http://www.pwsz.sulechow.pl/
Państwowa Uczelnia Zawodowa im. prof. Edwarda F. Szczepanika w Suwałkach,Poland,https://www.puz.suwalki.pl/
Akademia Nauk Stosowanych w Tarnowie,Poland,https://international.pwsztar.edu.pl/
Akademia Nauk Stosowanych w Wałczu,Poland,http://www.pwsz.eu/
Akademia Zamojska,Poland,https://www.akademiazamojska.edu.pl/
Państwowa Akademia Nauk Stosowanych we Włocławku,Poland,http://www.pwsz.wloclawek.pl/
Uniwersytet Papieski Jana Pawła II w Krakowie,Poland,http://upjp2.edu.pl/
Papieski Wydział Teologiczny we Wrocławiu,Poland,http://www.pwt.wroc.pl/
Podhalańska Państwowa Wyższa Szkoła Zawodowa w Nowym Targu,Poland,https://ans-nt.edu.pl/
Podkarpacka Szkoła Wyższa im. bł. ks. Władysława Findysza w Jaśle,Poland,http://www.psw.jaslo.pl/
Politechnika Białostocka,Poland,http://www.pb.edu.pl/
Politechnika Częstochowska,Poland,http://www.pcz.pl
Politechnika Gdańska,Poland,https://pg.edu.pl/
Politechnika Koszalińska,Poland,http://www.tu.koszalin.pl
Politechnika Krakowska im. Tadeusza Kościuszki,Poland,http://www.pk.edu.pl
Politechnika Lubelska,Poland,http://www.pollub.pl
Politechnika Łódzka,Poland,http://www.p.lodz.pl
Politechnika Opolska,Poland,http://www.po.opole.pl
Politechnika Poznańska,Poland,http://www.put.poznan.pl
Uniwersytet Technologiczno-Humanistyczny im. Kazimierza Pułaskiego w Radomiu,Poland,http://www.uniwersytetradom.pl/
Politechnika Rzeszowska im. Ignacego Łukasiewicza,Poland,https://w.prz.edu.pl/
Politechnika Śląska w Gliwicach,Poland,http://www.polsl.pl/
Politechnika Świętokrzyska w Kielcach,Poland,http://www.tu.kielce.pl/
Politechnika Warszawska,Poland,http://www.pw.edu.pl/
Politechnika Wrocławska,Poland,http://pwr.edu.pl/en/
Polsko-Japońska Akademia Technik Komputerowych,Poland,http://www.pja.edu.pl/en/
Pomorski Uniwersytet Medyczny w Szczecinie,Poland,http://www.pum.edu.pl/
Pomorska Wyższa Szkoła Nauk Stosowanych w Gdyni,Poland,http://www.pwsh.edu.pl/
Powiślańska Szkoła Wyższa,Poland,https://psw.kwidzyn.edu.pl/
"Powszechna Wyższa Szkoła Humanistyczna ""Pomerania"" w Chojnicach",Poland,http://www.pomeraniachojnice.edu.pl
Warszawska Uczelnia Medyczna im. Tadeusza Koźluka,Poland,http://www.pwsbia.edu.pl/
Prywatna Wyższa Szkoła Ochrony Środowiska w Radomiu,Poland,http://www.pwsos.pl/
Radomska Szkoła Wyższa,Poland,http://www.rsw.edu.pl/
Sopocka Akademia Nauk Stosowanych,Poland,https://www.ssw-sopot.pl/
Społeczna Akademia Nauk w Łodzi,Poland,https://en.san.edu.pl/
Collegium Balticum - Akademia Nauk Stosowanych z siedzibą w Szczecinie,Poland,http://www.cb.szczecin.pl/
Szkoła Główna Gospodarstwa Wiejskiego,Poland,http://www.sggw.pl/
Szkoła Główna Handlowa w Warszawie,Poland,http://www.sgh.waw.pl/
Szkoła Główna Służby Pożarniczej,Poland,https://apoz.edu.pl/
Szkoła Wyższa im. Bogdana Jańskiego w Warszawie,Poland,http://www.warszawa.janski.edu.pl/
Szkoła Wyższa im. Pawła Włodkowica w Płocku,Poland,http://www.wlodkowic.pl/
SWPS Uniwersytet Humanistycznospołeczny,Poland,http://www.swps.pl/
Śląska Wyższa Szkoła Medyczna w Katowicach,Poland,http://www.swsm.pl/
Śląska Wyższa Szkoła Zarządzania im. Generała Jerzego Ziętka w Katowicach,Poland,http://www.swsz.pl/
Śląski Uniwersytet Medyczny w Katowicach,Poland,https://sum.edu.pl/
Akademia Jagiellońska w Toruniu,Poland,https://akademiajagiellonska.pl/
Uczelnia Medyczna im. Marii Skłodowskiej - Curie w Warszawie,Poland,http://www.uczelniawarszawska.pl/
Uniwersytet Ekonomiczny w Krakowie,Poland,http://www.uek.krakow.pl
Uniwersytet Ekonomiczny w Poznaniu,Poland,http://www.ue.poznan.pl
Uniwersytet Ekonomiczny we Wrocławiu,Poland,http://www.ue.wroc.pl
Uniwersytet Gdański,Poland,http://ug.edu.pl
Uniwersytet im. Jana Kochanowskiego w Kielcach,Poland,http://www.ujk.edu.pl
Uniwersytet im. Adama Mickiewicza w Poznaniu,Poland,http://www.amu.edu.pl
Uniwersytet Jagielloński w Krakowie,Poland,http://www.uj.edu.pl/
Uniwersytet Kardynała Stefana Wyszyńskiego w Warszawie,Poland,http://www.uksw.edu.pl
Uniwersytet Kazimierza Wielkiego w Bydgoszczy,Poland,http://ukw.edu.pl
Uniwersytet Łódzki,Poland,http://www.uni.lodz.pl/index.php
Uniwersytet Marii Curie-Skłodowskiej w Lublinie,Poland,https://www.umcs.pl/en/
Uniwersytet Medyczny im. Karola Marcinkowskiego w Poznaniu,Poland,http://www.ump.edu.pl
Uniwersytet Medyczny w Białymstoku,Poland,http://www.umb.edu.pl
Uniwersytet Medyczny w Łodzi,Poland,http://www.umed.pl
Uniwersytet Mikołaja Kopernika w Toruniu,Poland,http://www.umk.pl
Uniwersytet Muzyczny Fryderyka Chopina,Poland,http://www.chopin.edu.pl
Uniwersytet Opolski,Poland,http://uni.opole.pl
Uniwersytet Pedagogiczny im. Komisji Edukacji Narodowej w Krakowie,Poland,https://www.uken.krakow.pl/
Uniwersytet Przyrodniczy w Lublinie,Poland,http://www.up.lublin.pl
Uniwersytet Przyrodniczy w Poznaniu,Poland,http://puls.edu.pl/
Uniwersytet Przyrodniczy we Wrocławiu,Poland,http://www.up.wroc.pl
Uniwersytet Rolniczy im. Hugona Kołłątaja w Krakowie,Poland,https://urk.edu.pl/
Uniwersytet Rzeszowski,Poland,http://www.ur.edu.pl/en
Uniwersytet Szczeciński,Poland,http://usz.edu.pl/
Uniwersytet Śląski w Katowicach,Poland,http://www.us.edu.pl
Politechnika Bydgoska im. Jana i Jędrzeja Śniadeckich,Poland,http://www.utp.edu.pl
Uniwersytet w Białymstoku,Poland,http://www.uwb.edu.pl
Uniwersytet Warmińsko-Mazurski w Olsztynie,Poland,http://www.uwm.edu.pl
Uniwersytet Warszawski,Poland,http://www.uw.edu.pl
Uniwersytet Wrocławski,Poland,http://www.uni.wroc.pl
Uniwersytet Zielonogórski,Poland,http://www.uz.zgora.pl
Wyższa Szkoła Zarządzania i Przedsiębiorczości w Wałbrzychu,Poland,http://www.wwszip.pl
Warszawska Szkoła Zarządzania - Szkoła Wyższa w Warszawie,Poland,http://www.wsz-sw.edu.pl/
Warszawska Wyższa Szkoła Informatyki,Poland,http://www.wwsi.edu.pl/
Warszawski Uniwersytet Medyczny,Poland,http://www.wum.edu.pl
Wielkopolska Akademia Społeczno-Ekonomiczna w Środzie Wielkopolskiej - Akademia Nauk Stosowanych,Poland,https://wase.edu.pl/
Wojskowa Akademia Techniczna im. Jarosława Dąbrowskiego w Warszawie,Poland,http://www.wat.edu.pl/
Wrocławska Wyższa Szkoła Informatyki Stosowanej we Wrocławiu,Poland,http://www.horyzont.eu/
Wszechnica Polska Akademia Nauk Stosowanych w Warszawie,Poland,http://www.wszechnicapolska.edu.pl/
Wszechnica Świętokrzyska w Kielcach,Poland,http://www.ws.edu.pl
Wyższa Szkoła Edukacja w Sporcie w Warszawie,Poland,http://ews.edu.pl
Wyższa Szkoła Administracji i Biznesu im. Eugeniusza Kwiatkowskiego w Gdyni,Poland,https://wsaib.pl/
Wyższa Szkoła Administracji Publicznej im. Stanisława Staszica w Białymstoku,Poland,http://www.wsap.edu.pl
Wyższa Szkoła Administracji w Bielsku-Białej,Poland,http://www.wsa.bielsko.pl/
Międzynarodowa Akademia Nauk Stosowanych w Łomży,Poland,https://mans.edu.pl/
Wyższa Szkoła Bankowa w Gdańsku,Poland,https://www.merito.pl/gdansk/
Wyższa Szkoła Bankowa w Poznaniu,Poland,https://www.merito.pl/poznan/
Wyższa Szkoła Bankowa w Toruniu,Poland,https://www.merito.pl/torun/
Wyższa Szkoła Bankowa we Wrocławiu,Poland,https://www.merito.pl/wroclaw/
Wyższa Szkoła Finansów i Prawa w Bielsku Białej,Poland,http://wsfip.edu.pl/
Wyższa Szkoła Bezpieczeństwa i Ochrony w Warszawie im. Marszałka J. Piłsudzkiego,Poland,http://www.wsbio.waw.pl
"Wyższa Szkoła Bezpieczeństwa Publicznego i Indywidualnego ""Apeiron"" w Krakowie",Poland,http://apeiron.edu.pl/pl/
Wyższa Szkoła Bezpieczeństwa w Poznaniu,Poland,http://www.wsb.net.pl
Wyższa Szkoła Biznesu i Nauk o Zdrowiu w Łodzi,Poland,http://www.medyk.edu.pl
Akademia Nauk Stosowanych im. Józefa Gołuchowskiego,Poland,https://goluchowski.edu.pl/
Akademia WSB,Poland,http://www.wsb.edu.pl/
Wyższa Szkoła Biznesu w Gorzowie Wielkopolskim,Poland,http://www.wsb.gorzow.pl/
Wyższa Szkoła Biznesu - National Louis University z siedzibą w Nowym Sączu,Poland,http://www.wsb-nlu.edu.pl/
Wyższa Szkoła Edukacji i Terapii im. prof. Kazimiery Milanowskiej,Poland,https://www.wseit.edu.pl/
Wyższa Szkoła Nauk Pedagogicznych,Poland,https://wsnp.edu.pl/
Wyższa Szkoła Ekologii i Zarządzania w Warszawie,Poland,http://www.wseiz.pl
Wyższa Szkoła Ekonomiczna w Białymstoku,Poland,http://www.wse.edu.pl/
Wyższa Szkoła Ekonomiczno-Humanistyczna w Skierniewicach im. Prof. Szczepana A. Pieniążka,Poland,http://wsehsk.pl/
Akademia Finansów i Biznesu Vistula,Poland,http://www.vistula.edu.pl/
Wyższa Szkoła Ekonomii i Informatyki w Krakowie,Poland,http://www.wsei.edu.pl/
Lubelska Akademia WSEI,Poland,http://www.wsei.lublin.pl/
Akademia Nauk Stosowanych im. prof. Edwarda Lipińskiego w Kielcach,Poland,https://www.lipinski.edu.pl/
Staropolska Akademia Nauk Stosowanych w Kielcach,Poland,http://www.etins.edu.pl/
Wyższa Szkoła Europejska im. Ks. Józefa Tischnera w Krakowie,Poland,http://www.wse.krakow.pl/
Wyższa Szkoła Filologiczna we Wrocławiu,Poland,https://wsf.academia.edu
Akademia Ignatianum w Krakowie,Poland,http://www.ignatianum.edu.pl/
Wschodnioeuropejska Akademia Nauk Stosowanych w Białymstoku,Poland,https://wans.edu.pl/
Akademia Nauk Stosowanych Mazovia,Poland,http://www.mazovia.edu.pl/
Akademia Ekonomiczno-Humanistyczna w Warszawie,Poland,https://vizja.pl/en/
Wyższa Szkoła Fizjoterapii we Wrocławiu,Poland,http://www.wsf.wroc.pl/
Wyższa Szkoła Gospodarki Euroregionalnej im. Alcide De Gasperi w Józefowie,Poland,http://www.wsge.edu.pl/
Akademia Nauk Stosowanych Gospodarki Krajowej w Kutnie,Poland,http://www.wsgk.com.pl/
Wyższa Szkoła Gospodarki w Bydgoszczy,Poland,http://www.wsg.byd.pl/strona-glowna.1.html
Wyższa Szkoła Handlowa im. Bolesława Markowskiego w Kielcach,Poland,http://www.wsh-kielce.edu.pl/
Akademia Handlowa Nauk Stosowanych w Radomiu,Poland,http://www.wsh.pl/
Wrocławska Akademia Biznesu w Naukach Stosowanych,Poland,https://wab.edu.pl/
Uczelnia Łazarskiego w Warszawie,Poland,http://www.lazarski.pl/
WSHIU Akademia Nauk Stosowanych,Poland,https://wshiu.pl/
Szkoła Główna Turystyki i Rekreacji w Warszawie,Poland,https://www.vistulahospitality.edu.pl/
Wyższa Szkoła Hotelarstwa i Gastronomii w Poznaniu,Poland,http://www.wshig.pl/
Wyższa Szkoła Humanistyczna im. Króla Stanisława Leszczyńskiego w Lesznie,Poland,http://www.wshleszno.pl/
Akademia Nauk Stosowanych Towarzystwa Wiedzy Powszechnej w Szczecinie,Poland,https://akademiatwp.pl/
Wyższa Szkoła Humanistyczna we Wrocławiu,Poland,http://humanistyczna.pl/
Wyższa Szkoła Humanistyczno-Ekonomiczna w Brzegu,Poland,http://wshe.edu.pl/
Akademia Humanistyczno-Ekonomiczna w Łodzi,Poland,http://www.ahe.lodz.pl/
Kujawska Szkoła Wyższa we Włocławku,Poland,http://www.ksw.wloclawek.pl/pl/
Wyższa Szkoła Humanistyczno-Przyrodnicza Studium Generale Sandomiriense w Sandomierzu,Poland,http://wshp-sandomierz.eu/
Wyższa Szkoła Humanitas w Sosnowcu,Poland,http://www.humanitas.edu.pl/
Wyższa Szkoła Informatyki i Ekonomii Towarzystwa Wiedzy Powszechnej w Olsztynie,Poland,http://www.wsiie.olsztyn.pl/
Bydgoska Szkoła Wyższa,Poland,http://bsw.edu.pl/
Wyższa Szkoła Informatyki i Zarządzania w Rzeszowie,Poland,http://www.wsiz.rzeszow.pl/
Wyższa Szkoła Informatyki Stosowanej i Zarządzania w Warszawie,Poland,http://www.wit.edu.pl/
Wyższa Szkoła Informatyki i Umiejętności w Łodzi,Poland,http://wsinf.edu.pl/
Wyższa Szkoła Bankowa w Warszawie,Poland,https://www.merito.pl/warszawa/
Wyższa Szkoła Integracji Europejskiej w Szczecinie,Poland,http://www.wsie.pl/
Wyższa Szkoła Inżynieryjno-Ekonomiczna w Rzeszowie,Poland,http://wsie.edu.pl/
Wyższa Szkoła Języków Obcych im. S.B. Lindego w Poznaniu,Poland,http://www.wsjo.pl/
Wyższa Szkoła Kadr Menedżerskich w Koninie,Poland,http://www.wskmkonin.edu.pl
Wyższa Szkoła Komunikacji i Zarządzania w Poznaniu,Poland,http://wskiz.edu/
Wyższa Szkoła Medyczna z siedzibą w Białymstoku,Poland,http://wsmed.edu.pl/pl/
Wyższa Szkoła Kultury Fizycznej i Turystyki imienia Haliny Konopackiej w Pruszkowie,Poland,http://ans.pruszkow.pl
Akademia Kultury Społecznej i Medialnej w Toruniu - Akademia Nauk Stosowanych,Poland,http://www.wsksim.edu.pl/
Wyższa Szkoła Lingwistyczna w Częstochowie,Poland,http://www.wsl.edu.pl/
Wyższa Szkoła Logistyki w Poznaniu,Poland,http://www.wsl.com.pl/
Wyższa Szkoła Medyczna w Sosnowcu,Poland,https://wsmsosnowiec.pl/
Wyższa Szkoła Menedżerska w Legnicy,Poland,http://www.wsm.edu.pl/
Menedżerska Akademia Nauk Stosowanych w Warszawie,Poland,https://mans.org.pl/
Szkoła Wyższa Prawa i Dyplomacji w Gdyni,Poland,http://www.swpd.edu.pl/
Collegium Da Vinci,Poland,https://cdv.pl/
Wyższa Szkoła Nauk o Zdrowiu w Bydgoszczy,Poland,http://www.wsnoz.pl/
Wyższa Szkoła Nauk Społecznych i Technicznych w Radomiu,Poland,https://uczelniaeuropejska.pl/
Wyższa Szkoła Nauk Społecznych w Lublinie,Poland,https://www.ansim.pl/
Wyższa Szkoła Nauk Stosowanych w Rudzie Śląskiej,Poland,http://wsnsrs.edu.pl/
Lotnicza Akademia Wojskowa,Poland,https://www.wojsko-polskie.pl/law/
Akademia Wojsk Lądowych imienia generała Tadeusza Kościuszki,Poland,https://www.awl.edu.pl/
Uczelnia Korczaka - Akademia Nauk Stosowanych,Poland,https://uczelniakorczaka.pl/
Wyższa Szkoła Pedagogiczna w Łodzi,Poland,http://www.wsp.lodz.pl/
Akademia Nauk Stosowanych im. Księcia Mieszka I w Poznaniu,Poland,https://ansm.pl/
Wyższa Szkoła Planowania Strategicznego w Dąbrowie Górniczej,Poland,http://www.wsps.pl
Wyższa Szkoła Policji w Szczytnie,Poland,https://akademiapolicji.edu.pl/
Wyższa Szkoła Prawa i Administracji Rzeszowska Szkoła Wyższa z siedzibą w Rzeszowie,Poland,http://www.wspia.eu/
Wyższa Szkoła Przedsiębiorczości i Administracji w Lublinie,Poland,http://www.wspa.pl/
Akademia Nauk Stosowanych Wincentego Pola w Lublinie,Poland,http://www.wssp.edu.pl/
Wyższa Szkoła Studiów Międzynarodowych w Łodzi,Poland,http://www.wssm.edu.pl/
Akademia Śląska,Poland,http://www.wst.com.pl/
Wyższa Szkoła Technologii Informatycznych w Katowicach,Poland,http://www.wsti.pl/
Wyższa Szkoła Turystyki i Ekologii w Suchej Beskidzkiej,Poland,http://www.wste.edu.pl/
Wyższa Szkoła Turystyki i Hotelarstwa w Gdańsku,Poland,http://www.wstih.pl/
Wyższa Szkoła Umiejętności im. Stanisława Staszica w Kielcach,Poland,http://www.wsu.kielce.pl/
Wyższa Szkoła Umiejętności Społecznych im. prof. Michała Iwaszkiewicza,Poland,http://wsus.pl/
Wyższa Szkoła Umiejętności Zawodowych w Pińczowie,Poland,https://www.wsuz.pl/
"Wyższa Szkoła Zarządzania ""Edukacja"" we Wrocławiu",Poland,http://wszedukacja.pl/
Akademia Nauk Stosowanych - Wyższa Szkoła Zarządzania i Administracji w Opolu,Poland,http://www.wszia.opole.pl/
Wyższa Szkoła Zarządzania i Administracji w Zamościu,Poland,http://www.wszia.edu.pl/
Wyższa Szkoła Zarządzania i Bankowości w Krakowie,Poland,http://www.wszib.edu.pl/
Wyższa Szkoła Zarządzania i Bankowości w Poznaniu,Poland,http://www.wszib.poznan.pl/
Wyższa Szkoła Zarządzania i Finansów we Wrocławiu,Poland,http://www.wszif.pl/
Uczelnia Techniczno-Handlowa im. Heleny Chodkowskiej w Warszawie,Poland,http://www.uth.edu.pl
Uczelnia Jańskiego z siedzibą w Łomży,Poland,http://www.lomza.janski.edu.pl
Wyższa Szkoła Zarządzania Marketingowego i Języków Obcych w Katowicach,Poland,http://www.gallus.pl/
Wyższa Szkoła Zarządzania Ochroną Pracy w Katowicach,Poland,http://www.wszop.edu.pl
Wyższa Szkoła Zarządzania Środowiskiem w Tucholi,Poland,http://www.wszs.tuchola.pl
Wyższa Szkoła Zarządzania w Częstochowie,Poland,http://www.wsz.edu.pl/
Wyższa Szkoła Zdrowia w Gdańsku,Poland,http://www.wsz.pl
Wyższa Szkoła Zarządzania w Warszawie,Poland,http://www.pou.pl
Wyższa Szkoła Techniczno-Humanistyczna - Kadry dla Europy w Poznaniu,Poland,http://www.kde.edu.pl
Wyższa Szkoła Zawodowa Kosmetyki i Pielęgnacji Zdrowia w Warszawie,Poland,http://www.wszkipz.pl/
"Wyższa Szkoła Zdrowia, Urody i Edukacji w Poznaniu",Poland,http://wszuie.pl/
Wyższe Baptystyczne Seminarium Teologiczne w Warszawie,Poland,http://www.wbst.edu.pl/
Zachodniopomorska Szkoła Biznesu w Szczecinie,Poland,https://www.zpsb.pl/en/
Wyższa Szkoła Przedsiębiorczości im. Księcia Kazimierza Kujawskiego,Poland,http://wsp-inow.pl/
Zachodniopomorski Uniwersytet Technologiczny w Szczecinie,Poland,http://www.zut.edu.pl
Akademia Sztuki w Szczecinie,Poland,http://www.akademiasztuki.eu/
Państwowa Wyższa Szkoła Zawodowa w Koszalinie,Poland,http://www.pwsz-koszalin.pl/
Wyższa Szkoła Komunikacji Społecznej w Gdyni,Poland,http://www.wsks.pl/
Europejska Uczelnia w Warszawie,Poland,http://www.eu.edu.pl/
Wyższa Szkoła Rehabilitacji w Warszawie,Poland,http://www.wsr.edu.pl/
Wyższa Szkoła Teologiczno-Humanistyczna im. Michała Beliny-Czechowskiego w Podkowie Leśnej,Poland,http://www.wsth.pl/
Wyższa Szkoła Inżynierii i Zdrowia w Warszawie,Poland,http://wsiiz.pl/
Wyższa Szkoła Informatyki i Zarządzania „Copernicus” we Wrocławiu,Poland,http://www.wsiz.wroc.pl
Collegium Humanum - Szkoła Główna Menedżerska,Poland,https://varsovia.study/
Warszawska Szkoła Filmowa z siedzibą w Warszawie,Poland,https://www.szkolafilmowa.pl/
Uczelnia Nauk Społecznych,Poland,https://uns.lodz.pl/
Uczelnia Społeczno-Medyczna w Warszawie,Poland,https://usmbm.edu.pl/
Wyższa Szkoła Demokracji im. ks. Jerzego Popiełuszki w Grudziądzu,Poland,https://ansgrudziadz.pl/#
Collegium Masoviense - Wyższa Szkoła Nauk o Zdrowiu w Żyrardowie,Poland,http://www.cm.edu.pl/
Akademia Katolicka w Warszawie,Poland,https://akademiakatolicka.pl/
Universidade dos Açores,Portugal,http://www.uac.pt
Universidade do Algarve,Portugal,http://www.ualg.pt/
Universidade de Aveiro,Portugal,http://www.ua.pt
Universidade da Beira Interior,Portugal,http://www.ubi.pt
Universidade de Coimbra,Portugal,http://www.uc.pt
Universidade de Évora,Portugal,http://www.uevora.pt/
Universidade de Lisboa,Portugal,http://www.ulisboa.pt
Universidade Nova de Lisboa,Portugal,http://www.unl.pt
Universidade Técnica de Lisboa,Portugal,http://www.utl.pt
Universidade da Madeira,Portugal,http://www.uma.pt
Universidade do Minho,Portugal,http://www.uminho.pt
Universidade do Porto,Portugal,http://www.up.pt/
Universidade de Trás-os-Montes e Alto Douro,Portugal,http://www.utad.pt/
ISCTE - Instituto Universitário de Lisboa,Portugal,http://www.iscte-iul.pt
Universidade Aberta,Portugal,http://www.uab.pt
Instituto Politécnico de Beja,Portugal,http://www.ipbeja.pt
Instituto Politécnico de Bragança,Portugal,http://www.ipb.pt
Instituto Politécnico de Castelo Branco,Portugal,http://www.ipcb.pt
Instituto Politécnico do Cávado e do Ave,Portugal,http://www.ipca.pt
Instituto Politécnico de Coimbra,Portugal,http://www.ipc.pt
Instituto Politécnico da Guarda,Portugal,http://www.ipg.pt
Instituto Politécnico de Leiria,Portugal,http://www.ipleiria.pt
Instituto Politécnico de Lisboa,Portugal,http://www.ipl.pt
Instituto Politécnico de Portalegre,Portugal,http://www.ipportalegre.pt
Instituto Politécnico do Porto,Portugal,http://www.ipp.pt
Instituto Politécnico de Santarém,Portugal,http://www.ipsantarem.pt
Instituto Politécnico de Setúbal,Portugal,http://www.ips.pt
Instituto Politécnico de Tomar,Portugal,http://www.ipt.pt
Instituto Politécnico de Viana do Castelo,Portugal,http://www.ipvc.pt
Instituto Politécnico de Viseu,Portugal,http://www.ipv.pt
Escola Superior Náutica Infante D. Henrique,Portugal,http://www.enautica.pt
Escola Superior de Enfermagem de Coimbra,Portugal,http://www.esenfc.pt/
Escola Superior de Enfermagem de Lisboa,Portugal,http://www.esel.pt/
Escola Superior de Enfermagem do Porto,Portugal,http://www.esenf.pt/pt/
Escola Superior de Hotelaria e Turismo do Estoril,Portugal,http://www.eshte.pt
Academia da Força Aérea,Portugal,http://www.academiafa.edu.pt/unidade-10D00
Academia Militar,Portugal,http://www.academiamilitar.pt
Escola Naval,Portugal,http://escolanaval.marinha.pt
Instituto Superior de Ciências Policiais e Segurança Interna,Portugal,http://www.iscpsi.pt
Universidade Católica Portuguesa,Portugal,http://www.ucp.pt
Escola Superior Artística do Porto,Portugal,http://www.esap.pt
Escola Superior de Actividades Imobiliárias,Portugal,https://esai.pt/
Escola Superior de Design,Portugal,https://www.iade.europeia.pt/
Escola Superior Gallaecia,Portugal,http://www.esg.pt
Escola Universitária das Artes de Coimbra,Portugal,https://www.uc.pt/colegioartes
Escola Universitária Vasco da Gama,Portugal,http://www.euvg.pt
Instituto Superior Bissaya Barreto,Portugal,http://www.isbb.pt
Instituto Superior D. Afonso III,Portugal,http://www.inuaf.pt/
Universidade da Maia,Portugal,http://www.ismai.pt
Instituto Universitário de Ciências da Saúde - CESPU,Portugal,http://www.cespu.pt/ensino/ensino-universitario/
Instituto Universitário Egas Moniz,Portugal,https://www.egasmoniz.com.pt
Instituto Superior de Comunicação Empresarial,Portugal,http://www.iscem.pt
Instituto Superior de Estudos Interculturais e Transdisciplinares de Almada,Portugal,https://ipiaget.org/iseit-ensino-universitario-almada/
Instituto Superior de Estudos Interculturais e Transdisciplinares - Viseu,Portugal,https://ipiaget.org/iseit-ensino-universitario-viseu/
Instituto Superior de Gestão,Portugal,http://www.isg.pt
Instituto Superior de Línguas e Administração de Leiria,Portugal,http://www.islaleiria.pt
Universidade Europeia,Portugal,https://www.europeia.pt
ISLA - Instituto Superior de Gestão e Administração de Santarém,Portugal,http://www.islasantarem.pt/pt/
Instituto Superior de Línguas e Administração de Vila Nova de Gaia,Portugal,http://www.gaia.unisla.pt
Instituto Superior de Novas Profissões,Portugal,http://www.inp.pt
"ISPA-Instituto Universitário de Ciências Psicológicas, Sociais e da Vida",Portugal,http://www.ispa.pt
Instituto Superior de Serviço Social do Porto,Portugal,http://www.isssp.pt
Instituto Superior Manuel Teixeira Gomes,Portugal,http://www.ismat.pt/
Instituto Superior Miguel Torga,Portugal,http://www.ismt.pt
Universidade Atlântica,Portugal,http://www.uatlantica.pt
Universidade Autónoma de Lisboa Luís de Camões,Portugal,https://autonoma.pt
Universidade Fernando Pessoa,Portugal,http://www.ufp.pt/
Universidade Lusíada,Portugal,http://www.lis.ulusiada.pt
Universidade Lusíada do Porto,Portugal,http://www.por.ulusiada.pt
Universidade Lusíada de Vila Nova de Famalicão,Portugal,http://www.fam.ulusiada.pt
Universidade Lusófona de Humanidades e Tecnologias,Portugal,http://www.ulusofona.pt
Universidade Lusófona do Porto,Portugal,http://www.ulp.pt
Universidade Portucalense Infante D. Henrique,Portugal,http://www.upt.pt
Escola Superior de Artes Decorativas,Portugal,http://esad.fress.pt
Escola Superior de Artes e Design,Portugal,http://www.esad.pt
Escola Superior de Educação Almeida Garrett,Portugal,http://www.eseag.pt
Escola Superior de Educação de Fafe,Portugal,http://www.iesfafe.pt
Escola Superior de Educação de João de Deus,Portugal,http://www.joaodedeus.pt
Escola Superior de Educação de Paula Frassinetti,Portugal,http://www.esepf.pt
Escola Superior de Educação de Torres Novas,Portugal,http://www.esetn.pt
Escola Superior de Educação Jean Piaget de Almada,Portugal,https://ipiaget.org/escola-superior-de-educacao-almada/
Escola Superior de Educação Jean Piaget de Arcozelo,Portugal,https://ipiaget.org/escola-superior-de-educacao-vila-nova-de-gaia/
Escola Superior de Educadores de Infância Maria Ulrich,Portugal,http://www.api.edu.pt/eseimu
Escola Superior de Saúde Norte da Cruz Vermelha Portuguesa,Portugal,http://www.essnortecvp.pt
Escola Superior de Enfermagem de S. José de Cluny,Portugal,http://www.esesjcluny.pt
Escola Superior de Saúde de Santa Maria,Portugal,https://www.santamariasaude.pt
Escola Superior de Enfermagem Dr. José Timóteo Montalvão Machado,Portugal,http://www.esechaves.pt/
Escola Superior de Enfermagem S. Francisco das Misericórdias,Portugal,http://www.enfermagem.edu.pt
Escola Superior de Saúde da Cruz Vermelha Portuguesa - Lisboa,Portugal,http://www.esscvp.eu/
Escola Superior de Saúde do Alcoitão,Portugal,http://www.essa.pt
Escola Superior de Saúde Egas Moniz,Portugal,http://www.egasmoniz.com.pt
Escola Superior de Saúde Jean Piaget de Algarve,Portugal,https://ipiaget.org/escola-superior-de-saude-silves/
Escola Superior de Saúde Jean Piaget de Vila Nova de Gaia,Portugal,https://ipiaget.org/escola-superior-de-saude-vila-nova-de-gaia/
Escola Superior de Saúde Jean Piaget de Viseu,Portugal,https://ipiaget.org/escola-superior-de-saude-viseu/
Escola Superior de Saúde Ribeiro Sanches,Portugal,http://www.erisa.pt
Escola Superior de Tecnologias de Fafe,Portugal,http://www.iesfafe.pt/
Escola Superior de Tecnologias e Artes de Lisboa,Portugal,http://www.estal.pt
Escola Superior de Negócios Atlântico,Portugal,https://www.abs.pt
Instituto Politécnico de Saúde do Norte - CESPU,Portugal,http://www.cespu.pt
Instituto Português de Administração de Marketing de Lisboa,Portugal,https://www.ipam.pt/lisboa
Instituto Português de Administração de Marketing do Porto,Portugal,https://www.ipam.pt/porto
Instituto Superior Autónomo de Estudos Politécnicos,Portugal,http://www.ipa.univ.pt
Instituto Superior D. Dinis,Portugal,http://www.isdom.pt
Instituto Superior de Administração e Gestão,Portugal,http://www.isag.pt
Instituto Superior de Administração e Línguas,Portugal,http://www.isal.pt
Instituto Superior de Ciências da Administração,Portugal,http://www.iscad.pt
Instituto Superior de Ciências da Informação e da Administração,Portugal,http://www.iscia.edu.pt
ISCE - Instituto Superior de Lisboa e Vale do Tejo,Portugal,http://www.isce.pt
Instituto Superior de Ciências Educativas do Douro,Portugal,http://www.isce-felgueiras.com
Instituto Superior de Ciências Empresariais e do Turismo,Portugal,http://www.iscet.pt
ISEC Lisboa - Instituto Superior de Educação e Ciências,Portugal,http://www.iseclisboa.pt
Instituto Superior de Entre Douro e Vouga,Portugal,http://www.isvouga.pt
Instituto Superior de Gestão Bancária,Portugal,http://www.isgb.pt
ISAVE - Instituto Superior de Saúde,Portugal,http://www.isave.pt
Instituto Superior de Tecnologias Avançadas de Lisboa,Portugal,http://www.istec.pt
Instituto Superior de Tecnologias Avançadas do Porto,Portugal,https://istec-porto.pt/
Instituto Superior Politécnico do Oeste,Portugal,http://www.ispo.pt
Instituto Superior Politécnico Gaya,Portugal,http://www.ispgaya.pt
IADE Universidade Europea,Portugal,http://www.iade.pt
ISLA - Instituto Politécnico de Gestão e Tecnologia,Portugal,http://www.islagaia.pt
Instituto Politécnico da Maia,Portugal,http://www.ipmaia.pt
Escola Superior de Saúde Cruz Vermelha Portuguesa - Alto Tâmega,Portugal,https://esecvpaltotamega.pt/
Instituto Universitário Militar,Portugal,https://www.ium.pt
Escola Superior de Saúde Atlântica,Portugal,https://www.essatla.pt/
Instituto Politécnico Jean Piaget do Sul,Portugal,http://www.ipiaget.org/
Instituto Politécnico da Lusofonia,Portugal,https://www.ipluso.pt/
"Escola Superior de Saúde da Fundação ""Fernando Pessoa""",Portugal,https://ess.fernandopessoa.pt/
Instituto Politécnico Jean Piaget do Norte,Portugal,https://ipiaget.org/ipjpn/
Universidade Lusófona,Portugal,https://www.ulusofona.pt/
"Universitatea ""1 Decembrie 1918"" din Alba Iulia",Romania,http://www.uab.ro
"Universitatea ""Aurel Vlaicu"" din Arad",Romania,http://www.uav.ro
Universitatea din Piteşti,Romania,http://www.upit.ro
"Universitatea ""Vasile Alecsandri"" din Bacău",Romania,http://www.ub.ro
Universitatea din Oradea,Romania,http://www.uoradea.ro
"Universitatea ""Transilvania"" din Brașov",Romania,http://www.unitbv.ro
"Academia Forţelor Aeriene ""Henri Coandă"" din Braşov",Romania,http://www.afahc.ro
"Universitatea ""Eftimie Murgu"" din Reșița",Romania,http://www.uem.ro
Universitatea Tehnică din Cluj-Napoca,Romania,http://www.utcluj.ro
"Universitatea ""Babeș-Bolyai"" din Cluj-Napoca",Romania,http://www.ubbcluj.ro
Universitatea de Științe Agricole și Medicină Veterinară din Cluj-Napoca,Romania,http://www.usamvcluj.ro
"Universitatea de Medicină şi Farmacie ""Iuliu Haţieganu"" din Cluj-Napoca",Romania,http://www.umfcluj.ro
Universitatea de Artă şi Design din Cluj-Napoca,Romania,http://www.uad.ro
"Academia Națională de Muzică ""Gheorghe Dima"" din Cluj-Napoca",Romania,http://www.amgd.ro
Universitatea Maritimă din Constanța,Romania,http://www.cmu-edu.eu/
"Universitatea ""Ovidius"" din Constanța",Romania,http://www.univ-ovidius.ro
"Academia Navală ""Mircea cel Bătrân"" din Constanţa",Romania,http://www.anmb.ro
"Universitatea ""Valahia"" din Târgovişte",Romania,http://www.valahia.ro
Universitatea din Craiova,Romania,http://www.ucv.ro
Universitatea de Medicină și Farmacie din Craiova,Romania,http://www.umfcv.ro
Universitatea „Dunărea de Jos” din Galați,Romania,http://www.ugal.ro
"Universitatea ""Constantin Brâncuși"" din Târgu Jiu",Romania,http://www.utgjiu.ro
Universitatea din Petroșani,Romania,http://www.upet.ro
Universitatea Tehnică „Gheorghe Asachi” din Iași,Romania,http://www.tuiasi.ro
Universitatea „Alexandru Ioan Cuza” din Iași,Romania,http://www.uaic.ro
"Universitatea pentru Științele Vieții ""Ion Ionescu de la Brad"" din Iași",Romania,http://www.uaiasi.ro
Universitatea de Medicină și Farmacie „Grigore T. Popa” din Iași,Romania,http://www.umfiasi.ro
Universitatea Națională de Arte „George Enescu” din Iași,Romania,http://www.arteiasi.ro
"Universitatea ""Petru Maior"" din Târgu Mureș",Romania,http://www.upm.ro
Universitatea de Medicină și Farmacie din Târgu Mureș,Romania,http://www.umftgm.ro
Universitatea de Arte din Târgu Mureș,Romania,http://www.uat.ro
Universitatea Petrol-Gaze din Ploieşti,Romania,http://www.upg-ploiesti.ro
"Universitatea ""Lucian Blaga"" din Sibiu",Romania,http://www.ulbsibiu.ro
"Academia Forțelor Terestre ""Nicolae Bălcescu” din Sibiu",Romania,http://www.armyacademy.ro/
Universitatea „Ștefan cel Mare” din Suceava,Romania,http://www.usv.ro
Universitatea Politehnica Timişoara,Romania,http://www.upt.ro
Universitatea de Vest din Timișoara,Romania,http://www.uvt.ro
"Universitatea de Științele Vieții ""Regele Mihai I"" din Timișoara",Romania,http://www.usab-tm.ro
"Universitatea de Medicină și Farmacie ""Victor Babeș"" din Timișoara",Romania,http://www.umft.ro
Universitatea Politehnica din București,Romania,http://www.upb.ro
"Universitatea de Arhitectură şi Urbanism ""Ion Mincu"" din București",Romania,http://www.uauim.ro
Universitatea Tehnică de Construcții din București,Romania,http://www.utcb.ro
Universitatea din București,Romania,http://www.unibuc.ro
Universitatea Naţională de Educaţie Fizică şi Sport din Bucureşti,Romania,http://unefsb.ro/
Universitatea de Științe Agronomice și Medicină Veterinară din București,Romania,http://www.usamv.ro
Academia de Studii Economice din București,Romania,http://www.ase.ro
Universitatea de Medicină și Farmacie „Carol Davila” din București,Romania,http://www.umfcd.ro
Universitatea Naţională de Artă Teatrală şi Cinematografică “I.L.Caragiale” din București,Romania,http://www.unatc.ro
Universitatea Națională de Arte din București,Romania,http://www.unarte.org
Universitatea Naţională de Muzică din Bucureşti,Romania,http://www.unmb.ro
Școala Națională de Studii Politice și Administrative din București,Romania,http://www.snspa.ro
Academia de Poliție „Alexandru Ioan Cuza” din Bucureşti,Romania,http://www.academiadepolitie.ro
"Academia Tehnică Militară ""Ferdinand I"" din București",Romania,http://www.mta.ro
"Universitatea Naţională de Apărare ""Carol I"" din Bucureşti",Romania,http://www.unap.ro
"Universitatea de Vest ""Vasile Goldiș"" din Arad",Romania,http://www.uvvg.ro
"Universitatea ""Constantin Brâncoveanu"" din Piteşti",Romania,http://www.univcb.ro
"Universitatea ""George Bacovia"" din Bacău",Romania,http://www.ugb.ro
"Universitatea ""Bogdan Vodă"" din Cluj-Napoca",Romania,http://www.ubv.ro
"Universitatea ""Andrei Șaguna"" din Constanța",Romania,http://www.andreisaguna.ro
"Universitatea ""Petre Andrei"" din Iaşi",Romania,http://www.upa.ro
"Universitatea ""Mihail Kogălniceanu"" din Iaşi",Romania,http://www.umk.ro
"Universitatea ""Dimitrie Cantemir"" din Târgu Mureș",Romania,http://cantemir.ro/
Universitatea Româno-Germană din Sibiu,Romania,http://www.roger-univ.ro
"Universitatea Europeană ""Drăgan"" din Lugoj",Romania,http://www.universitateaeuropeanadragan.ro
"Universitatea ""Tibiscus"" din Timișoara",Romania,http://www.tibiscus.ro
Universitatea „Athenaeum” din București,Romania,http://univath.ro/
"Universitatea ""Nicolae Titulescu"" din București",Romania,http://www.univnt.ro
"Universitatea ""Artifex"" din București",Romania,http://www.artifex.org.ro
"Universitatea Creștină ""Dimitrie Cantemir"" din București",Romania,http://www.ucdc.ro
Universitatea Ecologică din București,Romania,http://www.ueb.ro
"Universitatea ""Hyperion"" din București",Romania,http://www.hyperion.ro
"Universitatea ""Titu Maiorescu"" din București",Romania,http://www.utm.ro
"Universitatea Română de Științe și Arte ""Gheorghe Cristea"" din București",Romania,http://www.ugc.ro
Universitatea Româno-Americană din București,Romania,http://www.rau.ro
"Universitatea ""Spiru Haret"" din București",Romania,http://www.spiruharet.ro
"Universitatea ""Bioterra"" din București",Romania,http://www.bioterra.ro
Universitatea Apollonia din Iași,Romania,http://www.univapollonia.ro
"Universitatea Creştină ""Partium"" din Oradea",Romania,http://www.partium.ro
"Universitatea ""DANUBIUS"" din Galați",Romania,http://www.univ-danubius.ro
"Universitatea ""Avram Iancu"" din Cluj-Napoca",Romania,http://www.uai-cluj.ro
"Academia Naţională de Informaţii ""Mihai Viteazul"" din București",Romania,http://www.animv.ro
Institutul Teologic Baptist din București,Romania,http://www.itb.ro
Institutul Teologic Penticostal din Bucureşti,Romania,http://www.itpbucuresti.ro
Institutul Teologic Protestant din Cluj-Napoca,Romania,http://www.proteo.cj.edu.ro
Universitatea „Emanuel” din Oradea,Romania,http://www.emanuel.ro
Institutul de Administrare a Afacerilor din Municipiul București,Romania,http://www.asebuss.ro
Universitatea Financiar-Bancară din București,Romania,http://www.ufb.ro
"Universitatea ""Sapientia"" din Cluj-Napoca",Romania,http://www.sapientia.ro
Universitatea Agora din Municipiul Oradea,Romania,http://univagora.ro
Universitatea Adventus din Cernica,Romania,https://uadventus.ro/
"Fundaţia ""Ştefan Lupaşcu"" - Institutul De Studii Europene Din Iaşi",Romania,http://univ-st-lupascu.ro/
Institutul Teologic Romano-Catolic Franciscan Din Roman,Romania,http://itrcf.ofmconv.ro
"Fundaţia ""Academia Comercială"" Din Satu Mare",Romania,http://www.academiacomerciala.ro
"Fundaţia pentru Cultură şi Învăţământ ""Ioan Slavici"" - Universitatea ""Ioan Slavici"" din Timişoara",Romania,http://www.islavici.ro
"Fundaţia ""Gaudeamus"" - Universitatea ""Tomis"" Din Constanţa",Romania,http://www.univ-tomis.ro
"Institutul Teologic Creştin După Evanghelie ""Timotheus"" Din Bucureşti",Romania,http://timotheus.ro
Fundaţia Lumina - Instituţii De Învăţământ - Universitatea Europei De Sud Est - Lumina,Romania,http://www.lumina.ro
"Fundaţia ""Pro-Universitate Media"" Din Bucureşti",Romania,http://www.fedm.ro/en/universitatea_media/index.html
Institutul Teologic Romano-Catolic Din Iaşi,Romania,http://itrc.ro
Şcoala Normală Superioară - Bucureşti (S.N.S.B.),Romania,http://imar.ro/~snsb/
"Universitatea de Medicină, Farmacie, Științe și Tehnologie „George Emil Palade” din Târgu Mureș",Romania,https://www.umfst.ro/en/home.html
Academia Română,Romania,http://www.acad.ro/def2002eng.htm
Универзитет У Београду,Bulgaria,http://www.bg.ac.rs
Универзитет У Новом Саду,Bulgaria,http://www.uns.ac.rs/index.php/en/
Универзитет У Нишу,Bulgaria,https://www.ni.ac.rs/en/
Универзитет У Крагујевцу,Bulgaria,http://www.kg.ac.rs/eng/index.php
Универзитет уметности у Београду,Bulgaria,http://www.arts.bg.ac.rs/en/
Државни универзитет у Новом Пазару,Bulgaria,http://www.np.ac.rs/
Evropski Univerzitet,Bulgaria,http://www.eu.ac.rs/
Educons Univerzitet,Bulgaria,https://educons.edu.rs/
Универзитет Мегатренд,Bulgaria,http://en.megatrend.edu.rs/
Универзитет Метрополитан,Bulgaria,https://www.metropolitan.ac.rs/en/
Универзитет Сингидунум,Bulgaria,http://eng.singidunum.ac.rs/
Универзитет Унион — Никола Тесла,Bulgaria,http://www.unionnikolatesla.edu.rs/
Универзитет Привредна академија у Новом Саду,Bulgaria,http://www.privrednaakademija.edu.rs/
Алфа БК Универзитет,Bulgaria,http://www.alfa.edu.rs/
Visoka škola strukovnih studija - Beogradska politehnika,Bulgaria,https://www.politehnika.edu.rs/
Висока техничка школа струковних студија – Ниш,Bulgaria,http://international.vtsnis.edu.rs/
Висока медицинска школа струковних студија „Милутин Миланковић“,Bulgaria,http://www.vmsmmilankovic.edu.rs/english/
Visoka tehnička škola strukovnih studija Subotica,Bulgaria,https://www.vts.su.ac.rs/en
Висока школа електротехнике и рачунарства струковних студија,Bulgaria,https://www.viser.edu.rs/?userLanguage=eng
Visoka škola strukovnih studija Užice,Bulgaria,http://www.vpts.edu.rs/engleski/index.html
ВИСОКА ГРАЂЕВИНСКО - ГЕОДЕТСКА ШКОЛА БЕОГРАД,Bulgaria,http://www.vggs.rs/o_skoli.html
Висока медицинска школа струковних студија Ћуприја,Bulgaria,http://en.vmscuprija.edu.rs/
Висока пословна школа струковних студија Ваљево,Bulgaria,https://vipos.edu.rs/index.php/en/
Висока техничка школа струковних студија из Новог Сада,Bulgaria,http://vtsns.edu.rs/about-the-school/
Visoke tehničke škole strukovnih studija u Zrenjaninu,Bulgaria,http://www.vts-zr.edu.rs/
Висока здравствена школа струковних студија у Београду,Bulgaria,https://www.vzsbeograd.edu.rs/
Visoka poljoprivredno-prehrambena škola strukovnih studija u Prokuplju,Bulgaria,http://www.vpps.edu.rs/osnovne_str_studije_lat.html
Београдска пословна школа,Bulgaria,http://www.bbs.edu.rs/frmInfo.aspx
Висока школа струковних студија за информационе и комуникационе технологије,Bulgaria,http://en.ict.edu.rs/
Висока здравственo-санитарна школа струковних студија ВИСАН,Bulgaria,http://www.vzsvisan.com/
Visoka poslovna škola strukovnih studija u Novom Sadu,Bulgaria,http://www.vps.ns.ac.rs/en/home/
ВИСОКА ТЕХНИЧКА ШКОЛА СТРУКОВНИХ СТУДИЈА ПОЖАРЕВАЦ,Bulgaria,http://www.vts-pozarevac.edu.rs/
"Висока текстилна струковна школа за дизајн, технологију и менаџмент у Београду",Bulgaria,http://vtts.edu.rs/
Visoka škola strukovnih studija za obrazovanje vaspitača u Novom Sadu,Bulgaria,http://www.vaspitacns.edu.rs/
Висока пословна школа струковних студија Лесковац,Bulgaria,https://vpsle.edu.rs/english/
Висока медицинска и пословно-технолошка школа струковних студија у Шапцу,Bulgaria,http://www.vmpts.edu.rs/
Visoka škola strukovnih studija za informacione tehnologije,Bulgaria,http://eng.its.edu.rs/
Висока инжењерска школа струковних студија - ТЕХНИКУМ ТАУРУНУМ,Bulgaria,http://www.tehnikum.edu.rs/
Visoka turistička škola strukovnih studija Beograd,Bulgaria,http://www.visokaturisticka.edu.rs/v41_plain.php?str=skolae&jez=E
Универзитет УНИОН – Београд,Bulgaria,http://www.union.edu.rs
ВИСОКА ПОСЛОВНА ШКОЛА СТРУКОВНИХ СТУДИЈА БЛАЦЕ,Bulgaria,http://www.vpskp.edu.rs/?page_id=23&lang=en
Универзитета одбране у Београду,Bulgaria,http://www.uo.mod.gov.rs/en/#.XEh-yVVKiUk
Висока школа струковних студија за образовање васпитача и тренера у Суботици,Bulgaria,http://www.vsovsu.rs/novi/
Visoka škola strukovnih studija za ekonomiju i upravu,Bulgaria,http://rafin.edu.rs/en/home/
Висока школа струковних студија за васпитаче - Крушевац,Bulgaria,http://www.vaspks.edu.rs/index.php/en/
Visoka škola strukovnih studija za obrazovanje vaspitača “Mihailo Pavlov”,Bulgaria,https://www.uskolavrsac.edu.rs/
Криминалистичко-полицијски универзитет,Bulgaria,https://www.kpu.edu.rs/
Висока струковна школа ИЦЕПС - Интернационални центар за професионалне струдије,Bulgaria,https://international.iceps.edu.rs/
Београдска академија пословних и уметничких струковних студија,Bulgaria,https://www.bpa.edu.rs/
Академија струковних студија Београд,Bulgaria,https://assb.edu.rs/en/
Академија техничких струковних студија Београд,Bulgaria,https://atssb.edu.rs/
Академија техничко-уметничких струковних студија Београд,Bulgaria,http://atuss.edu.rs/en
Академија васпитачко-медицинских струковних студија - Крушевац,Bulgaria,http://www.vaspks.edu.rs/
Академија струковних студија Западна Србија - Ужице,Bulgaria,https://akademijazs.edu.rs/
Академија струковних студија Шабац,Bulgaria,http://www.akademijasabac.edu.rs/
Академија струковних студија Шумадија - Крагујевац,Bulgaria,https://vts.edu.rs/
Академија техничко-васпитачких струковних студија - Ниш,Bulgaria,https://international.akademijanis.edu.rs/
Visoka škola za poslovnu ekonomiju i preduzetništvo,Bulgaria,https://vspep.edu.rs/
Uppsala universitet,Serbia,http://www.uu.se/en/
Lunds universitet,Serbia,http://www.lunduniversity.lu.se/
Göteborgs universitet,Serbia,http://www.gu.se/english
Stockholms universitet,Serbia,http://www.su.se/english/
Umeå universitet,Serbia,http://www.umu.se/english/?languageId=1
Linköpings universitet,Serbia,http://www.liu.se/?l=en
Karolinska institutet,Serbia,http://ki.se/en/startpage
Kungliga Tekniska högskolan,Serbia,http://www.kth.se/en
Chalmers tekniska högskola,Serbia,https://www.chalmers.se/en/
Luleå tekniska universitet,Serbia,http://www.ltu.se/?l=en
Handelshögskolan i Stockholm,Serbia,http://www.hhs.se/Pages/default.aspx
Sveriges lantbruksuniversitet,Serbia,http://www.slu.se/en/
Karlstads universitet,Serbia,http://www.kau.se/en
Örebro universitet,Serbia,http://www.oru.se/English/
Mittuniversitetet,Serbia,http://www.miun.se/en/
Blekinge tekniska högskola,Serbia,http://www.bth.se/eng
Stiftelsen Högskolan i Jönköping,Serbia,http://hj.se/en.html
Malmö Universitet,Serbia,http://www.mah.se/english
Mälardalens universitet,Serbia,http://www.mdh.se/
Gymnastik- och idrottshögskolan,Serbia,http://www.gih.se/In-English/
Högskolan i Borås,Serbia,http://www.hb.se/en/
Högskolan Dalarna,Serbia,http://www.du.se/en
Högskolan på Gotland,Serbia,http://www.campusgotland.uu.se/
Högskolan i Gävle,Serbia,http://www.hig.se/Ext/En/University-of-Gavle.html
Högskolan i Halmstad,Serbia,http://www.hh.se/english.5_en.html
Högskolan Kristianstad,Serbia,http://www.hkr.se/en/
Högskolan i Skövde,Serbia,http://www.his.se/en/
Högskolan Väst,Serbia,http://www.hv.se/en
Södertörns högskola,Serbia,http://www.sh.se/inenglish
Försvarshögskolan,Serbia,http://www.fhs.se/en/
Dans- och cirkushögskolan,Serbia,http://www.doch.se/in-english
Konstfack,Serbia,http://www.konstfack.se/en/
Kungliga Konsthögskolan,Serbia,http://www.kkh.se/index.php/en
Kungliga Musikhögskolan i Stockholm,Serbia,https://www.kmh.se/in-english.html
Marie Cedershiöld högskola,Serbia,http://www.esh.se/in-english/ersta-skondal-hogskola---english.html
Röda Korsets högskola,Serbia,http://www.rkh.se/en/
Sophiahemmet högskola,Serbia,http://www.shh.se/visa_2013.asp?l3=623&sida=623
Linnéuniversitetet,Serbia,http://lnu.se/en/
Stockholms dramatiska högskola,Serbia,http://www.sada.se/
Stockholms konstnärliga Högskola,Serbia,http://www.uniarts.se/english
Enskilda Högskolan Stockholm,Serbia,https://ehs.se/
Univerza v Ljubljani,Latvia,https://www.uni-lj.si/eng/
Univerza v Mariboru,Latvia,https://www.um.si/en/Pages/default.aspx
Univerza na Primorskem,Latvia,https://www.upr.si/en
Univerza v Novi Gorici,Latvia,http://www.ung.si/en/
Gea College - Fakulteta za podjetništvo,Latvia,http://gea-college.si/en/
Univerza v Novem mestu Fakulteta za ekonomijo in informatiko,Latvia,http://uni-nm.si/en/home/
Fakulteta za komercialne in poslovne vede,Latvia,http://www.fkpv.si/en/
DOBA Fakulteta za uporabne poslovne in družbene študije Maribor,Latvia,https://www.dobabusiness-school.eu/
Fakulteta za zdravstvo Angele Boškin,Latvia,http://www.fzab.si/en/
"Nova univerza, Fakulteta za državne in evropske študije",Latvia,http://www.fds.si/index.php/en/
"Nova univerza, Evropska pravna fakulteta",Latvia,http://www.evro-pf.si/en/
Fakulteta za uporabne družbene študije v Novi Gorici,Latvia,http://www.fuds.si/en
Mednarodna fakulteta za družbene in poslovne študije,Latvia,http://mfdps.si/en
Fakulteta za informacijske študije v Novem mestu,Latvia,http://www.fis.unm.si/en/
"Fakulteta za dizajn, samostojni visokošolski zavod, pridružena članica Univerze na Primorskem",Latvia,http://en.fd.si/
Univerza v Novem mestu Fakulteta za zdravstvene vede,Latvia,http://fzv.vs-nm.si/en/home/
Visoka šola za varstvo okolja,Latvia,http://www.vsvo.si/?lang=en
VIST - Fakulteta za aplikativne vede,Latvia,http://www.vist.si/info_en.htm
Visoka zdravstvena šola v Celju,Latvia,http://www.vzsce.si/en/
Mednarodna podiplomska šola Jožefa Stefana,Latvia,https://www.mps.si/sl/
Evro-sredozemska univerza,Latvia,http://www.emuni.si/
"Alma Mater Europaea  - Evropski center, Maribor",Latvia,http://en.almamater.si/?checkCo=true
Univerza v Novem mestu Fakulteta za poslovne in upravne vede,Latvia,http://fpuv.vs-nm.si/en/home/
Fakulteta za pravo in poslovne vede,Latvia,http://www.katoliski-institut.si/en
Fakulteta za medije,Latvia,http://www.fame.si/about-the-faculty
Fakulteta za industrijski inženiring Novo mesto,Latvia,http://www.fini-unm.si/en/
Fakulteta za organizacijske študije v Novem mestu,Latvia,http://www.fos.unm.si/en/
"IEDC - Poslovna šola Bled, Fakulteta za podiplomski študij managementa",Latvia,http://www.iedc.si/
"Alma Mater Europaea - Fakulteta za humanistični študij Institutum Studiorum Humanitatis, Ljubljana",Latvia,http://en.ish.si/
"Alma Mater Europaea - Akademija za ples, samostojni visokošolski zavod",Latvia,https://dance-academy.almamater.si/#overview
Šola za risanje in slikanje,Latvia,http://arthouse-si.com/en/
"Visoka šola za proizvodno inženirstvo, Celje",Latvia,http://www.vspi.si/index_e.asp
Univerza v Novem mestu Fakulteta za strojništvo,Latvia,https://fs.uni-nm.si/en/home/
ERUDIO Visokošolsko središče,Latvia,https://www.erudio.si/
Visoka šola za hotelirstvo in turizem Bled,Latvia,https://vm-bled.si/
"B2 Visoka šola za poslovne vede, zavod",Latvia,http://www.vspv.si/eng/vspv.aspx
"Visoka šola za računovodstvo in finance, Ljubljana",Latvia,http://www.vsr.si/index.php?lang=en
Fakulteta za tehnologijo polimerov,Latvia,http://www.ftpo.eu/
"Visoka šola za trajnostni turizem Erudio, samostojni visokošolski zavod",Latvia,http://www.erudio.si/slovenscina/visoka-sola-za-trajnostni-turizem/visoka-sola-za-trajnostni-turizem-erudio
Fakulteta za zdravstvene in socialne vede Slovenj Gradec,Latvia,https://www.fzsv.si/en/
IBS Mednarodna poslovna šola Ljubljana,Latvia,http://www.ibs.si/index.php/en
"IAM Visoka šola za multimedije, Ljubljana",Latvia,http://www.iam.si/about
Visoka šola Ravne na Koroškem,Latvia,https://visjasolaravne.si
Visoka šola na Ptuju,Latvia,http://vsp.scptuj.si/
Visoka šola za upravljanje podeželja Grm Novo mesto,Latvia,http://vsgrm.unm.si/
"B&B Visoka šola za trajnostni razvoj, samostojni visokošolski zavod",Latvia,https://bb.si/visoka-sola/
Podiplomska šola ZRC SAZU,Latvia,http://www.ps-zrc-sazu.org/
MLC Fakulteta za management in pravo Ljubljana,Latvia,http://www.mlcljubljana.com/
"Visoka šola za gradbeno inženirstvo Kranj, samostojni visokošolski zavod, pridružena članica Nove univerze",Latvia,http://vsgi.si/
Visokošolski zavod Fizioterapevtika,Latvia,http://www.fizioterapevtika.si/
Akademija za vizualne umetnosti - AVA,Latvia,http://ava.si/en/
AREMA - Visoka šola za regionalni management Rogaška Slatina,Latvia,http://www.arema.si/default.aspx
Nova Univerza,Latvia,https://nova-uni.si/index.php/en/
"Nova univerza, Fakulteta za slovenske in mednarodne študije",Latvia,https://fsms.nova-uni.si/
Visoka šola za transport in logistiko,Latvia,https://www.mynoa.com/
Univerza v Novem mestu,Latvia,https://uni-nm.si/en/
Univerzita Komenského v Bratislave,Slovakia,http://www.uniba.sk
Univerzita Pavla Jozefa Šafárika v Košiciach,Slovakia,http://www.upjs.sk
Prešovska Univerzita v Prešove,Slovakia,http://www.unipo.sk
Univerzita Sv. Cyrila A Metoda v Trnave,Slovakia,http://www.ucm.sk
Katolická Univerzita v Ružomberku,Slovakia,http://www.ku.sk
Univerzita J. Selyeho v Komárne,Slovakia,http://www.ujs.sk/en
Vysoká škola Danubius,Slovakia,http://www.vsdanubius.eu
Paneurópska vysoká škola,Slovakia,http://www.paneurouni.com/en/home/
Slovenská Zdravotnícka Univerzita v Bratislave,Slovakia,https://eszu.sk/en/home/
"Vysoká Škola Zdravotníctva A Sociálnej Práce Sv. Alžbety v Bratislave, N.O.",Slovakia,http://www.vssvalzbety.sk
Univerzita Veterinárskeho Lekárstva v Košiciach,Slovakia,http://www.uvlf.sk/en
Univerzita Konštantína Filozofa v Nitre,Slovakia,http://www.ukf.sk/en/
Univerzita Mateja Bela v Banskej Bystrici,Slovakia,http://www.umb.sk/en/
Trnavská Univerzita v Trnave,Slovakia,http://www.truni.sk/en
Slovenská Technická Univerzita v Bratislave,Slovakia,http://www.stuba.sk
Technická Univerzita v Košiciach,Slovakia,http://www.tuke.sk
Vysoká škola DTI,Slovakia,http://www.dti.sk
Žilinská Univerzita v Žiline,Slovakia,http://www.uniza.sk
Trenčianska Univerzita Alexandra Dubčeka v Trenčíne,Slovakia,http://www.tnuni.sk
Ekonomická Univerzita v Bratislave,Slovakia,http://www.euba.sk
Vysoká Škola Ekonómie A Manažmentu Verejnej Správy v Bratislave,Slovakia,http://www.vsemvs.sk
Vysoká Škola Manažmentu v Trenčíne,Slovakia,http://www.vsm.sk
Stredoeurópska Vysoká Škola v Skalici,Slovakia,http://www.sevs.sk
Vysoká Škola Medzinárodného Podnikania Ism Slovakia v Prešove,Slovakia,http://www.ismpo.sk
Slovenská Poľnohospodárska Univerzita v Nitre,Slovakia,http://www.uniag.sk
Technická Univerzita vo Zvolene,Slovakia,http://www.tuzvo.sk
Vysoká Škola Múzických Umení v Bratislave,Slovakia,http://www.vsmu.sk
Vysoká Škola Výtvarných Umení v Bratislave,Slovakia,http://www.vsvu.sk
Akadémia Umení v Banskej Bystrici,Slovakia,http://www.aku.sk
Akadémia Ozbrojených Síl Generála Milana Rastislava Štefánika V Liptovskom Mikuláši,Slovakia,http://www.aos.sk
Akadémia Policajného Zboru v Bratislave,Slovakia,http://www.akademiapz.sk
Vysoká Škola Bezpečnostného Manažérstva v Košiciach,Slovakia,http://www.vsbm.sk
Bolu Abant İzzet Baysal Üniversitesi,Turkey,http://www.ibu.edu.tr/en
Abdullah Gül Üniversitesi,Turkey,http://www.agu.edu.tr/
Adana Alparslan Türkeş Bilim ve Teknoloji Üniversitesi,Turkey,https://www.atu.edu.tr/#!/EN
Adıyaman Üniversitesi,Turkey,https://adiyaman.edu.tr/EN
Aydin Adnan Menderes Üniversitesi,Turkey,https://www.adu.edu.tr/en/
Afyon Kocatepe Üniversitesi,Turkey,https://aku.edu.tr/anasayfa/eng/index.htm
Ağrı İbrahim Çeçen Universitesi,Turkey,https://www.agri.edu.tr/default.aspx?dil=en-US
Kırşehir Ahi Evran Üniversitesi,Turkey,https://www.ahievran.edu.tr/en/
Akdeniz Üniversitesi,Turkey,https://eng.akdeniz.edu.tr
Aksaray Üniversitesi,Turkey,https://www.aksaray.edu.tr/
Amasya Üniversitesi,Turkey,https://en.amasya.edu.tr
Anadolu Üniversitesi,Turkey,https://www.anadolu.edu.tr/en
Ankara Üniversitesi,Turkey,https://en.ankara.edu.tr/
Artvin Çoruh Üniversitesi,Turkey,https://www.artvin.edu.tr/en
Ardahan Üniversitesi,Turkey,https://www.ardahan.edu.tr/
Atatürk Üniversitesi,Turkey,https://www.atauni.edu.tr/en/index
Balıkesir Üniversitesi,Turkey,https://www.balikesir.edu.tr/en
Bartın Üniversitesi,Turkey,https://en.bartin.edu.tr/
Batman Üniversitesi,Turkey,https://www.batman.edu.tr/
Bayburt Üniversitesi,Turkey,https://www.bayburt.edu.tr/en/
Bilecik Şeyh Edebali Üniversitesi,Turkey,http://bilecik.edu.tr/en/
Bingöl Üniversitesi,Turkey,http://www.bingol.edu.tr/en
Bitlis Eren Üniversitesi,Turkey,https://www.beu.edu.tr
Boğaziçi Üniversitesi,Turkey,http://www.boun.edu.tr/en-US/Index
Yozgat Bozok Üniversitesi,Turkey,http://bozok.edu.tr/
Bursa Teknik Üniversitesi,Turkey,http://international.btu.edu.tr/index.php
Zonguldak Bülent Ecevit Üniversitesi,Turkey,https://en.beun.edu.tr
Manisa Celal Bayar Üniversitesi,Turkey,http://en.cbu.edu.tr/
Sivas Cumhuriyet Üniversitesi,Turkey,http://www.cumhuriyet.edu.tr/en/
Çanakkale Onsekiz Mart Üniversitesi,Turkey,https://global.comu.edu.tr/
Çankırı Karatekin Üniversitesi,Turkey,https://international.karatekin.edu.tr/en
Çukurova Üniversitesi,Turkey,https://www.cu.edu.tr/
Dicle Üniversitesi,Turkey,http://www.dicle.edu.tr/default.aspx
Dokuz Eylül Üniversitesi,Turkey,https://www.deu.edu.tr/en/
Kütahya Dumlupınar  Üniversitesi,Turkey,http://www.dumlupinar.edu.tr/
Düzce Üniversitesi,Turkey,https://duzce.edu.tr
Ege Üniversitesi,Turkey,https://ege.edu.tr/eng-0/Homepage.html
Erciyes Üniversitesi,Turkey,https://www.erciyes.edu.tr
Erzincan Binali Yıldırım Üniversitesi,Turkey,http://www.ebyu.edu.tr/en/
Erzurum Teknik Üniversitesi,Turkey,https://www.erzurum.edu.tr/
Eskişehir Osmangazi Üniversitesi,Turkey,https://www.ogu.edu.tr/en
Fırat Üniversitesi,Turkey,http://www.firat.edu.tr/en
Galatasaray Üniversitesi,Turkey,https://www.gsu.edu.tr/en/
Gazi Üniversitesi,Turkey,http://gazi.edu.tr/?language=en_US
Gaziantep Üniversitesi,Turkey,https://www.gantep.edu.tr/en/
Tokat Gaziosmanpaşa Üniversitesi,Turkey,http://www.gop.edu.tr
Gebze Teknik Üniversitesi,Turkey,http://www.gtu.edu.tr/
Giresun Üniversitesi,Turkey,https://www.giresun.edu.tr/
Gümüşhane Üniversitesi,Turkey,http://www.gumushane.edu.tr/?lang=en-us
Hacettepe Üniversitesi,Turkey,https://www.hacettepe.edu.tr/english/
Hakkari Üniversitesi,Turkey,https://www.hakkari.edu.tr/
Harran Üniversitesi,Turkey,https://www.harran.edu.tr/default.aspx
Hitit Üniversitesi,Turkey,http://www.hitit.edu.tr/en/
Iğdır Üniversitesi,Turkey,http://www.igdir.edu.tr/home
İstanbul Medeniyet Üniversitesi,Turkey,https://www.medeniyet.edu.tr/en
Inönü Üniversitesi,Turkey,http://inonu.edu.tr/en/
İstanbul Üniversitesi,Turkey,http://www.istanbul.edu.tr/en/_
İstanbul Teknik Üniversitesi,Turkey,http://global.itu.edu.tr/
İzmir Kâtip Çelebi Üniversitesi,Turkey,https://biyomut2016.ikcu.edu.tr
İzmir Yüksek Teknoloji Enstitüsü,Turkey,http://en.iyte.edu.tr/
Kafkas Üniversitesi,Turkey,https://www.kafkas.edu.tr/kau/en
Kahramanmaraş Sütçü İmam Üniversitesi,Turkey,http://www.ksu.edu.tr/
Karabük Üniversitesi,Turkey,https://www.karabuk.edu.tr/en/
Karamanoğlu Mehmetbey Üniversitesi,Turkey,http://www.kmu.edu.tr/en/
Karadeniz Teknik Üniversitesi,Turkey,http://www.ktu.edu.tr/en
Kastamonu Üniversitesi,Turkey,https://www.kastamonu.edu.tr/index.php/en/
Kırıkkale Üniversitesi,Turkey,https://kku.edu.tr/Anasayfa
Kırklareli Üniversitesi,Turkey,http://www.klu.edu.tr/dil/en
Kilis 7 Aralık Üniversitesi,Turkey,http://www.kilis.edu.tr/en/index.php
Kocaeli Üniversitesi,Turkey,http://www.kocaeli.edu.tr/int/index.php
Mardin Artuklu Üniversitesi,Turkey,http://www.artuklu.edu.tr/en
Marmara Üniversitesi,Turkey,https://www.marmara.edu.tr/en/
Burdur Mehmet Akif Ersoy Üniversitesi,Turkey,https://www.mehmetakif.edu.tr/
Mersin Üniversitesi,Turkey,https://www.mersin.edu.tr
Mimar Sinan Güzel Sanatlar Üniversitesi,Turkey,http://www.msgsu.edu.tr/
Muğla Sıtkı Koçman Üniversitesi,Turkey,http://mu.edu.tr/en
Hatay Mustafa Kemal Üniversitesi,Turkey,http://www.mku.edu.tr/default.aspx
Muş Alparslan Üniversitesi,Turkey,http://www.alparslan.edu.tr/
Tekirdağ Namık Kemal Üniversitesi,Turkey,http://www.nku.edu.tr/
Necmettin Erbakan Üniversitesi,Turkey,https://www.erbakan.edu.tr/en/
Nevşehir Hacı Bektaş Veli Üniversitesi,Turkey,https://www.nevsehir.edu.tr/en
Niğde Ömer Halisdemir Üniversitesi,Turkey,http://www.ohu.edu.tr/
Ondokuz Mayıs Üniversitesi,Turkey,http://www.omu.edu.tr/en
Ordu Üniversitesi,Turkey,https://www.odu.edu.tr
Orta Doğu Teknik Üniversitesi,Turkey,https://www.metu.edu.tr/
Osmaniye Korkut Ata Üniversitesi,Turkey,http://osmaniye.edu.tr/EN/
Pamukkale Üniversitesi,Turkey,http://www.pau.edu.tr/pau/en
Recep Tayyip Erdoğan Üniversitesi,Turkey,https://www.erdogan.edu.tr/Website/Default.aspx?LangID=2
Sakarya Üniversitesi,Turkey,http://www.sakarya.edu.tr/en
Selçuk Üniversitesi,Turkey,http://www.selcuk.edu.tr/
Siirt Üniversitesi,Turkey,http://www.siirt.edu.tr/
Sinop Üniversitesi,Turkey,https://www.sinop.edu.tr/Homepage
Süleyman Demirel Üniversitesi,Turkey,https://w3.sdu.edu.tr/international
Şırnak Üniversitesi,Turkey,https://sirnak.edu.tr/tr
Trakya Üniversitesi,Turkey,https://www-en.trakya.edu.tr/
Munzur Üniversitesi,Turkey,https://www.munzur.edu.tr/Default_en.aspx
Türk-Alman Üniversitesi,Turkey,https://www.tau.edu.tr
Bursa Uludağ Üniversitesi,Turkey,http://english.uludag.edu.tr/
Uşak Üniversitesi,Turkey,https://www.usak.edu.tr/Home/Index/Ingilizce
Yalova Üniversitesi,Turkey,http://www.yalova.edu.tr/en
Ankara Yıldırım Beyazıt Üniversitesi,Turkey,https://aybu.edu.tr
Yıldız Teknik Üniversitesi,Turkey,http://www.yildiz.edu.tr/en/
Van Yüzüncü Yıl Üniversitesi,Turkey,https://www.yyu.edu.tr/
Acıbadem Mehmet Ali Aydınlar Üniversitesi,Turkey,https://www.acibadem.edu.tr/en
Alanya Hamdullah Emin Paşa Üniversitesi,Turkey,http://www.ahep.edu.tr/en
İpek Üniversitesi,Turkey,http://www.ipek.edu.tr
Atılım Üniversitesi,Turkey,https://www.atilim.edu.tr/en
Avrasya Üniversitesi,Turkey,https://www.avrasya.edu.tr/
Bahçeşehir Üniversitesi,Turkey,https://bau.edu.tr/
Başkent Üniversitesi,Turkey,https://www.baskent.edu.tr/english/
Beykent Üniversitesi,Turkey,https://www.beykent.edu.tr/
Bezmiâlem Vakıf Üniversitesi,Turkey,http://bezmialem.edu.tr
Canik Başarı Üniversitesi,Turkey,http://www.basari.edu.tr/
Çağ Üniversitesi,Turkey,https://www.cag.edu.tr/en
Çankaya Üniversitesi,Turkey,http://www.cankaya.edu.tr/index_en.php
Doğuş Üniversitesi,Turkey,https://www.dogus.edu.tr/
Fatih Sultan Mehmet Vakıf Üniversitesi,Turkey,http://www.fatihsultan.edu.tr///Anasayfa
Fatih Üniversitesi,Turkey,http://www.fatih.edu.tr/
İstanbul Gedik Üniversitesi,Turkey,https://www.gedik.edu.tr/en/
Gediz Üniversitesi,Turkey,http://www.gediz.edu.tr/
Haliç Üniversitesi,Turkey,http://halic.edu.tr/en
Hasan Kalyoncu Üniversitesi,Turkey,https://www.hku.edu.tr/eng/
Işık Üniversitesi,Turkey,http://www.isikun.edu.tr/en
İhsan Doğramacı Bilkent Üniversitesi,Turkey,https://w3.bilkent.edu.tr/bilkent/
İstanbul 29 Mayıs Üniversitesi,Turkey,https://english.29mayis.edu.tr/
İstanbul Arel Üniversitesi,Turkey,https://www.istanbularel.edu.tr
İstanbul Aydın Üniversitesi,Turkey,https://www.aydin.edu.tr/en-us/Pages/default.aspx
İstanbul Bilgi Üniversitesi,Turkey,https://www.bilgi.edu.tr/en/
Demiroğlu Bilim Üniversitesi,Turkey,https://demiroglu.bilim.edu.tr
İstanbul Gelişim Üniversitesi,Turkey,https://www.gelisim.edu.tr/tr/gelisim-anasayfa
Altınbaş Üniversitesi,Turkey,https://www.altinbas.edu.tr
İstanbul Kültür Üniversitesi,Turkey,https://uib.iku.edu.tr/en
İstanbul Medipol Üniversitesi,Turkey,https://www.medipol.edu.tr
İstanbul Sabahattin Zaim Üniversitesi,Turkey,https://www.izu.edu.tr/en/home-page
İstanbul Şehir Üniversitesi,Turkey,http://www.sehir.edu.tr
İstanbul Ticaret Üniversitesi,Turkey,https://www.ticaret.edu.tr/
İzmir Ekonomi Üniversitesi,Turkey,https://www.ieu.edu.tr/en
İzmir Üniversitesi,Turkey,http://www.izmir.edu.tr
Kadir Has Üniversitesi,Turkey,https://www.khas.edu.tr
Koç Üniversitesi,Turkey,https://www.ku.edu.tr/en/
KTO Karatay Üniversitesi,Turkey,https://www.karatay.edu.tr/
Maltepe Üniversitesi,Turkey,https://www.maltepe.edu.tr/en
Melikşah Üniversitesi,Turkey,http://www.meliksah.edu.tr/
Mevlana Üniversitesi,Turkey,http://www.mevlana.edu.tr/
Nişantaşı Üniversitesi,Turkey,https://www.nisantasi.edu.tr
Nuh Naci Yazgan Üniversitesi,Turkey,https://www.nny.edu.tr/#
İstanbul Okan Üniversitesi,Turkey,https://www.okan.edu.tr/en/
Özyeğin Üniversitesi,Turkey,https://www.ozyegin.edu.tr/en
Piri Reis Üniversitesi,Turkey,https://www.pirireis.edu.tr
Sabancı Üniversitesi,Turkey,https://www.sabanciuniv.edu/en
Süleyman Şah Üniversitesi,Turkey,http://www.ssu.edu.tr
Şifa Üniversitesi,Turkey,http://www.sifa.edu.tr
TED Üniversitesi,Turkey,https://www.tedu.edu.tr/en
TOBB Ekonomi ve Teknoloji Üniversitesi,Turkey,https://www.etu.edu.tr/en/bolum/economics
Toros Üniversitesi,Turkey,https://www.toros.edu.tr/
Turgut Özal Üniversitesi,Turkey,https://ozal.edu.tr
Türk Hava Kurumu Üniversitesi,Turkey,https://www.thk.edu.tr
Ufuk Üniversitesi,Turkey,https://www.ufuk.edu.tr/
Antalya Bilim Üniversitesi,Turkey,https://antalya.edu.tr/en
Üsküdar Üniversitesi,Turkey,https://uskudar.edu.tr/en
Yaşar Üniversitesi,Turkey,https://www.yasar.edu.tr/en/
Yeditepe Üniversitesi,Turkey,https://www.yeditepe.edu.tr/en
İstanbul Yeni Yüzyıl Üniversitesi,Turkey,http://www.yeniyuzyil.edu.tr/
Zirve Üniversitesi,Turkey,http://www.zirve.edu.tr/
Avrupa Meslek Yüksekokulu,Turkey,https://kocaelisaglik.edu.tr/avrupamyo/en/home/
Beykoz Üniversitesi,Turkey,https://www.beykoz.edu.tr/
İstanbul Sağlık ve Sosyal Bilimler Yüksekokulu,Turkey,https://www.issb.edu.tr
İzmir Kavram Meslek Yüksekokulu,Turkey,https://www.kavram.edu.tr/anasayfa
Kapadokya Üniversitesi,Turkey,https://kapadokya.edu.tr
İstanbul Topkapı Üniversitesi,Turkey,https://www.ayvansaray.edu.tr/en-US
Hava Harp Okulu,Turkey,https://hho.msu.edu.tr/
Hava Astsubay Meslek Yüksek Okulu,Turkey,https://hamyo.msu.edu.tr/EN/Default.aspx
Kara Harp Okulu,Turkey,http://www.kho.edu.tr/eng_mainpage.html
Deniz Harp Okulu,Turkey,http://www.dho.edu.tr/index_en.html#main_slider/3
Polis Akademisi,Turkey,https://www.pa.edu.tr/
MEF Üniversitesi,Turkey,http://www.mef.edu.tr/en
Istanbul Şişli Meslek Yüksekokulu,Turkey,https://www.sisli.edu.tr/
Murat Hüdavendigar Üniversitesi,Turkey,http://mhu.edu.tr/
Ataşehir Adıgüzel Meslek Yüksekokulu,Turkey,https://www.adiguzel.edu.tr/
Ankara Sosyal Bilimler Üniversitesi,Turkey,https://www.asbu.edu.tr/en
İstanbul Esenyurt Üniversitesi,Turkey,https://www.esenyurt.edu.tr/
Sanko Üniversitesi,Turkey,http://www.sanko.edu.tr/en/
Kanuni Üniversitesi,Turkey,http://kanuni.edu.tr/
Konya Gıda Ve Tarım Üniversitesi,Turkey,http://www.gidatarim.edu.tr/en
Yüksek İhtisas Üniversitesi,Turkey,https://yuksekihtisasuniversitesi.edu.tr/index
Biruni Üniversitesi,Turkey,https://www.biruni.edu.tr/en/
Bandırma Onyedi Eylül Üniversitesi,Turkey,https://studyin.bandirma.edu.tr/en
İskenderun Teknik Üniversitesi,Turkey,https://iste.edu.tr/en
Alanya Alaaddin Keykubat Üniversitesi,Turkey,https://www.alanya.edu.tr/en
İstanbul Rumeli Üniversitesi,Turkey,https://rumeli.edu.tr/
İstinye Üniversitesi,Turkey,https://www.istinye.edu.tr/en
Sağlık Bilimleri Üniversitesi,Turkey,https://sbu.edu.tr/
İzmir Bakırçay Üniversitesi,Turkey,https://bakircay.edu.tr/
Milli Savunma Üniversitesi,Turkey,https://msu.edu.tr/eng/default
Kütahya Sağlık Bilimleri Üniversitesi,Turkey,https://ksbu.edu.tr/Website/Contents.aspx?PageID=1743&LangID=1
İzmir Demokrasi Üniversitesi,Turkey,http://www.idu.edu.tr/
İstanbul Kent Üniversitesi,Turkey,https://www.kent.edu.tr/EN
Afyonkarahisar Sağlık Bilimleri Üniversitesi,Turkey,http://afsu.edu.tr/
Ankara Bilim Üniversitesi,Turkey,https://ankarabilim.edu.tr/
Ankara Hacı Bayram Veli Üniversitesi,Turkey,https://hacibayram.edu.tr
Ankara Medipol Üniversitesi,Turkey,https://ankaramedipol.edu.tr/
Ankara Müzik ve Güzel Sanatlar Üniversitesi,Turkey,http://www.mgu.edu.tr
Antalya Akev Üniversitesi,Turkey,https://www.akev.edu.tr/
Eskişehir Teknik Üniversitesi,Turkey,https://www.eskisehir.edu.tr/
Fenerbahçe Üniversitesi,Turkey,https://www.fbu.edu.tr/
Gaziantep İslam Bilim ve Teknoloji Üniversitesi,Turkey,http://www.gibtu.edu.tr/
İbn Haldun Üniversitesi,Turkey,https://www.ihu.edu.tr/en/
Isparta Uygulamalı Bilimler Üniversitesi,Turkey,https://isparta.edu.tr/
İstanbul Atlas Üniversitesi,Turkey,https://www.atlas.edu.tr/tr/
İstanbul Galata Üniversitesi,Turkey,https://www.galata.edu.tr/
İstanbul Sağlık ve Teknoloji Üniversitesi,Turkey,https://www.istun.edu.tr/
İstanbul Üniversitesi-Cerrahpaşa,Turkey,https://istanbulc.edu.tr
İzmir Tınaztepe Üniversitesi,Turkey,https://www.tinaztepe.edu.tr/
Kahramanmaraş İstiklal Üniversitesi,Turkey,https://www.istiklal.edu.tr/gs
Kayseri Üniversitesi,Turkey,http://www.kayseri.edu.tr
Kocaeli Sağlık ve Teknoloji Üniversitesi,Turkey,https://kocaelisaglik.edu.tr/
Konya Teknik Üniversitesi,Turkey,http://www.ktun.edu.tr/
Lokman Hekim Üniversitesi,Turkey,https://www.lokmanhekim.edu.tr/
Malatya Turgut Özal Üniversitesi,Turkey,https://ozal.edu.tr/
Ostim Teknik Üniversitesi,Turkey,https://www.ostimteknik.edu.tr/
Sakarya Uygulamalı Bilimler Üniversitesi,Turkey,https://www.subu.edu.tr/tr
Samsun Üniversitesi,Turkey,https://samsun.edu.tr/
Sivas Bilim ve Teknoloji Üniversitesi,Turkey,http://www.sivas.edu.tr/
Tarsus Üniversitesi,Turkey,https://www.tarsus.edu.tr/Website/Default.aspx
Trabzon Üniversitesi,Turkey,http://www.trabzon.edu.tr/
Jandarma ve Sahil Güvenlik Akademisi,Turkey,http://en.jsga.edu.tr/
Mudanya Üniversitesi,Turkey,https://mudanya.edu.tr/
Anglia Ruskin University,United Kingdom,http://www.anglia.ac.uk
Aston University,United Kingdom,http://www.aston.ac.uk
Bath Spa University,United Kingdom,http://www.bathspa.ac.uk/
The University of Bath,United Kingdom,http://www.bath.ac.uk/
University of Bedfordshire,United Kingdom,http://www.beds.ac.uk/
"Birkbeck, University of London",United Kingdom,http://www.bbk.ac.uk/
Birmingham City University,United Kingdom,http://www.bcu.ac.uk/
University of Birmingham,United Kingdom,https://www.birmingham.ac.uk/index.aspx
University College Birmingham,United Kingdom,http://www.ucb.ac.uk/
Bishop Grosseteste University,United Kingdom,http://www.bishopg.ac.uk/
The University of Bolton,United Kingdom,http://www.bolton.ac.uk/
The Arts University Bournemouth,United Kingdom,http://www.aub.ac.uk/
Bournemouth University,United Kingdom,https://www1.bournemouth.ac.uk/
The University of Bradford,United Kingdom,http://www.brad.ac.uk/
The University of Brighton,United Kingdom,http://www.brighton.ac.uk/index.aspx
The University of Bristol,United Kingdom,http://www.bristol.ac.uk/
Brunel University London,United Kingdom,http://www.brunel.ac.uk/
Buckinghamshire New University,United Kingdom,http://bucks.ac.uk/
The University of Buckingham,United Kingdom,http://www.buckingham.ac.uk/
The University of Cambridge,United Kingdom,http://www.cam.ac.uk/
The Institute of Cancer Research,United Kingdom,http://www.icr.ac.uk/
Canterbury Christ Church University,United Kingdom,http://www.canterbury.ac.uk/
University of Central Lancashire,United Kingdom,http://www.uclan.ac.uk
Royal Central School of Speech & Drama,United Kingdom,http://www.cssd.ac.uk
University of Chester,United Kingdom,http://www.chester.ac.uk/
The University of Chichester,United Kingdom,https://www.chi.ac.uk
"City, University of London",United Kingdom,http://www.city.ac.uk
Courtauld Institute of Art,United Kingdom,http://www.courtauld.ac.uk
Coventry University,United Kingdom,http://www.coventry.ac.uk/
Cranfield University,United Kingdom,http://www.cranfield.ac.uk/
University for the Creative Arts,United Kingdom,https://www.uca.ac.uk/
University of Cumbria,United Kingdom,http://www.cumbria.ac.uk/
De Montfort University,United Kingdom,http://www.dmu.ac.uk/
University of Derby,United Kingdom,http://www.derby.ac.uk/
University of Durham,United Kingdom,http://www.dur.ac.uk/
University of East Anglia,United Kingdom,http://www.uea.ac.uk/
University of East London,United Kingdom,http://www.uel.ac.uk/
Edge Hill University,United Kingdom,http://www.edgehill.ac.uk
The University of Essex,United Kingdom,http://www.essex.ac.uk/
The University of Exeter,United Kingdom,http://www.exeter.ac.uk/
Falmouth University,United Kingdom,http://www.falmouth.ac.uk/
University of Gloucestershire,United Kingdom,http://www.glos.ac.uk
"Goldsmiths, University of London",United Kingdom,http://www.gold.ac.uk
The University of Greenwich,United Kingdom,http://www.gre.ac.uk/
Harper Adams University,United Kingdom,http://www.harper-adams.ac.uk/
University of Hertfordshire,United Kingdom,http://www.herts.ac.uk/
Heythrop College,United Kingdom,http://www.heythrop.ac.uk/
The University of Huddersfield,United Kingdom,http://www.hud.ac.uk/
The University of Hull,United Kingdom,https://www.hull.ac.uk/index.aspx
Imperial College London,United Kingdom,https://www.imperial.ac.uk/
Institute of Education,United Kingdom,http://www.ioe.ac.uk
Keele University,United Kingdom,http://www.keele.ac.uk/
The University of Kent,United Kingdom,http://www.kent.ac.uk/
King's College London,United Kingdom,http://www.kcl.ac.uk/
Kingston University,United Kingdom,http://www.kingston.ac.uk/
The University of Lancaster,United Kingdom,http://www.lancaster.ac.uk/
Leeds Beckett University,United Kingdom,http://www.leedsbeckett.ac.uk
The University of Leeds,United Kingdom,http://www.leeds.ac.uk/
Leeds Trinity University,United Kingdom,http://www.leedstrinity.ac.uk/
The University of Leicester,United Kingdom,https://le.ac.uk/
The University of Lincoln,United Kingdom,http://www.lincoln.ac.uk
Liverpool Hope University,United Kingdom,http://www.hope.ac.uk
Liverpool John Moores University,United Kingdom,http://www.ljmu.ac.uk/
The University of Liverpool,United Kingdom,https://www.liverpool.ac.uk/
University of the Arts London,United Kingdom,http://www.arts.ac.uk/
London Business School,United Kingdom,http://www.london.edu/
London Metropolitan University,United Kingdom,http://www.londonmet.ac.uk/
London South Bank University,United Kingdom,http://www.lsbu.ac.uk/
London School of Economics and Political Science,United Kingdom,http://www.lse.ac.uk
London School of Hygiene and Tropical Medicine,United Kingdom,http://www.lshtm.ac.uk/
Loughborough University,United Kingdom,http://www.lboro.ac.uk/
Manchester Metropolitan University,United Kingdom,https://www2.mmu.ac.uk/
The University of Manchester,United Kingdom,http://www.manchester.ac.uk/
Middlesex University,United Kingdom,http://www.mdx.ac.uk/
Newcastle University,United Kingdom,http://www.ncl.ac.uk/
Newman University,United Kingdom,http://www.newman.ac.uk/
The University of Northampton,United Kingdom,http://www.northampton.ac.uk/
Northumbria University,United Kingdom,http://www.northumbria.ac.uk/
Norwich University of the Arts,United Kingdom,http://www.nua.ac.uk
University of Nottingham,United Kingdom,http://www.nottingham.ac.uk/
Nottingham Trent University,United Kingdom,http://www.ntu.ac.uk/
The Open University,United Kingdom,http://www.open.ac.uk/
Oxford Brookes University,United Kingdom,http://www.brookes.ac.uk
The University of Oxford,United Kingdom,http://www.ox.ac.uk/
University of St Mark and St John,United Kingdom,http://www.marjon.ac.uk/
University of Plymouth,United Kingdom,http://www.plymouth.ac.uk/
The University of Portsmouth,United Kingdom,http://www.port.ac.uk/
Queen Mary University of London,United Kingdom,http://www.qmul.ac.uk/
The University of Reading,United Kingdom,http://www.reading.ac.uk/
Roehampton University,United Kingdom,http://www.roehampton.ac.uk/
Royal Academy of Music,United Kingdom,http://www.ram.ac.uk/
Royal Agricultural University,United Kingdom,http://www.rau.ac.uk/
Royal College of Art,United Kingdom,http://www.rca.ac.uk/
Royal College of Music,United Kingdom,http://www.rcm.ac.uk/
"Royal Holloway, University of London",United Kingdom,http://www.rhul.ac.uk/
Royal Northern College of Music,United Kingdom,http://www.rncm.ac.uk/
Royal Veterinary College,United Kingdom,http://www.rvc.ac.uk
"St George's, University of London",United Kingdom,http://www.sgul.ac.uk/
"St Mary's University, Twickenham",United Kingdom,http://www.smuc.ac.uk/
The University of Salford,United Kingdom,http://www.salford.ac.uk/
"SOAS, University of London",United Kingdom,http://www.soas.ac.uk/
UCL School of Pharmacy,United Kingdom,https://www.ucl.ac.uk/pharmacy/ucl-school-pharmacy
Sheffield Hallam University,United Kingdom,http://www.shu.ac.uk/
The University of Sheffield,United Kingdom,https://www.sheffield.ac.uk/
Solent University,United Kingdom,http://www.solent.ac.uk/
The University of Southampton,United Kingdom,http://www.soton.ac.uk/
Staffordshire University,United Kingdom,http://www.staffs.ac.uk/
The University of Sunderland,United Kingdom,http://www.sunderland.ac.uk/
The University of Surrey,United Kingdom,https://www.surrey.ac.uk/
The University of Sussex,United Kingdom,http://www.sussex.ac.uk/
Teesside University,United Kingdom,http://www.tees.ac.uk/
The University of West London,United Kingdom,http://www.uwl.ac.uk
University College London,United Kingdom,http://www.ucl.ac.uk
The University of Warwick,United Kingdom,https://warwick.ac.uk/
"University of the West of England, Bristol",United Kingdom,http://www.uwe.ac.uk/
The University of Westminster,United Kingdom,http://www.westminster.ac.uk/
The University of Winchester,United Kingdom,http://www.winchester.ac.uk/
The University of Wolverhampton,United Kingdom,http://www.wlv.ac.uk/
University of Worcester,United Kingdom,http://www.worcester.ac.uk/
York St John University,United Kingdom,https://www.yorksj.ac.uk/
The University of York,United Kingdom,http://www.york.ac.uk/
Aberystwyth University,United Kingdom,http://www.aber.ac.uk/
Bangor University,United Kingdom,http://www.bangor.ac.uk/
Cardiff University,United Kingdom,http://www.cardiff.ac.uk
Cardiff Metropolitan University,United Kingdom,http://www.cardiffmet.ac.uk
University of Glamorgan,United Kingdom,http://www.glam.ac.uk/
Glyndwr University,United Kingdom,http://www.glyndwr.ac.uk/
"The University of Wales, Newport",United Kingdom,https://www.southwales.ac.uk/about/location/welcome-to-newport-campus/
Swansea University,United Kingdom,http://www.swan.ac.uk/
The University of Aberdeen,United Kingdom,http://www.abdn.ac.uk/
Abertay University,United Kingdom,http://www.abertay.ac.uk/
The University of Dundee,United Kingdom,http://www.dundee.ac.uk/
The University of Edinburgh,United Kingdom,https://www.ed.ac.uk/
Glasgow Caledonian University,United Kingdom,https://www.gcu.ac.uk/
The University of Glasgow,United Kingdom,http://www.gla.ac.uk/
Heriot-Watt University,United Kingdom,https://www.hw.ac.uk/
Edinburgh Napier University,United Kingdom,http://www.napier.ac.uk/
Queen Margaret University,United Kingdom,http://www.qmu.ac.uk/
The Robert Gordon University,United Kingdom,http://www.rgu.ac.uk/
Royal Conservatoire of Scotland,United Kingdom,https://www.rcs.ac.uk/
The University of St Andrews,United Kingdom,http://www.st-andrews.ac.uk/
The University of Stirling,United Kingdom,https://www.stir.ac.uk/
The University of Strathclyde,United Kingdom,http://www.strath.ac.uk/
University of the Highlands and Islands,United Kingdom,https://www.uhi.ac.uk/en/
The University of the West of Scotland,United Kingdom,http://www.uws.ac.uk
The Queen's University of Belfast,United Kingdom,http://www.qub.ac.uk/
University of Ulster,United Kingdom,http://www.ulster.ac.uk/
Guildhall School of Music and Drama,United Kingdom,http://www.gsmd.ac.uk/
Leeds Arts University,United Kingdom,http://www.leeds-art.ac.uk
Trinity Laban Conservatoire of Music and Dance,United Kingdom,http://www.trinitylaban.ac.uk
University of Wales Trinity Saint David,United Kingdom,http://www.uwtsd.ac.uk
Liverpool School of Tropical Medicine,United Kingdom,http://www.lstmed.ac.uk
University of South Wales,United Kingdom,http://www.southwales.ac.uk
Conservatoire for Dance and Drama,United Kingdom,http://www.cdd.ac.uk/
The Liverpool Institute for Performing Arts,United Kingdom,https://www.lipa.ac.uk/
Ravensbourne University London,United Kingdom,http://www.ravensbourne.ac.uk/
Rose Bruford College of Theatre & Performance,United Kingdom,https://www.bruford.ac.uk
University of Suffolk,United Kingdom,https://www.uos.ac.uk
Writtle University College,United Kingdom,http://writtle.ac.uk/
Glasgow School of Art,United Kingdom,http://www.gsa.ac.uk/
Scotland’s Rural College – SRUC,United Kingdom,https://www.sruc.ac.uk
St Mary's University College,United Kingdom,https://www.stmarys-belfast.ac.uk
Stranmillis University College,United Kingdom,http://www.stran.ac.uk/
The National Film and Television School,United Kingdom,https://nfts.co.uk
Arts University Plymouth,United Kingdom,https://www.plymouthart.ac.uk/
AA School of Architecture,United Kingdom,https://www.aaschool.ac.uk/
ABI College Limited,United Kingdom,https://www.abicollege.ac.uk/
Access to Music Limited,United Kingdom,http://www.accesscreative.ac.uk/
Academy of Live and Recorded Arts,United Kingdom,https://alra.co.uk/
Apex College London,United Kingdom,http://apexcollege.co.uk/
Arden University,United Kingdom,https://arden.ac.uk/
Arts Educational Schools,United Kingdom,https://artsed.co.uk/
BIMM University Limited,United Kingdom,https://www.bimm.co.uk/
Bristol Baptist College,United Kingdom,https://www.bristol-baptist.ac.uk/
BPP University,United Kingdom,https://www.bpp.com/
Brit College,United Kingdom,http://britcollege.org.uk/
Trinity College Bristol,United Kingdom,https://www.trinitycollegebristol.ac.uk/
UK College of Business and Computing,United Kingdom,http://www.ukcbc.ac.uk/
London College of Business Studies,United Kingdom,https://lcbs.co.uk
Cambridge Arts and Sciences Limited,United Kingdom,https://www.catscambridge.com
The Cambridge Theological Federation,United Kingdom,https://www.theofed.cam.ac.uk/
Chicken Shed Theatre Company,United Kingdom,https://www.chickenshed.org.uk/
The College of Integrated Chinese Medicine,United Kingdom,http://www.acupuncturecollege.org.uk/
Christie's Education Limited,United Kingdom,https://education.christies.com
The City College,United Kingdom,https://citycollege.ac.uk/
Cliff College,United Kingdom,https://www.cliffcollege.ac.uk/
The Academy of Contemporary Music,United Kingdom,https://www.acm.ac.uk/
Court Theatre Training Company Ltd,United Kingdom,http://courttheatre.org.uk/
The Queen's Foundation for Ecumenical Theological Education,United Kingdom,http://www.queens.ac.uk/
Empire College London Limited,United Kingdom,https://web.empirecollege.london/
East End Computing and Business College Limited,United Kingdom,http://www.eastendcbc.co.uk/
University College of Estate Management,United Kingdom,https://www.ucem.ac.uk/
EThames Graduate School Limited,United Kingdom,https://www.etgs.org.uk/
Fairfield School of Business Ltd,United Kingdom,https://fsb.ac.uk/
Met Film School Limited,United Kingdom,https://www.metfilmschool.ac.uk/
ForMission Ltd,United Kingdom,https://formission.org.uk/
Futureworks,United Kingdom,https://futureworks.ac.uk/
Grafton College,United Kingdom,http://www.graftoncollege.com/
GSM London,United Kingdom,https://www.gsmlondon.ac.uk/
ICON College of Technology and Management,United Kingdom,https://www.iconcollege.ac.uk/
Institute of Contemporary Music Performance,United Kingdom,https://www.icmp.ac.uk/
The Islamic College,United Kingdom,https://www.islamic-college.ac.uk/
Kaplan Open Learning,United Kingdom,https://www.kaplanpathways.com/about/our-mission/kaplan-open-learning/
Kensington College of Business,United Kingdom,https://www.kcb.ac.uk
KLC School of Design,United Kingdom,https://www.klc.co.uk/
Kogan Academy of Dramatic Arts,United Kingdom,http://www.scienceofacting.com/
London School of Business and Finance (UK) Limited,United Kingdom,https://www.lsbf.org.uk/
London Bridge Business Academy,United Kingdom,https://lbbaglobal.com
Bloomsbury Institute,United Kingdom,https://www.bil.ac.uk/
London Churchill College Ltd,United Kingdom,https://londonchurchillcollege.co.uk/
City of London College,United Kingdom,https://www.clc-london.ac.uk/
City and Guilds of London Art School,United Kingdom,https://www.cityandguildsartschool.ac.uk/
London College of Contemporary Music (LCCM),United Kingdom,https://lccm.org.uk/
The London College UCK,United Kingdom,http://www.lcuck.ac.uk/
London School of Academics Ltd,United Kingdom,http://www.londonschoolofacademics.com/
London School of Management Education,United Kingdom,https://lsme.ac.uk/
London School of Theology,United Kingdom,https://lst.ac.uk
Stratford College London Limited,United Kingdom,https://sclondon.ac.uk/
London Studio Centre,United Kingdom,http://www.londonstudiocentre.org/
The London Institute of Banking and Finance,United Kingdom,https://www.libf.ac.uk/
Luther King House Educational Trust,United Kingdom,https://lutherkinghouse.org.uk/
Istituto Marangoni Limited,United Kingdom,https://www.istitutomarangoni.com/en
The Markfield Institute of Higher Education,United Kingdom,https://www.mihe.ac.uk/
Matrix College of Counselling and Psychotherapy Ltd,United Kingdom,http://www.matrix-training.org/
Mattersey Hall,United Kingdom,https://www.greenpastures.co.uk/mattersey-hall
St Mellitus College,United Kingdom,https://www.stmellitus.ac.uk/
The Metanoia Institute,United Kingdom,http://www.metanoia.ac.uk/
Millennium Performing Arts Ltd,United Kingdom,http://www.mpacollege.co.uk/
Mountview Academy of Theatre Arts,United Kingdom,https://www.mountview.org.uk/
Mont Rose College of Management and Sciences,United Kingdom,https://mrcollege.ac.uk/
Moorlands College,United Kingdom,https://www.moorlands.ac.uk/
All Nations Christian College,United Kingdom,https://www.allnations.ac.uk/
Nazarene Theological College,United Kingdom,https://nazarene.ac.uk/
Nelson College London Ltd,United Kingdom,https://nelsoncollege.ac.uk/
New College of the Humanities,United Kingdom,https://www.nchlondon.ac.uk/
St Nicholas Montessori Training Limited,United Kingdom,https://www.montessori.org.uk/
Norland College,United Kingdom,https://www.norland.ac.uk/
Nova College of Accounting and Business Ltd,United Kingdom,http://www.novacollege.org.uk/
Northern College of Acupuncture,United Kingdom,https://nca.ac.uk/
Oak Hill College,United Kingdom,http://www.oakhill.ac.uk/
Open College of the Arts,United Kingdom,https://www.oca.ac.uk/
International College of Oriental Medicine limited,United Kingdom,https://orientalmed.ac.uk/
Oxford Business College,United Kingdom,https://www.oxfordbusinesscollege.ac.uk/
St Patrick's International College,United Kingdom,https://www.st-patricks.ac.uk/
Pearson College,United Kingdom,https://www.pearsoncollegelondon.ac.uk
Point Blank Music School,United Kingdom,https://www.pointblankmusicschool.com/
Royal Academy of Dance,United Kingdom,https://www.royalacademyofdance.org/
"Richmond, The American International University in London",United Kingdom,https://www.richmond.ac.uk/
Regent's University London,United Kingdom,https://www.regents.ac.uk/
Regents Theological College,United Kingdom,https://www.regents-tc.ac.uk/
Regent College,United Kingdom,https://www.rcl.ac.uk/
SAE Education Limited,United Kingdom,https://www.sae.edu
The Salvation Army,United Kingdom,https://www.salvationarmy.org.uk/
London School of Science and Technology Limited,United Kingdom,https://www.lsst.ac/
The Sherwood Psychotherapy Training Institute Limited,United Kingdom,http://www.spti.net/
Slough Borough Council,United Kingdom,https://www.slough.gov.uk
Spurgeon's College,United Kingdom,http://www.spurgeons.ac.uk/
Tottenham Hotspur Foundation,United Kingdom,https://www.tottenhamhotspur.com/the-club/foundation/about-us/
The University of Law,United Kingdom,https://www.law.ac.uk/
Waverley Abbey College,United Kingdom,https://www.waverleyabbeycollege.ac.uk/
West Dean College,United Kingdom,https://www.westdean.org.uk/
West London College of Business and Management Sciences Limited,United Kingdom,https://fe.wlcb.co.uk/ContactUs.asp
The University College of Osteopathy,United Kingdom,https://www.uco.ac.uk/
Ballet West,United Kingdom,https://balletwest.org
West London College,United Kingdom,https://www.wlc.ac.uk/
Grŵp Llandrillo Menai,United Kingdom,https://www.gllm.ac.uk/
LAMDA Limited,United Kingdom,https://www.lamda.ac.uk/
Northern School of Contemporary Dance,United Kingdom,https://www.nscd.ac.uk/
"The Place, London Contemporary Dance School (LCDS)",United Kingdom,https://theplace.org.uk/study
AECC University College,United Kingdom,https://www.hsu.ac.uk/
Christ the Redeemer College,United Kingdom,https://christredeemer.ac.uk/
Global Banking School Limited,United Kingdom,https://globalbanking.ac.uk/
Hartpury University,United Kingdom,https://www.hartpury.ac.uk/
College of Legal Practice Limited,United Kingdom,https://www.collegalpractice.com/
Applied Business Academy Limited,United Kingdom,https://www.aba.ac.uk/
Hult International Business School Ltd,United Kingdom,https://www.hult.edu/
ACM Guildford Limited,United Kingdom,https://www.acm.ac.uk/campus/
British Academy of Jewellery Limited,United Kingdom,https://baj.ac.uk/
The College of Health Ltd,United Kingdom,https://www.collegeofhealth.uk/
ESCP Europe Business School,United Kingdom,https://escp.eu/london
Sotheby's Institute of Art,United Kingdom,https://www.sothebysinstitute.com/
Leeds Conservatoire,United Kingdom,https://www.leedsconservatoire.ac.uk/
London Film School Limited,United Kingdom,https://lfs.org.uk/
Paris Dauphine International,United Kingdom,https://london.dauphine.psl.eu/
University Centre Peterborough,United Kingdom,https://www.ucp.ac.uk/
Pontificia Università Antonianum,Vatican,http://www.antonianum.eu
Pontificia Università della Santa Croce,Vatican,http://www.pusc.it/
Pontificia Università Gregoriana,Vatican,https://unigre.it/en/
Pontificia Università Lateranense,Vatican,https://www.pul.va/en/
Pontificia Università S. Tommaso d'Aquino Angelicum,Vatican,https://angelicum.it
Pontificia Università Urbaniana,Vatican,https://www.urbaniana.edu/Urbaniana/Default.aspx
Pontificio Ateneo Regina Apostolorum,Vatican,http://www.upra.org/
Pontificio Ateneo S. Anselmo,Vatican,https://ateneo.anselmianum.com
Pontificio Istituto Biblico,Vatican,https://www.biblico.it
Pontificio istituto orientale,Vatican,http://www.unipio.org/
Università Pontificia Salesiana,Vatican,http://www.unisal.it
"Pontificia Facoltà Teologica dell'Italia Meridionale, San Luigi",Vatican,http://www.pftim.it
Universidad Eclesiastica San Dámaso,Vatican,http://www.sandamaso.es/
Ateneo Universitario Sant Pacià,Vatican,https://www.edusantpacia.cat/ca
Universiteti i Prishtinës,Kosovo,"https://www.uni-pr.edu/page.aspx?id=2,1"
"Universiteti i Prizrenit ""Ukshin Hoti""",Kosovo,https://uni-prizren.com/en/Home
"Universiteti ""Haxhi Zeka""",Kosovo,http://unhz.eu/language/en/
Fakultetit të Studimeve Islame,Kosovo,http://www.fsi92.net/
"Universiteti i Mitrovicёs ""Isa Boletini""",Kosovo,http://umib.net/en/
Akademia e kosovës për siguri publike,Kosovo,"http://www.aksp-ks.net/?page=2,1"
"Universiteti ""Kadri Zeka""",Kosovo,https://www.uni-gjilan.net/en/
"Universiteti i Gjakovës ""Fehmi Agani""",Kosovo,https://uni-gjk.org/
Universiteti i Shkencave të Aplikuara në Ferizaj,Kosovo,https://www.ushaf.net/?lang=en
RIT Kosova Kolegji A.U.K.,Kosovo,http://kosovo.rit.edu/
Kolegji AAB,Kosovo,https://aab-edu.net/en/
Kolegji Biznesi,Kosovo,http://kolegjibiznesi.com/Default.aspx?ID=1
Kolegji Dardania,Kosovo,http://www.kolegjidardania.com/en
Kolegji ESLG,Kosovo,"http://www.eukos.org/?page=2,1"
Akademia Evolucion,Kosovo,http://www.akademiaevolucion.com/?fbclid=IwAR19zleJaR3HO_kUcysslKQ2ls_K8nA1hMBEVr7sSrErCpf5Kl58FmF17es
Kolegji Fama,Kosovo,http://eng.kolegjifama.eu/Default.aspx
Kolegji i Menaxhmentit Internacional “Globus”,Kosovo,http://www.kolegjiglobus.com/?lang=en
Kolegji Iliria,Kosovo,http://www.uiliria.org/en/index.php
Kolegji Heimerer,Kosovo,https://kolegji-heimerer.eu/
International Business College Mitrovica,Kosovo,http://www.ibcmitrovica.eu/
ISPE Kolegji,Kosovo,http://www.kolegji-ispe.org/cms/index.php/en/home
Kolegji “Pjetër Budi” në Prishtinë,Kosovo,https://pjeterbudi-edu.com/en/home-2/
Kolegji Evropian “JURIDICA”,Kosovo,http://www.kolegji-juridica.org/new_web/en/home/
Kolegji Riinvest,Kosovo,https://www.riinvest.net/en/
Universiteti i Shkencave Mjekësore “Rezonanca”,Kosovo,https://rezonanca-rks.com/en/
Kolegji Universum,Kosovo,https://universum-ks.org/en/
Kolegji i shkencave te aplikuara teknike Tempulli,Kosovo,http://www.tempulli.org/en-us/Home
Kolegji Universi,Kosovo,http://kolegjiuniversi-edu.net/
Universiteti për Biznes dhe Teknologji,Kosovo,https://www.ubt-uni.net/en/home/